group,src,dst,method,path,hop,mean_risk,max_risk,cvar80,cvar90,cvar95,re,hhi,gini,total_risk,hop_increase_pct,risk_reduction_pct,cvar90_reduction_pct
high_high,3142,1367,Hop-shortest,3142 3143 4625 1391 1392 3680 4429 3636 4787 3477 5018 3946 1368 1367,13,0.03282181803996746,0.426683634519577,0.03282181803996746,0.03282181803996746,0.426683634519577,0.03282181803996746,0.9999999999953129,0.9230769230769231,0.426683634519577,0.0,0.0,0.0
high_high,3142,1367,Mean-risk-raw,3142 3143 4625 1391 1392 3680 4429 3636 4789 3477 5018 3946 1368 1367,13,0.0,0.0,0.0,0.0,0.0,0.0,0.0,0.0,0.0,0.0,0.9999999999976564,0.9999999999695325
high_high,3142,1367,Mean-risk-floor,3142 3143 4625 1391 1392 3680 4429 3636 4789 3477 5018 3946 1368 1367,13,0.0,0.0,0.0,0.0,0.0,0.0,0.0,0.0,0.0,0.0,0.9999999999976564,0.9999999999695325
high_high,3142,1367,CVaR-risk,3142 3143 4625 3379 2386 3535 3712 4295 3566 3777 5018 3946 1368 1367,13,0.0,0.0,0.0,0.0,0.0,0.0,0.0,0.0,0.0,0.0,0.9999999999976564,0.9999999999695325
high_high,3142,1367,CVaR+Concentration,3142 3143 4625 3379 2386 3535 3712 4295 3566 3777 5018 3946 1368 1367,13,0.0,0.0,0.0,0.0,0.0,0.0,0.0,0.0,0.0,0.0,0.9999999999976564,0.9999999999695325
high_high,3414,1456,Hop-shortest,3414 4295 3703 5211 4381 1456,5,0.0,0.0,0.0,0.0,0.0,0.0,0.0,0.0,0.0,0.0,0.0,0.0
high_high,3414,1456,Mean-risk-raw,3414 4295 3566 3777 3744 4381 1456,6,0.0,0.0,0.0,0.0,0.0,0.0,0.0,0.0,0.0,0.19999999999996,0.0,0.0
high_high,3414,1456,Mean-risk-floor,3414 4295 3703 5211 4381 1456,5,0.0,0.0,0.0,0.0,0.0,0.0,0.0,0.0,0.0,0.0,0.0,0.0
high_high,3414,1456,CVaR-risk,3414 4295 3703 5211 4381 1456,5,0.0,0.0,0.0,0.0,0.0,0.0,0.0,0.0,0.0,0.0,0.0,0.0
high_high,3414,1456,CVaR+Concentration,3414 4295 3703 5211 4381 1456,5,0.0,0.0,0.0,0.0,0.0,0.0,0.0,0.0,0.0,0.0,0.0,0.0
high_high,183,858,Hop-shortest,183 3858 3900 3636 3508 3456 3643 858,7,0.06049608758517674,0.2117363065481186,0.2117363065481186,0.2117363065481186,0.2117363065481186,0.06049608758517674,0.49999999999763867,0.7142857142857144,0.4234726130962372,0.0,0.0,0.0
high_high,183,858,Mean-risk-raw,183 3858 3859 4388 4040 4081 3926 4036 3643 858,9,0.0,0.0,0.0,0.0,0.0,0.0,0.0,0.0,0.0,0.2857142857142449,0.9999999999976387,0.9999999999952771
high_high,183,858,Mean-risk-floor,183 3858 3859 4388 4040 4081 3926 4036 3643 858,9,0.0,0.0,0.0,0.0,0.0,0.0,0.0,0.0,0.0,0.2857142857142449,0.9999999999976387,0.9999999999952771
high_high,183,858,CVaR-risk,183 3858 3900 320 3857 301 3882 3456 3643 858,9,0.0,0.0,0.0,0.0,0.0,0.0,0.0,0.0,0.0,0.2857142857142449,0.9999999999976387,0.9999999999952771
high_high,183,858,CVaR+Concentration,183 3858 3900 320 3857 301 3882 3456 3643 858,9,0.0,0.0,0.0,0.0,0.0,0.0,0.0,0.0,0.0,0.2857142857142449,0.9999999999976387,0.9999999999952771
high_high,1764,1679,Hop-shortest,1764 5093 1762 3703 4295 3566 3777 5018 3477 1681 1680 1679,11,0.0,0.0,0.0,0.0,0.0,0.0,0.0,0.0,0.0,0.0,0.0,0.0
high_high,1764,1679,Mean-risk-raw,1764 5093 1762 3703 4295 3566 3777 4536 3823 3477 1681 1680 1679,12,0.0,0.0,0.0,0.0,0.0,0.0,0.0,0.0,0.0,0.09090909090908264,0.0,0.0
high_high,1764,1679,Mean-risk-floor,1764 5093 1762 3703 4295 3566 3777 5018 3477 1681 1680 1679,11,0.0,0.0,0.0,0.0,0.0,0.0,0.0,0.0,0.0,0.0,0.0,0.0
high_high,1764,1679,CVaR-risk,1764 5093 1762 3703 4295 3566 3777 5018 3477 1681 1680 1679,11,0.0,0.0,0.0,0.0,0.0,0.0,0.0,0.0,0.0,0.0,0.0,0.0
high_high,1764,1679,CVaR+Concentration,1764 5093 1762 3703 4295 3566 3777 5018 3477 1681 1680 1679,11,0.0,0.0,0.0,0.0,0.0,0.0,0.0,0.0,0.0,0.0,0.0,0.0
high_high,4808,4597,Hop-shortest,4808 4461 3697 4381 3734 4597,5,0.10418615341186524,0.5209307670593262,0.5209307670593262,0.5209307670593262,0.5209307670593262,0.10418615341186524,0.9999999999961608,0.8,0.5209307670593262,0.0,0.0,0.0
high_high,4808,4597,Mean-risk-raw,4808 4461 3697 1976 4381 3734 4597,6,0.0,0.0,0.0,0.0,0.0,0.0,0.0,0.0,0.0,0.19999999999996,0.9999999999980804,0.9999999999980804
high_high,4808,4597,Mean-risk-floor,4808 4461 3697 1976 4381 3734 4597,6,0.0,0.0,0.0,0.0,0.0,0.0,0.0,0.0,0.0,0.19999999999996,0.9999999999980804,0.9999999999980804
high_high,4808,4597,CVaR-risk,4808 4461 3697 1976 4381 3734 4597,6,0.0,0.0,0.0,0.0,0.0,0.0,0.0,0.0,0.0,0.19999999999996,0.9999999999980804,0.9999999999980804
high_high,4808,4597,CVaR+Concentration,4808 4461 3697 1976 4381 3734 4597,6,0.0,0.0,0.0,0.0,0.0,0.0,0.0,0.0,0.0,0.19999999999996,0.9999999999980804,0.9999999999980804
high_high,3056,3681,Hop-shortest,3056 3057 5255 3058 3059 3060 3061 3934 3777 3566 4370 3681,11,0.0,0.0,0.0,0.0,0.0,0.0,0.0,0.0,0.0,0.0,0.0,0.0
high_high,3056,3681,Mean-risk-raw,3056 3057 5255 3058 3059 3060 3061 3934 3777 3566 4370 3681,11,0.0,0.0,0.0,0.0,0.0,0.0,0.0,0.0,0.0,0.0,0.0,0.0
high_high,3056,3681,Mean-risk-floor,3056 3057 5255 3058 3059 3060 3061 3934 3777 3566 4370 3681,11,0.0,0.0,0.0,0.0,0.0,0.0,0.0,0.0,0.0,0.0,0.0,0.0
high_high,3056,3681,CVaR-risk,3056 3057 5255 3058 3059 3060 3061 3934 3777 3566 4370 3681,11,0.0,0.0,0.0,0.0,0.0,0.0,0.0,0.0,0.0,0.0,0.0,0.0
high_high,3056,3681,CVaR+Concentration,3056 3057 5255 3058 3059 3060 3061 3934 3777 3566 4370 3681,11,0.0,0.0,0.0,0.0,0.0,0.0,0.0,0.0,0.0,0.0,0.0,0.0
high_high,1651,1264,Hop-shortest,1651 4336 3934 5088 3677 3674 1264,6,0.030692443251609802,0.1841546595096588,0.030692443251609802,0.1841546595096588,0.1841546595096588,0.030692443251609802,0.9999999999891396,0.8333333333333333,0.1841546595096588,0.0,0.0,0.0
high_high,1651,1264,Mean-risk-raw,1651 4336 3934 3777 1266 1265 1264,6,0.0,0.0,0.0,0.0,0.0,0.0,0.0,0.0,0.0,0.0,0.9999999999945698,0.9999999999945698
high_high,1651,1264,Mean-risk-floor,1651 4336 3934 3777 1266 1265 1264,6,0.0,0.0,0.0,0.0,0.0,0.0,0.0,0.0,0.0,0.0,0.9999999999945698,0.9999999999945698
high_high,1651,1264,CVaR-risk,1651 4336 3934 3777 1266 1265 1264,6,0.0,0.0,0.0,0.0,0.0,0.0,0.0,0.0,0.0,0.0,0.9999999999945698,0.9999999999945698
high_high,1651,1264,CVaR+Concentration,1651 4336 3934 3777 1266 1265 1264,6,0.0,0.0,0.0,0.0,0.0,0.0,0.0,0.0,0.0,0.0,0.9999999999945698,0.9999999999945698
high_high,4546,735,Hop-shortest,4546 4872 4697 3047 3675 4438 1637 4887 4115 735,9,0.07347482442855835,0.4390179216861725,0.3306367099285126,0.4390179216861725,0.4390179216861725,0.07347482442855835,0.5537249311361129,0.8141994953316631,0.6612734198570251,0.0,0.0,0.0
high_high,4546,735,Mean-risk-raw,4546 4872 3049 4102 3675 4438 1637 4887 1831 4115 735,10,0.0,0.0,0.0,0.0,0.0,0.0,0.0,0.0,0.0,0.11111111111109877,0.9999999999984878,0.9999999999977223
high_high,4546,735,Mean-risk-floor,4546 4872 3049 4102 3675 4438 1637 4887 1831 4115 735,10,0.0,0.0,0.0,0.0,0.0,0.0,0.0,0.0,0.0,0.11111111111109877,0.9999999999984878,0.9999999999977223
high_high,4546,735,CVaR-risk,4546 4872 3049 4102 3675 4438 1637 4887 1831 4115 735,10,0.0,0.0,0.0,0.0,0.0,0.0,0.0,0.0,0.0,0.11111111111109877,0.9999999999984878,0.9999999999977223
high_high,4546,735,CVaR+Concentration,4546 4872 3049 4102 3675 4438 1637 4887 1831 4115 735,10,0.0,0.0,0.0,0.0,0.0,0.0,0.0,0.0,0.0,0.11111111111109877,0.9999999999984878,0.9999999999977223
high_high,1740,503,Hop-shortest,1740 3742 3627 3532 4225 3777 5018 3946 4351 4881 503,10,0.04958000332117081,0.30042001605033875,0.24790001660585403,0.30042001605033875,0.30042001605033875,0.04958000332117081,0.5224422459824074,0.821185960438231,0.49580003321170807,0.0,0.0,0.0
high_high,1740,503,Mean-risk-raw,1740 3742 4470 2304 3584 4128 3477 5018 3946 4351 504 4881 503,12,0.0,0.0,0.0,0.0,0.0,0.0,0.0,0.0,0.0,0.19999999999998,0.9999999999979831,0.9999999999966714
high_high,1740,503,Mean-risk-floor,1740 3742 4470 2304 3584 4128 3477 5018 3946 4351 504 4881 503,12,0.0,0.0,0.0,0.0,0.0,0.0,0.0,0.0,0.0,0.19999999999998,0.9999999999979831,0.9999999999966714
high_high,1740,503,CVaR-risk,1740 3742 4810 3627 3532 4225 3777 5018 3946 4351 504 4881 503,12,0.015633920828501385,0.1876070499420166,0.015633920828501385,0.015633920828501385,0.1876070499420166,0.015633920828501385,0.9999999999893394,0.9166666666666667,0.1876070499420166,0.19999999999998,0.6216074276410356,0.9479597896472062
high_high,1740,503,CVaR+Concentration,1740 3742 4810 3627 3532 4225 3777 5018 3946 4351 504 4881 503,12,0.015633920828501385,0.1876070499420166,0.015633920828501385,0.015633920828501385,0.1876070499420166,0.015633920828501385,0.9999999999893394,0.9166666666666667,0.1876070499420166,0.19999999999998,0.6216074276410356,0.9479597896472062
high_high,936,509,Hop-shortest,936 4015 3777 5018 3946 4351 4881 509,7,0.042917145150048394,0.30042001605033875,0.042917145150048394,0.30042001605033875,0.30042001605033875,0.042917145150048394,0.9999999999933429,0.8571428571428572,0.30042001605033875,0.0,0.0,0.0
high_high,936,509,Mean-risk-raw,936 4015 3777 5018 3946 4351 4884 509,7,0.0,0.0,0.0,0.0,0.0,0.0,0.0,0.0,0.0,0.0,0.9999999999966714,0.9999999999966714
high_high,936,509,Mean-risk-floor,936 4015 3777 5018 3946 4351 4884 509,7,0.0,0.0,0.0,0.0,0.0,0.0,0.0,0.0,0.0,0.0,0.9999999999966714,0.9999999999966714
high_high,936,509,CVaR-risk,936 4015 3777 5018 3946 4351 4884 509,7,0.0,0.0,0.0,0.0,0.0,0.0,0.0,0.0,0.0,0.0,0.9999999999966714,0.9999999999966714
high_high,936,509,CVaR+Concentration,936 4015 3777 5018 3946 4351 4884 509,7,0.0,0.0,0.0,0.0,0.0,0.0,0.0,0.0,0.0,0.0,0.9999999999966714,0.9999999999966714
high_high,2710,303,Hop-shortest,2710 2711 4381 3740 3755 4814 303,6,0.0,0.0,0.0,0.0,0.0,0.0,0.0,0.0,0.0,0.0,0.0,0.0
high_high,2710,303,Mean-risk-raw,2710 2711 4381 3740 3755 4814 303,6,0.0,0.0,0.0,0.0,0.0,0.0,0.0,0.0,0.0,0.0,0.0,0.0
high_high,2710,303,Mean-risk-floor,2710 2711 4381 3740 3755 4814 303,6,0.0,0.0,0.0,0.0,0.0,0.0,0.0,0.0,0.0,0.0,0.0,0.0
high_high,2710,303,CVaR-risk,2710 2711 4381 3740 3755 4814 303,6,0.0,0.0,0.0,0.0,0.0,0.0,0.0,0.0,0.0,0.0,0.0,0.0
high_high,2710,303,CVaR+Concentration,2710 2711 4381 3740 3755 4814 303,6,0.0,0.0,0.0,0.0,0.0,0.0,0.0,0.0,0.0,0.0,0.0,0.0
high_high,2126,2866,Hop-shortest,2126 4871 3692 3812 1915 1916 5126 3804 3735 2866,9,0.0,0.0,0.0,0.0,0.0,0.0,0.0,0.0,0.0,0.0,0.0,0.0
high_high,2126,2866,Mean-risk-raw,2126 4871 3692 3812 1915 1916 5126 3804 3735 2866,9,0.0,0.0,0.0,0.0,0.0,0.0,0.0,0.0,0.0,0.0,0.0,0.0
high_high,2126,2866,Mean-risk-floor,2126 4871 3692 3812 1915 1916 5126 3804 3735 2866,9,0.0,0.0,0.0,0.0,0.0,0.0,0.0,0.0,0.0,0.0,0.0,0.0
high_high,2126,2866,CVaR-risk,2126 4871 3692 3812 1915 1916 5126 3804 3735 2866,9,0.0,0.0,0.0,0.0,0.0,0.0,0.0,0.0,0.0,0.0,0.0,0.0
high_high,2126,2866,CVaR+Concentration,2126 4871 3692 3812 1915 1916 5126 3804 3735 2866,9,0.0,0.0,0.0,0.0,0.0,0.0,0.0,0.0,0.0,0.0,0.0,0.0
high_high,4790,1853,Hop-shortest,4790 4908 3305 3471 4912 4420 3734 4381 1853,8,0.0,0.0,0.0,0.0,0.0,0.0,0.0,0.0,0.0,0.0,0.0,0.0
high_high,4790,1853,Mean-risk-raw,4790 4908 3305 3471 4912 4420 3734 4381 1853,8,0.0,0.0,0.0,0.0,0.0,0.0,0.0,0.0,0.0,0.0,0.0,0.0
high_high,4790,1853,Mean-risk-floor,4790 4908 3305 3471 4912 4420 3734 4381 1853,8,0.0,0.0,0.0,0.0,0.0,0.0,0.0,0.0,0.0,0.0,0.0,0.0
high_high,4790,1853,CVaR-risk,4790 4908 3305 3471 4912 4420 3734 4381 1853,8,0.0,0.0,0.0,0.0,0.0,0.0,0.0,0.0,0.0,0.0,0.0,0.0
high_high,4790,1853,CVaR+Concentration,4790 4908 3305 3471 4912 4420 3734 4381 1853,8,0.0,0.0,0.0,0.0,0.0,0.0,0.0,0.0,0.0,0.0,0.0,0.0
high_high,2507,3713,Hop-shortest,2507 4381 3744 3777 5018 3477 4189 3713,7,0.0,0.0,0.0,0.0,0.0,0.0,0.0,0.0,0.0,0.0,0.0,0.0
high_high,2507,3713,Mean-risk-raw,2507 4381 3744 3777 5018 3477 4189 3713,7,0.0,0.0,0.0,0.0,0.0,0.0,0.0,0.0,0.0,0.0,0.0,0.0
high_high,2507,3713,Mean-risk-floor,2507 4381 3744 3777 5018 3477 4189 3713,7,0.0,0.0,0.0,0.0,0.0,0.0,0.0,0.0,0.0,0.0,0.0,0.0
high_high,2507,3713,CVaR-risk,2507 4381 3744 3777 5018 3477 4189 3713,7,0.0,0.0,0.0,0.0,0.0,0.0,0.0,0.0,0.0,0.0,0.0,0.0
high_high,2507,3713,CVaR+Concentration,2507 4381 3744 3777 5018 3477 4189 3713,7,0.0,0.0,0.0,0.0,0.0,0.0,0.0,0.0,0.0,0.0,0.0,0.0
high_high,5150,3684,Hop-shortest,5150 2757 2756 3846 4733 4094 3566 4269 4064 3684,9,0.0,0.0,0.0,0.0,0.0,0.0,0.0,0.0,0.0,0.0,0.0,0.0
high_high,5150,3684,Mean-risk-raw,5150 2757 2756 3846 4733 4094 3566 4269 4064 3684,9,0.0,0.0,0.0,0.0,0.0,0.0,0.0,0.0,0.0,0.0,0.0,0.0
high_high,5150,3684,Mean-risk-floor,5150 2757 2756 3846 4733 4094 3566 4269 4064 3684,9,0.0,0.0,0.0,0.0,0.0,0.0,0.0,0.0,0.0,0.0,0.0,0.0
high_high,5150,3684,CVaR-risk,5150 2757 2756 3846 4733 4094 3566 4269 4064 3684,9,0.0,0.0,0.0,0.0,0.0,0.0,0.0,0.0,0.0,0.0,0.0,0.0
high_high,5150,3684,CVaR+Concentration,5150 2757 2756 3846 4733 4094 3566 4269 4064 3684,9,0.0,0.0,0.0,0.0,0.0,0.0,0.0,0.0,0.0,0.0,0.0,0.0
high_high,3237,326,Hop-shortest,3237 4959 3777 3740 3837 3508 3636 326,7,0.03024804379258837,0.2117363065481186,0.03024804379258837,0.2117363065481186,0.2117363065481186,0.03024804379258837,0.9999999999905542,0.8571428571428572,0.2117363065481186,0.0,0.0,0.0
high_high,3237,326,Mean-risk-raw,3237 4959 3777 3566 4295 3895 295 3636 326,8,0.0,0.0,0.0,0.0,0.0,0.0,0.0,0.0,0.0,0.14285714285712245,0.9999999999952771,0.9999999999952771
high_high,3237,326,Mean-risk-floor,3237 4959 3777 5018 3477 4789 3636 326,7,0.0,0.0,0.0,0.0,0.0,0.0,0.0,0.0,0.0,0.0,0.9999999999952771,0.9999999999952771
high_high,3237,326,CVaR-risk,3237 4959 3777 5018 3477 4789 3636 326,7,0.0,0.0,0.0,0.0,0.0,0.0,0.0,0.0,0.0,0.0,0.9999999999952771,0.9999999999952771
high_high,3237,326,CVaR+Concentration,3237 4959 3777 5018 3477 4789 3636 326,7,0.0,0.0,0.0,0.0,0.0,0.0,0.0,0.0,0.0,0.0,0.9999999999952771,0.9999999999952771
high_high,2603,3191,Hop-shortest,2603 2602 3404 4417 3561 3877 3768 4217 3846 255 256 3191,11,0.05735371058637446,0.3879256248474121,0.05735371058637446,0.3154454082250595,0.3879256248474121,0.05735371058637446,0.5263973633055056,0.8390700937129394,0.630890816450119,0.0,0.0,0.0
high_high,2603,3191,Mean-risk-raw,2603 2602 3404 5210 4568 3386 3760 2856 4720 3846 255 256 3191,12,0.0,0.0,0.0,0.0,0.0,0.0,0.0,0.0,0.0,0.09090909090908264,0.9999999999984149,0.99999999999683
high_high,2603,3191,Mean-risk-floor,2603 2602 3404 5210 4568 3386 3760 2856 4720 3846 255 256 3191,12,0.0,0.0,0.0,0.0,0.0,0.0,0.0,0.0,0.0,0.09090909090908264,0.9999999999984149,0.99999999999683
high_high,2603,3191,CVaR-risk,2603 2604 2605 5210 4568 3386 3760 2856 4720 3846 255 256 3191,12,0.0,0.0,0.0,0.0,0.0,0.0,0.0,0.0,0.0,0.09090909090908264,0.9999999999984149,0.99999999999683
high_high,2603,3191,CVaR+Concentration,2603 2604 2605 5210 4568 3386 3760 2856 4720 3846 255 256 3191,12,0.0,0.0,0.0,0.0,0.0,0.0,0.0,0.0,0.0,0.09090909090908264,0.9999999999984149,0.99999999999683
high_high,3174,2391,Hop-shortest,3174 3666 3643 4036 4437 4819 3816 2391,7,0.0935550332069397,0.6548852324485779,0.0935550332069397,0.6548852324485779,0.6548852324485779,0.0935550332069397,0.999999999996946,0.8571428571428572,0.6548852324485779,0.0,0.0,0.0
high_high,3174,2391,Mean-risk-raw,3174 3666 3898 3508 3837 3526 3561 3865 3816 2391,9,0.0,0.0,0.0,0.0,0.0,0.0,0.0,0.0,0.0,0.2857142857142449,0.999999999998473,0.999999999998473
high_high,3174,2391,Mean-risk-floor,3174 3666 3643 4036 4437 3362 5171 3816 2391,8,0.0,0.0,0.0,0.0,0.0,0.0,0.0,0.0,0.0,0.14285714285712245,0.999999999998473,0.999999999998473
high_high,3174,2391,CVaR-risk,3174 3666 3643 4036 4437 2192 5170 3816 2391,8,0.0,0.0,0.0,0.0,0.0,0.0,0.0,0.0,0.0,0.14285714285712245,0.999999999998473,0.999999999998473
high_high,3174,2391,CVaR+Concentration,3174 3666 3643 4036 4437 2192 5170 3816 2391,8,0.0,0.0,0.0,0.0,0.0,0.0,0.0,0.0,0.0,0.14285714285712245,0.999999999998473,0.999999999998473
high_high,1135,1639,Hop-shortest,1135 4800 1138 1139 3970 3297 4719 3477 5018 3777 1639,10,0.0,0.0,0.0,0.0,0.0,0.0,0.0,0.0,0.0,0.0,0.0,0.0
high_high,1135,1639,Mean-risk-raw,1135 4800 1138 1139 3970 3297 4719 3477 3823 4536 3777 1639,11,0.0,0.0,0.0,0.0,0.0,0.0,0.0,0.0,0.0,0.09999999999999,0.0,0.0
high_high,1135,1639,Mean-risk-floor,1135 4800 1138 1139 3970 3297 4719 3477 5018 3777 1639,10,0.0,0.0,0.0,0.0,0.0,0.0,0.0,0.0,0.0,0.0,0.0,0.0
high_high,1135,1639,CVaR-risk,1135 4800 1138 1139 3970 3297 4719 3477 5018 3777 1639,10,0.0,0.0,0.0,0.0,0.0,0.0,0.0,0.0,0.0,0.0,0.0,0.0
high_high,1135,1639,CVaR+Concentration,1135 4800 1138 1139 3970 3297 4719 3477 5018 3777 1639,10,0.0,0.0,0.0,0.0,0.0,0.0,0.0,0.0,0.0,0.0,0.0,0.0
high_high,1909,330,Hop-shortest,1909 4437 4036 3513 4830 3453 3850 330,7,0.0,0.0,0.0,0.0,0.0,0.0,0.0,0.0,0.0,0.0,0.0,0.0
high_high,1909,330,Mean-risk-raw,1909 4437 4036 3513 4830 3453 3850 330,7,0.0,0.0,0.0,0.0,0.0,0.0,0.0,0.0,0.0,0.0,0.0,0.0
high_high,1909,330,Mean-risk-floor,1909 4437 4036 3513 4830 3453 3850 330,7,0.0,0.0,0.0,0.0,0.0,0.0,0.0,0.0,0.0,0.0,0.0,0.0
high_high,1909,330,CVaR-risk,1909 4437 4036 3513 4830 3453 3850 330,7,0.0,0.0,0.0,0.0,0.0,0.0,0.0,0.0,0.0,0.0,0.0,0.0
high_high,1909,330,CVaR+Concentration,1909 4437 4036 3513 4830 3453 3850 330,7,0.0,0.0,0.0,0.0,0.0,0.0,0.0,0.0,0.0,0.0,0.0,0.0
high_high,1230,4272,Hop-shortest,1230 1231 4981 4114 3721 4789 3636 3508 3456 1512 4272,10,0.056944097578525546,0.35770466923713684,0.2847204878926277,0.35770466923713684,0.35770466923713684,0.056944097578525546,0.532854135791855,0.825633624711978,0.5694409757852554,0.0,0.0,0.0
high_high,1230,4272,Mean-risk-raw,1230 1231 4981 4114 4540 4058 3697 3837 3508 3456 1512 4272,11,0.0,0.0,0.0,0.0,0.0,0.0,0.0,0.0,0.0,0.09999999999999,0.999999999998244,0.9999999999972045
high_high,1230,4272,Mean-risk-floor,1230 1231 4981 4114 4540 4058 3697 3837 3508 3456 1512 4272,11,0.0,0.0,0.0,0.0,0.0,0.0,0.0,0.0,0.0,0.09999999999999,0.999999999998244,0.9999999999972045
high_high,1230,4272,CVaR-risk,1230 1231 4981 4114 4540 4058 3697 3837 3508 3456 1512 4272,11,0.0,0.0,0.0,0.0,0.0,0.0,0.0,0.0,0.0,0.09999999999999,0.999999999998244,0.9999999999972045
high_high,1230,4272,CVaR+Concentration,1230 1231 4981 4114 4540 4058 3697 3837 3508 3456 1512 4272,11,0.0,0.0,0.0,0.0,0.0,0.0,0.0,0.0,0.0,0.09999999999999,0.999999999998244,0.9999999999972045
high_high,4961,2104,Hop-shortest,4961 1049 3777 3566 3640 3450 693 4259 2105 4565 2104,10,0.0,0.0,0.0,0.0,0.0,0.0,0.0,0.0,0.0,0.0,0.0,0.0
high_high,4961,2104,Mean-risk-raw,4961 1049 3777 3566 3640 3450 693 4259 2105 4565 2104,10,0.0,0.0,0.0,0.0,0.0,0.0,0.0,0.0,0.0,0.0,0.0,0.0
high_high,4961,2104,Mean-risk-floor,4961 1049 3777 3566 3640 3450 693 4259 2105 4565 2104,10,0.0,0.0,0.0,0.0,0.0,0.0,0.0,0.0,0.0,0.0,0.0,0.0
high_high,4961,2104,CVaR-risk,4961 1049 3777 3566 3640 3450 693 4259 2105 4565 2104,10,0.0,0.0,0.0,0.0,0.0,0.0,0.0,0.0,0.0,0.0,0.0,0.0
high_high,4961,2104,CVaR+Concentration,4961 1049 3777 3566 3640 3450 693 4259 2105 4565 2104,10,0.0,0.0,0.0,0.0,0.0,0.0,0.0,0.0,0.0,0.0,0.0,0.0
high_high,2200,692,Hop-shortest,2200 2199 4887 4607 3561 3720 3567 3793 3572 692,9,0.051518768072128296,0.46366891264915466,0.051518768072128296,0.46366891264915466,0.46366891264915466,0.051518768072128296,0.9999999999956868,0.8888888888888888,0.46366891264915466,0.0,0.0,0.0
high_high,2200,692,Mean-risk-raw,2200 2199 4887 4607 3561 3720 3484 3568 3572 692,9,0.0,0.0,0.0,0.0,0.0,0.0,0.0,0.0,0.0,0.0,0.9999999999978434,0.9999999999978434
high_high,2200,692,Mean-risk-floor,2200 2199 4887 4607 3561 3720 3484 3568 3572 692,9,0.0,0.0,0.0,0.0,0.0,0.0,0.0,0.0,0.0,0.0,0.9999999999978434,0.9999999999978434
high_high,2200,692,CVaR-risk,2200 2199 4887 4607 3561 3720 3484 3568 3572 692,9,0.0,0.0,0.0,0.0,0.0,0.0,0.0,0.0,0.0,0.0,0.9999999999978434,0.9999999999978434
high_high,2200,692,CVaR+Concentration,2200 2199 4887 4607 3561 3720 3484 3568 3572 692,9,0.0,0.0,0.0,0.0,0.0,0.0,0.0,0.0,0.0,0.0,0.9999999999978434,0.9999999999978434
high_high,4792,1651,Hop-shortest,4792 4066 4381 3744 3777 3934 4336 1651,7,0.03720934476171221,0.2604654133319855,0.03720934476171221,0.2604654133319855,0.2604654133319855,0.03720934476171221,0.9999999999923217,0.8571428571428572,0.2604654133319855,0.0,0.0,0.0
high_high,4792,1651,Mean-risk-raw,4792 4066 3234 4015 3777 3934 4336 1651,7,0.0,0.0,0.0,0.0,0.0,0.0,0.0,0.0,0.0,0.0,0.9999999999961608,0.9999999999961608
high_high,4792,1651,Mean-risk-floor,4792 4066 3234 4015 3777 3934 4336 1651,7,0.0,0.0,0.0,0.0,0.0,0.0,0.0,0.0,0.0,0.0,0.9999999999961608,0.9999999999961608
high_high,4792,1651,CVaR-risk,4792 1878 4381 3744 3777 3934 4336 1651,7,0.0,0.0,0.0,0.0,0.0,0.0,0.0,0.0,0.0,0.0,0.9999999999961608,0.9999999999961608
high_high,4792,1651,CVaR+Concentration,4792 1878 4381 3744 3777 3934 4336 1651,7,0.0,0.0,0.0,0.0,0.0,0.0,0.0,0.0,0.0,0.0,0.9999999999961608,0.9999999999961608
high_high,3458,5107,Hop-shortest,3458 4620 4485 3566 4370 4371 5107,6,0.18996630609035492,0.7948321104049683,0.5698989182710648,0.7948321104049683,0.7948321104049683,0.18996630609035492,0.5778899512824771,0.7324482713578682,1.1397978365421295,0.0,0.0,0.0
high_high,3458,5107,Mean-risk-raw,3458 4620 4212 4485 3566 4370 1405 4371 5107,8,0.0,0.0,0.0,0.0,0.0,0.0,0.0,0.0,0.0,0.33333333333327775,0.9999999999991226,0.9999999999987419
high_high,3458,5107,Mean-risk-floor,3458 4620 4212 4485 3566 4370 1405 4371 5107,8,0.0,0.0,0.0,0.0,0.0,0.0,0.0,0.0,0.0,0.33333333333327775,0.9999999999991226,0.9999999999987419
high_high,3458,5107,CVaR-risk,3458 4620 4212 4485 3566 4370 1405 4371 5107,8,0.0,0.0,0.0,0.0,0.0,0.0,0.0,0.0,0.0,0.33333333333327775,0.9999999999991226,0.9999999999987419
high_high,3458,5107,CVaR+Concentration,3458 4620 4212 4485 3566 4370 1405 4371 5107,8,0.0,0.0,0.0,0.0,0.0,0.0,0.0,0.0,0.0,0.33333333333327775,0.9999999999991226,0.9999999999987419
high_high,4205,237,Hop-shortest,4205 4422 3532 4274 3776 4557 2846 4343 4307 236 237,10,0.02511807978153229,0.2511807978153229,0.02511807978153229,0.2511807978153229,0.2511807978153229,0.02511807978153229,0.9999999999920377,0.8999999999999999,0.2511807978153229,0.0,0.0,0.0
high_high,4205,237,Mean-risk-raw,4205 4188 3477 3743 2655 4851 1145 4856 3664 4307 236 237,11,0.0,0.0,0.0,0.0,0.0,0.0,0.0,0.0,0.0,0.09999999999999,0.9999999999960189,0.9999999999960189
high_high,4205,237,Mean-risk-floor,4205 4188 3477 3743 2655 4851 1145 4856 3664 4307 236 237,11,0.0,0.0,0.0,0.0,0.0,0.0,0.0,0.0,0.0,0.09999999999999,0.9999999999960189,0.9999999999960189
high_high,4205,237,CVaR-risk,4205 4422 3532 4275 4274 3776 4557 2846 4343 4307 236 237,11,0.0,0.0,0.0,0.0,0.0,0.0,0.0,0.0,0.0,0.09999999999999,0.9999999999960189,0.9999999999960189
high_high,4205,237,CVaR+Concentration,4205 4422 3532 4275 4274 3776 4557 2846 4343 4307 236 237,11,0.0,0.0,0.0,0.0,0.0,0.0,0.0,0.0,0.0,0.09999999999999,0.9999999999960189,0.9999999999960189
high_high,4732,4300,Hop-shortest,4732 2909 3513 4036 3643 3456 3508 3837 3712 4295 4300,10,0.0,0.0,0.0,0.0,0.0,0.0,0.0,0.0,0.0,0.0,0.0,0.0
high_high,4732,4300,Mean-risk-raw,4732 2909 3513 4036 3643 3456 3508 3837 3712 4295 4300,10,0.0,0.0,0.0,0.0,0.0,0.0,0.0,0.0,0.0,0.0,0.0,0.0
high_high,4732,4300,Mean-risk-floor,4732 2909 3513 4036 3643 3456 3508 3837 3712 4295 4300,10,0.0,0.0,0.0,0.0,0.0,0.0,0.0,0.0,0.0,0.0,0.0,0.0
high_high,4732,4300,CVaR-risk,4732 2909 3513 4036 3643 3456 3508 3837 3712 4295 4300,10,0.0,0.0,0.0,0.0,0.0,0.0,0.0,0.0,0.0,0.0,0.0,0.0
high_high,4732,4300,CVaR+Concentration,4732 2909 3513 4036 3643 3456 3508 3837 3712 4295 4300,10,0.0,0.0,0.0,0.0,0.0,0.0,0.0,0.0,0.0,0.0,0.0,0.0
high_high,102,301,Hop-shortest,102 3497 106 3802 2995 2996 2084 4257 977 3508 3456 3882 301,12,0.0,0.0,0.0,0.0,0.0,0.0,0.0,0.0,0.0,0.0,0.0,0.0
high_high,102,301,Mean-risk-raw,102 3497 106 3802 2995 2996 2084 4257 977 3508 3456 3882 301,12,0.0,0.0,0.0,0.0,0.0,0.0,0.0,0.0,0.0,0.0,0.0,0.0
high_high,102,301,Mean-risk-floor,102 3497 106 3802 2995 2996 2084 4257 977 3508 3456 3882 301,12,0.0,0.0,0.0,0.0,0.0,0.0,0.0,0.0,0.0,0.0,0.0,0.0
high_high,102,301,CVaR-risk,102 3497 106 3802 2995 2996 2084 4257 977 3508 3456 3882 301,12,0.0,0.0,0.0,0.0,0.0,0.0,0.0,0.0,0.0,0.0,0.0,0.0
high_high,102,301,CVaR+Concentration,102 3497 106 3802 2995 2996 2084 4257 977 3508 3456 3882 301,12,0.0,0.0,0.0,0.0,0.0,0.0,0.0,0.0,0.0,0.0,0.0,0.0
high_high,2539,3133,Hop-shortest,2539 4607 3703 4295 3566 3777 3221 767 768 4892 3133,10,0.020284830033779143,0.20284830033779144,0.020284830033779143,0.20284830033779144,0.20284830033779144,0.020284830033779143,0.9999999999901403,0.8999999999999999,0.20284830033779144,0.0,0.0,0.0
high_high,2539,3133,Mean-risk-raw,2539 4607 3561 3526 3837 3740 3777 3221 767 768 4892 3133,11,0.0,0.0,0.0,0.0,0.0,0.0,0.0,0.0,0.0,0.09999999999999,0.9999999999950702,0.9999999999950702
high_high,2539,3133,Mean-risk-floor,2539 4607 2036 3663 4015 3777 3221 767 768 4892 3133,10,0.0,0.0,0.0,0.0,0.0,0.0,0.0,0.0,0.0,0.0,0.9999999999950702,0.9999999999950702
high_high,2539,3133,CVaR-risk,2539 4607 2036 3663 4015 3777 3221 767 768 4892 3133,10,0.0,0.0,0.0,0.0,0.0,0.0,0.0,0.0,0.0,0.0,0.9999999999950702,0.9999999999950702
high_high,2539,3133,CVaR+Concentration,2539 4607 2036 3663 4015 3777 3221 767 768 4892 3133,10,0.0,0.0,0.0,0.0,0.0,0.0,0.0,0.0,0.0,0.0,0.9999999999950702,0.9999999999950702
high_high,1399,2516,Hop-shortest,1399 4699 4066 4381 4347 3561 4208 2516,7,0.07191865784781319,0.2604654133319855,0.2517153024673462,0.2604654133319855,0.2604654133319855,0.07191865784781319,0.500604196044155,0.719251704932897,0.5034306049346924,0.0,0.0,0.0
high_high,1399,2516,Mean-risk-raw,1399 4699 4066 3593 3793 3567 3720 3561 4208 2516,9,0.0,0.0,0.0,0.0,0.0,0.0,0.0,0.0,0.0,0.2857142857142449,0.9999999999980137,0.9999999999961608
high_high,1399,2516,Mean-risk-floor,1399 4699 4066 3593 3793 3567 3720 3561 4208 2516,9,0.0,0.0,0.0,0.0,0.0,0.0,0.0,0.0,0.0,0.2857142857142449,0.9999999999980137,0.9999999999961608
high_high,1399,2516,CVaR-risk,1399 4699 4066 3593 3793 3567 3720 3561 4208 2516,9,0.0,0.0,0.0,0.0,0.0,0.0,0.0,0.0,0.0,0.2857142857142449,0.9999999999980137,0.9999999999961608
high_high,1399,2516,CVaR+Concentration,1399 4699 4066 3593 3793 3567 3720 3561 4208 2516,9,0.0,0.0,0.0,0.0,0.0,0.0,0.0,0.0,0.0,0.2857142857142449,0.9999999999980137,0.9999999999961608
high_normal,3035,2786,Hop-shortest,3035 3508 3837 3740 3777 4886 4064 3684 2785 2786,9,0.09518212742275661,0.8566391468048096,0.09518212742275661,0.8566391468048096,0.8566391468048096,0.09518212742275661,0.9999999999976654,0.8888888888888888,0.8566391468048096,0.0,0.0,0.0
high_normal,3035,2786,Mean-risk-raw,3035 3508 3456 1512 4272 1664 4135 4064 3684 2785 2786,10,0.0,0.0,0.0,0.0,0.0,0.0,0.0,0.0,0.0,0.11111111111109877,0.9999999999988327,0.9999999999988327
high_normal,3035,2786,Mean-risk-floor,3035 3508 3456 1512 4272 1664 4135 4064 3684 2785 2786,10,0.0,0.0,0.0,0.0,0.0,0.0,0.0,0.0,0.0,0.11111111111109877,0.9999999999988327,0.9999999999988327
high_normal,3035,2786,CVaR-risk,3035 3508 3456 1512 4272 1664 4135 4064 3684 2785 2786,10,0.0,0.0,0.0,0.0,0.0,0.0,0.0,0.0,0.0,0.11111111111109877,0.9999999999988327,0.9999999999988327
high_normal,3035,2786,CVaR+Concentration,3035 3508 3456 1512 4272 1664 4135 4064 3684 2785 2786,10,0.0,0.0,0.0,0.0,0.0,0.0,0.0,0.0,0.0,0.11111111111109877,0.9999999999988327,0.9999999999988327
high_normal,3601,2181,Hop-shortest,3601 3584 4470 3453 3850 3901 4229 3958 2181,8,0.07757575809955597,0.6206060647964478,0.07757575809955597,0.6206060647964478,0.6206060647964478,0.07757575809955597,0.9999999999967775,0.875,0.6206060647964478,0.0,0.0,0.0
high_normal,3601,2181,Mean-risk-raw,3601 3584 4830 3453 3850 3901 4229 3958 2181,8,0.0,0.0,0.0,0.0,0.0,0.0,0.0,0.0,0.0,0.0,0.9999999999983887,0.9999999999983887
high_normal,3601,2181,Mean-risk-floor,3601 3584 4830 3453 3850 3901 4229 3958 2181,8,0.0,0.0,0.0,0.0,0.0,0.0,0.0,0.0,0.0,0.0,0.9999999999983887,0.9999999999983887
high_normal,3601,2181,CVaR-risk,3601 3584 4830 3453 3850 3901 4229 3958 2181,8,0.0,0.0,0.0,0.0,0.0,0.0,0.0,0.0,0.0,0.0,0.9999999999983887,0.9999999999983887
high_normal,3601,2181,CVaR+Concentration,3601 3584 4830 3453 3850 3901 4229 3958 2181,8,0.0,0.0,0.0,0.0,0.0,0.0,0.0,0.0,0.0,0.0,0.9999999999983887,0.9999999999983887
high_normal,2,3357,Hop-shortest,2 3494 3574 4272 1512 3456 3508 3837 4825 3357,9,0.024941542082362704,0.22447387874126434,0.024941542082362704,0.22447387874126434,0.22447387874126434,0.024941542082362704,0.9999999999910902,0.8888888888888888,0.22447387874126434,0.0,0.0,0.0
high_normal,2,3357,Mean-risk-raw,2 3494 3574 4272 1512 3456 3508 3837 2114 2113 4825 3357,11,0.0,0.0,0.0,0.0,0.0,0.0,0.0,0.0,0.0,0.22222222222219754,0.9999999999955451,0.9999999999955451
high_normal,2,3357,Mean-risk-floor,2 3494 3574 4272 1512 3456 3508 3837 2114 2113 4825 3357,11,0.0,0.0,0.0,0.0,0.0,0.0,0.0,0.0,0.0,0.22222222222219754,0.9999999999955451,0.9999999999955451
high_normal,2,3357,CVaR-risk,2 3494 3574 4272 1512 3456 3508 3837 2114 2113 4825 3357,11,0.0,0.0,0.0,0.0,0.0,0.0,0.0,0.0,0.0,0.22222222222219754,0.9999999999955451,0.9999999999955451
high_normal,2,3357,CVaR+Concentration,2 3494 3574 4272 1512 3456 3508 3837 2114 2113 4825 3357,11,0.0,0.0,0.0,0.0,0.0,0.0,0.0,0.0,0.0,0.22222222222219754,0.9999999999955451,0.9999999999955451
high_normal,1692,4623,Hop-shortest,1692 5076 4259 693 3450 3640 3566 3777 4765 3005 4623,10,0.0,0.0,0.0,0.0,0.0,0.0,0.0,0.0,0.0,0.0,0.0,0.0
high_normal,1692,4623,Mean-risk-raw,1692 5076 4259 693 3450 3640 3566 3777 4765 3005 4623,10,0.0,0.0,0.0,0.0,0.0,0.0,0.0,0.0,0.0,0.0,0.0,0.0
high_normal,1692,4623,Mean-risk-floor,1692 5076 4259 693 3450 3640 3566 3777 4765 3005 4623,10,0.0,0.0,0.0,0.0,0.0,0.0,0.0,0.0,0.0,0.0,0.0,0.0
high_normal,1692,4623,CVaR-risk,1692 5076 4259 693 3450 3640 3566 3777 4765 3005 4623,10,0.0,0.0,0.0,0.0,0.0,0.0,0.0,0.0,0.0,0.0,0.0,0.0
high_normal,1692,4623,CVaR+Concentration,1692 5076 4259 693 3450 3640 3566 3777 4765 3005 4623,10,0.0,0.0,0.0,0.0,0.0,0.0,0.0,0.0,0.0,0.0,0.0,0.0
high_normal,1145,925,Hop-shortest,1145 4851 1358 3677 5088 3934 4336 4563 4234 925,9,0.045427724719047546,0.2246948629617691,0.20442476123571396,0.2246948629617691,0.2246948629617691,0.045427724719047546,0.5049160338226302,0.7887951981308841,0.4088495224714279,0.0,0.0,0.0
high_normal,1145,925,Mean-risk-raw,1145 4851 2655 3743 3777 3934 4336 4563 885 4234 925,10,0.0,0.0,0.0,0.0,0.0,0.0,0.0,0.0,0.0,0.11111111111109877,0.9999999999975542,0.9999999999955494
high_normal,1145,925,Mean-risk-floor,1145 4851 2655 3743 3777 3934 4336 4563 885 4234 925,10,0.0,0.0,0.0,0.0,0.0,0.0,0.0,0.0,0.0,0.11111111111109877,0.9999999999975542,0.9999999999955494
high_normal,1145,925,CVaR-risk,1145 4851 2655 3743 4350 2299 4336 4563 885 4234 925,10,0.0,0.0,0.0,0.0,0.0,0.0,0.0,0.0,0.0,0.11111111111109877,0.9999999999975542,0.9999999999955494
high_normal,1145,925,CVaR+Concentration,1145 4851 2655 3743 4350 2299 4336 4563 885 4234 925,10,0.0,0.0,0.0,0.0,0.0,0.0,0.0,0.0,0.0,0.11111111111109877,0.9999999999975542,0.9999999999955494
high_normal,2603,1175,Hop-shortest,2603 2602 3404 5210 4568 4706 4141 3477 4719 3297 3970 4988 4989 1175,13,0.03508610221055838,0.2505055069923401,0.03508610221055838,0.22805966436862946,0.2505055069923401,0.03508610221055838,0.5048433390215226,0.8537246863702737,0.4561193287372589,0.0,0.0,0.0
high_normal,2603,1175,Mean-risk-raw,2603 2602 3404 4417 5211 4381 3740 3777 5018 3477 4719 3297 3970 4988 4989 1175,15,0.0,0.0,0.0,0.0,0.0,0.0,0.0,0.0,0.0,0.153846153846142,0.9999999999978076,0.9999999999956152
high_normal,2603,1175,Mean-risk-floor,2603 2602 3404 4417 5211 4381 3740 3777 5018 3477 4719 3297 3970 4988 4989 1175,15,0.0,0.0,0.0,0.0,0.0,0.0,0.0,0.0,0.0,0.153846153846142,0.9999999999978076,0.9999999999956152
high_normal,2603,1175,CVaR-risk,2603 2602 3404 4417 3561 3526 3837 4706 4141 3477 4719 3297 3970 4988 4989 1175,15,0.013707588116327921,0.20561382174491882,0.013707588116327921,0.013707588116327921,0.20561382174491882,0.013707588116327921,0.9999999999902729,0.9333333333333333,0.20561382174491882,0.153846153846142,0.5492104614055745,0.9398947281834492
high_normal,2603,1175,CVaR+Concentration,2603 2602 3404 4417 3561 3526 3837 4706 4141 3477 4719 3297 3970 4988 4989 1175,15,0.013707588116327921,0.20561382174491882,0.013707588116327921,0.013707588116327921,0.20561382174491882,0.013707588116327921,0.9999999999902729,0.9333333333333333,0.20561382174491882,0.153846153846142,0.5492104614055745,0.9398947281834492
high_normal,2499,3666,Hop-shortest,2499 4381 3740 3755 4814 3666,5,0.0,0.0,0.0,0.0,0.0,0.0,0.0,0.0,0.0,0.0,0.0,0.0
high_normal,2499,3666,Mean-risk-raw,2499 4381 3740 3755 4814 3666,5,0.0,0.0,0.0,0.0,0.0,0.0,0.0,0.0,0.0,0.0,0.0,0.0
high_normal,2499,3666,Mean-risk-floor,2499 4381 3740 3755 4814 3666,5,0.0,0.0,0.0,0.0,0.0,0.0,0.0,0.0,0.0,0.0,0.0,0.0
high_normal,2499,3666,CVaR-risk,2499 4381 3740 3755 4814 3666,5,0.0,0.0,0.0,0.0,0.0,0.0,0.0,0.0,0.0,0.0,0.0,0.0
high_normal,2499,3666,CVaR+Concentration,2499 4381 3740 3755 4814 3666,5,0.0,0.0,0.0,0.0,0.0,0.0,0.0,0.0,0.0,0.0,0.0,0.0
high_normal,671,1959,Hop-shortest,671 672 4020 4190 4232 3566 3777 4170 3493 1960 1959,10,0.0,0.0,0.0,0.0,0.0,0.0,0.0,0.0,0.0,0.0,0.0,0.0
high_normal,671,1959,Mean-risk-raw,671 672 4020 4190 4232 3566 3777 4170 3493 1960 1959,10,0.0,0.0,0.0,0.0,0.0,0.0,0.0,0.0,0.0,0.0,0.0,0.0
high_normal,671,1959,Mean-risk-floor,671 672 4020 4190 4232 3566 3777 4170 3493 1960 1959,10,0.0,0.0,0.0,0.0,0.0,0.0,0.0,0.0,0.0,0.0,0.0,0.0
high_normal,671,1959,CVaR-risk,671 672 4020 4190 4232 3566 3777 4170 3493 1960 1959,10,0.0,0.0,0.0,0.0,0.0,0.0,0.0,0.0,0.0,0.0,0.0,0.0
high_normal,671,1959,CVaR+Concentration,671 672 4020 4190 4232 3566 3777 4170 3493 1960 1959,10,0.0,0.0,0.0,0.0,0.0,0.0,0.0,0.0,0.0,0.0,0.0,0.0
high_normal,754,908,Hop-shortest,754 3593 4223 3891 4464 3777 3934 3658 4898 908,9,0.0,0.0,0.0,0.0,0.0,0.0,0.0,0.0,0.0,0.0,0.0,0.0
high_normal,754,908,Mean-risk-raw,754 3593 4223 3891 4464 3777 3934 3658 4898 908,9,0.0,0.0,0.0,0.0,0.0,0.0,0.0,0.0,0.0,0.0,0.0,0.0
high_normal,754,908,Mean-risk-floor,754 3593 4223 3891 4464 3777 3934 3658 4898 908,9,0.0,0.0,0.0,0.0,0.0,0.0,0.0,0.0,0.0,0.0,0.0,0.0
high_normal,754,908,CVaR-risk,754 3593 4223 3891 4464 3777 3934 3658 4898 908,9,0.0,0.0,0.0,0.0,0.0,0.0,0.0,0.0,0.0,0.0,0.0,0.0
high_normal,754,908,CVaR+Concentration,754 3593 4223 3891 4464 3777 3934 3658 4898 908,9,0.0,0.0,0.0,0.0,0.0,0.0,0.0,0.0,0.0,0.0,0.0,0.0
high_normal,2895,638,Hop-shortest,2895 3690 4926 3865 3561 4074 635 636 637 638,9,0.0,0.0,0.0,0.0,0.0,0.0,0.0,0.0,0.0,0.0,0.0,0.0
high_normal,2895,638,Mean-risk-raw,2895 3690 4926 3865 3561 4074 635 636 637 638,9,0.0,0.0,0.0,0.0,0.0,0.0,0.0,0.0,0.0,0.0,0.0,0.0
high_normal,2895,638,Mean-risk-floor,2895 3690 4926 3865 3561 4074 635 636 637 638,9,0.0,0.0,0.0,0.0,0.0,0.0,0.0,0.0,0.0,0.0,0.0,0.0
high_normal,2895,638,CVaR-risk,2895 3690 4926 3865 3561 4074 635 636 637 638,9,0.0,0.0,0.0,0.0,0.0,0.0,0.0,0.0,0.0,0.0,0.0,0.0
high_normal,2895,638,CVaR+Concentration,2895 3690 4926 3865 3561 4074 635 636 637 638,9,0.0,0.0,0.0,0.0,0.0,0.0,0.0,0.0,0.0,0.0,0.0,0.0
high_normal,2895,4299,Hop-shortest,2895 3690 4926 4212 4485 3566 4295 4299,7,0.0,0.0,0.0,0.0,0.0,0.0,0.0,0.0,0.0,0.0,0.0,0.0
high_normal,2895,4299,Mean-risk-raw,2895 3690 4926 4212 4485 3566 4295 4299,7,0.0,0.0,0.0,0.0,0.0,0.0,0.0,0.0,0.0,0.0,0.0,0.0
high_normal,2895,4299,Mean-risk-floor,2895 3690 4926 4212 4485 3566 4295 4299,7,0.0,0.0,0.0,0.0,0.0,0.0,0.0,0.0,0.0,0.0,0.0,0.0
high_normal,2895,4299,CVaR-risk,2895 3690 4926 4212 4485 3566 4295 4299,7,0.0,0.0,0.0,0.0,0.0,0.0,0.0,0.0,0.0,0.0,0.0,0.0
high_normal,2895,4299,CVaR+Concentration,2895 3690 4926 4212 4485 3566 4295 4299,7,0.0,0.0,0.0,0.0,0.0,0.0,0.0,0.0,0.0,0.0,0.0,0.0
high_normal,5063,433,Hop-shortest,5063 3685 4388 4040 3878 3561 4041 4021 3999 433,9,0.0,0.0,0.0,0.0,0.0,0.0,0.0,0.0,0.0,0.0,0.0,0.0
high_normal,5063,433,Mean-risk-raw,5063 3685 4388 4040 3878 3561 4041 4021 3999 433,9,0.0,0.0,0.0,0.0,0.0,0.0,0.0,0.0,0.0,0.0,0.0,0.0
high_normal,5063,433,Mean-risk-floor,5063 3685 4388 4040 3878 3561 4041 4021 3999 433,9,0.0,0.0,0.0,0.0,0.0,0.0,0.0,0.0,0.0,0.0,0.0,0.0
high_normal,5063,433,CVaR-risk,5063 3685 4388 4040 3878 3561 4041 4021 3999 433,9,0.0,0.0,0.0,0.0,0.0,0.0,0.0,0.0,0.0,0.0,0.0,0.0
high_normal,5063,433,CVaR+Concentration,5063 3685 4388 4040 3878 3561 4041 4021 3999 433,9,0.0,0.0,0.0,0.0,0.0,0.0,0.0,0.0,0.0,0.0,0.0,0.0
high_normal,275,4584,Hop-shortest,275 3877 3561 4347 4381 4584,5,0.201372230052948,0.5209307670593262,0.5209307670593262,0.5209307670593262,0.5209307670593262,0.201372230052948,0.38414361489152127,0.5104285632168972,1.00686115026474,0.0,0.0,0.0
high_normal,275,4584,Mean-risk-raw,275 3877 246 3561 3526 3837 3697 4585 4584,8,0.0,0.0,0.0,0.0,0.0,0.0,0.0,0.0,0.0,0.59999999999988,0.9999999999990067,0.9999999999980804
high_normal,275,4584,Mean-risk-floor,275 3877 246 3561 3526 3837 3697 4585 4584,8,0.0,0.0,0.0,0.0,0.0,0.0,0.0,0.0,0.0,0.59999999999988,0.9999999999990067,0.9999999999980804
high_normal,275,4584,CVaR-risk,275 3877 3826 3561 4347 1979 4548 4584,7,0.06333555068288531,0.2429651916027069,0.22167442739009857,0.2429651916027069,0.2429651916027069,0.06333555068288531,0.5046123400021923,0.7280064568200162,0.44334885478019714,0.39999999999992,0.5596722997364786,0.5335940839609299
high_normal,275,4584,CVaR+Concentration,275 3877 3826 3561 4347 1979 4548 4584,7,0.06333555068288531,0.2429651916027069,0.22167442739009857,0.2429651916027069,0.2429651916027069,0.06333555068288531,0.5046123400021923,0.7280064568200162,0.44334885478019714,0.39999999999992,0.5596722997364786,0.5335940839609299
high_normal,1753,1718,Hop-shortest,1753 3701 4144 3777 3934 3804 1718,6,0.1146303117275238,0.6877818703651428,0.1146303117275238,0.6877818703651428,0.6877818703651428,0.1146303117275238,0.9999999999970921,0.8333333333333333,0.6877818703651428,0.0,0.0,0.0
high_normal,1753,1718,Mean-risk-raw,1753 3701 3699 3777 3934 3804 1718,6,0.0,0.0,0.0,0.0,0.0,0.0,0.0,0.0,0.0,0.0,0.999999999998546,0.999999999998546
high_normal,1753,1718,Mean-risk-floor,1753 3701 3699 3777 3934 3804 1718,6,0.0,0.0,0.0,0.0,0.0,0.0,0.0,0.0,0.0,0.0,0.999999999998546,0.999999999998546
high_normal,1753,1718,CVaR-risk,1753 3701 3699 3777 3934 3804 1718,6,0.0,0.0,0.0,0.0,0.0,0.0,0.0,0.0,0.0,0.0,0.999999999998546,0.999999999998546
high_normal,1753,1718,CVaR+Concentration,1753 3701 3699 3777 3934 3804 1718,6,0.0,0.0,0.0,0.0,0.0,0.0,0.0,0.0,0.0,0.0,0.999999999998546,0.999999999998546
high_normal,355,1097,Hop-shortest,355 4040 4449 4485 3566 3777 1097,6,0.0,0.0,0.0,0.0,0.0,0.0,0.0,0.0,0.0,0.0,0.0,0.0
high_normal,355,1097,Mean-risk-raw,355 4040 4449 4485 3566 3777 1097,6,0.0,0.0,0.0,0.0,0.0,0.0,0.0,0.0,0.0,0.0,0.0,0.0
high_normal,355,1097,Mean-risk-floor,355 4040 4449 4485 3566 3777 1097,6,0.0,0.0,0.0,0.0,0.0,0.0,0.0,0.0,0.0,0.0,0.0,0.0
high_normal,355,1097,CVaR-risk,355 4040 4449 4485 3566 3777 1097,6,0.0,0.0,0.0,0.0,0.0,0.0,0.0,0.0,0.0,0.0,0.0,0.0
high_normal,355,1097,CVaR+Concentration,355 4040 4449 4485 3566 3777 1097,6,0.0,0.0,0.0,0.0,0.0,0.0,0.0,0.0,0.0,0.0,0.0,0.0
high_normal,1877,4699,Hop-shortest,1877 4223 4066 4699,3,0.0,0.0,0.0,0.0,0.0,0.0,0.0,0.0,0.0,0.0,0.0,0.0
high_normal,1877,4699,Mean-risk-raw,1877 4223 4066 4699,3,0.0,0.0,0.0,0.0,0.0,0.0,0.0,0.0,0.0,0.0,0.0,0.0
high_normal,1877,4699,Mean-risk-floor,1877 4223 4066 4699,3,0.0,0.0,0.0,0.0,0.0,0.0,0.0,0.0,0.0,0.0,0.0,0.0
high_normal,1877,4699,CVaR-risk,1877 4223 4066 4699,3,0.0,0.0,0.0,0.0,0.0,0.0,0.0,0.0,0.0,0.0,0.0,0.0
high_normal,1877,4699,CVaR+Concentration,1877 4223 4066 4699,3,0.0,0.0,0.0,0.0,0.0,0.0,0.0,0.0,0.0,0.0,0.0,0.0
high_normal,2509,4990,Hop-shortest,2509 3697 4381 4066 3234 3656 4990,6,0.13023269673188528,0.5209307670593262,0.3906980901956558,0.5209307670593262,0.5209307670593262,0.13023269673188528,0.5555555386030966,0.7222222137467029,0.7813961803913116,0.0,0.0,0.0
high_normal,2509,4990,Mean-risk-raw,2509 3697 3837 3740 3777 4015 3656 4990,7,0.0,0.0,0.0,0.0,0.0,0.0,0.0,0.0,0.0,0.16666666666663887,0.9999999999987202,0.9999999999980804
high_normal,2509,4990,Mean-risk-floor,2509 3396 4381 3740 3777 4015 3656 4990,7,0.0,0.0,0.0,0.0,0.0,0.0,0.0,0.0,0.0,0.16666666666663887,0.9999999999987202,0.9999999999980804
high_normal,2509,4990,CVaR-risk,2509 3697 3837 3740 3777 4015 3656 4990,7,0.0,0.0,0.0,0.0,0.0,0.0,0.0,0.0,0.0,0.16666666666663887,0.9999999999987202,0.9999999999980804
high_normal,2509,4990,CVaR+Concentration,2509 3697 3837 3740 3777 4015 3656 4990,7,0.0,0.0,0.0,0.0,0.0,0.0,0.0,0.0,0.0,0.16666666666663887,0.9999999999987202,0.9999999999980804
high_normal,1870,1203,Hop-shortest,1870 1869 4514 3685 3590 3663 4102 3675 4320 1203,9,0.0,0.0,0.0,0.0,0.0,0.0,0.0,0.0,0.0,0.0,0.0,0.0
high_normal,1870,1203,Mean-risk-raw,1870 1869 4514 3685 3590 3663 4102 3675 4320 1203,9,0.0,0.0,0.0,0.0,0.0,0.0,0.0,0.0,0.0,0.0,0.0,0.0
high_normal,1870,1203,Mean-risk-floor,1870 1869 4514 3685 3590 3663 4102 3675 4320 1203,9,0.0,0.0,0.0,0.0,0.0,0.0,0.0,0.0,0.0,0.0,0.0,0.0
high_normal,1870,1203,CVaR-risk,1870 1869 4514 3685 3590 3663 4102 3675 4320 1203,9,0.0,0.0,0.0,0.0,0.0,0.0,0.0,0.0,0.0,0.0,0.0,0.0
high_normal,1870,1203,CVaR+Concentration,1870 1869 4514 3685 3590 3663 4102 3675 4320 1203,9,0.0,0.0,0.0,0.0,0.0,0.0,0.0,0.0,0.0,0.0,0.0,0.0
high_normal,2974,3695,Hop-shortest,2974 3846 4217 3768 3877 3561 3969 3695,7,0.12055918787206922,0.3879256248474121,0.3154454082250595,0.3879256248474121,0.3879256248474121,0.12055918787206922,0.3579057483930944,0.6306431565597281,0.8439143151044846,0.0,0.0,0.0
high_normal,2974,3695,Mean-risk-raw,2974 3846 4733 4094 3566 4295 5121 1863 3695,8,0.0,0.0,0.0,0.0,0.0,0.0,0.0,0.0,0.0,0.14285714285712245,0.9999999999988151,0.9999999999974223
high_normal,2974,3695,Mean-risk-floor,2974 3846 4733 4094 3566 4295 5121 1863 3695,8,0.0,0.0,0.0,0.0,0.0,0.0,0.0,0.0,0.0,0.14285714285712245,0.9999999999988151,0.9999999999974223
high_normal,2974,3695,CVaR-risk,2974 3846 4733 675 3663 4015 3234 4066 3695,8,0.0,0.0,0.0,0.0,0.0,0.0,0.0,0.0,0.0,0.14285714285712245,0.9999999999988151,0.9999999999974223
high_normal,2974,3695,CVaR+Concentration,2974 3846 4733 675 3663 4015 3234 4066 3695,8,0.0,0.0,0.0,0.0,0.0,0.0,0.0,0.0,0.0,0.14285714285712245,0.9999999999988151,0.9999999999974223
high_normal,690,4077,Hop-shortest,690 3572 3793 3593 4066 4381 3740 3755 4814 3666 3588 4077,11,0.06583039327101274,0.46366891264915466,0.06583039327101274,0.36206716299057007,0.46366891264915466,0.06583039327101274,0.539372600475936,0.8436923412017574,0.7241343259811401,0.0,0.0,0.0
high_normal,690,4077,Mean-risk-raw,690 3572 3568 3779 4792 1878 4381 3740 3755 4814 3666 3588 4077,12,0.0,0.0,0.0,0.0,0.0,0.0,0.0,0.0,0.0,0.09090909090908264,0.9999999999986191,0.9999999999972381
high_normal,690,4077,Mean-risk-floor,690 3572 3568 3779 4792 1878 4381 3740 3755 4814 3666 3588 4077,12,0.0,0.0,0.0,0.0,0.0,0.0,0.0,0.0,0.0,0.09090909090908264,0.9999999999986191,0.9999999999972381
high_normal,690,4077,CVaR-risk,690 3572 3956 3779 4792 1878 4381 3740 3755 4814 3666 3588 4077,12,0.0,0.0,0.0,0.0,0.0,0.0,0.0,0.0,0.0,0.09090909090908264,0.9999999999986191,0.9999999999972381
high_normal,690,4077,CVaR+Concentration,690 3572 3956 3779 4792 1878 4381 3740 3755 4814 3666 3588 4077,12,0.0,0.0,0.0,0.0,0.0,0.0,0.0,0.0,0.0,0.09090909090908264,0.9999999999986191,0.9999999999972381
high_normal,5154,1889,Hop-shortest,5154 2077 5155 3685 3590 3544 1889,6,0.04916979372501373,0.2950187623500824,0.04916979372501373,0.2950187623500824,0.2950187623500824,0.04916979372501373,0.999999999993221,0.8333333333333333,0.2950187623500824,0.0,0.0,0.0
high_normal,5154,1889,Mean-risk-raw,5154 2077 5155 3685 3590 3544 1889,6,0.04916979372501373,0.2950187623500824,0.04916979372501373,0.2950187623500824,0.2950187623500824,0.04916979372501373,0.999999999993221,0.8333333333333333,0.2950187623500824,0.0,0.0,0.0
high_normal,5154,1889,Mean-risk-floor,5154 2077 5155 3685 3590 3544 1889,6,0.04916979372501373,0.2950187623500824,0.04916979372501373,0.2950187623500824,0.2950187623500824,0.04916979372501373,0.999999999993221,0.8333333333333333,0.2950187623500824,0.0,0.0,0.0
high_normal,5154,1889,CVaR-risk,5154 4558 2076 5155 3685 4388 4467 3590 3544 1889,9,0.03277986248334249,0.2950187623500824,0.03277986248334249,0.2950187623500824,0.2950187623500824,0.03277986248334249,0.999999999993221,0.8888888888888888,0.2950187623500824,0.4999999999999167,0.0,0.0
high_normal,5154,1889,CVaR+Concentration,5154 4558 2076 5155 3685 4388 4467 3590 3544 1889,9,0.03277986248334249,0.2950187623500824,0.03277986248334249,0.2950187623500824,0.2950187623500824,0.03277986248334249,0.999999999993221,0.8888888888888888,0.2950187623500824,0.4999999999999167,0.0,0.0
high_normal,3347,4965,Hop-shortest,3347 5137 4547 4001 4098 3640 3227 3815 4254 3460 2684 3411 3746 2683 5187 4285 1064 1065 4965,18,0.0,0.0,0.0,0.0,0.0,0.0,0.0,0.0,0.0,0.0,0.0,0.0
high_normal,3347,4965,Mean-risk-raw,3347 5137 4547 4001 4098 3640 3227 3815 4254 3460 2684 3411 3746 2683 5187 4285 1064 1065 4965,18,0.0,0.0,0.0,0.0,0.0,0.0,0.0,0.0,0.0,0.0,0.0,0.0
high_normal,3347,4965,Mean-risk-floor,3347 5137 4547 4001 4098 3640 3227 3815 4254 3460 2684 3411 3746 2683 5187 4285 1064 1065 4965,18,0.0,0.0,0.0,0.0,0.0,0.0,0.0,0.0,0.0,0.0,0.0,0.0
high_normal,3347,4965,CVaR-risk,3347 5137 4547 4001 4098 3640 3227 3815 4254 3460 2684 3411 3746 2683 5187 4285 1064 1065 4965,18,0.0,0.0,0.0,0.0,0.0,0.0,0.0,0.0,0.0,0.0,0.0,0.0
high_normal,3347,4965,CVaR+Concentration,3347 5137 4547 4001 4098 3640 3227 3815 4254 3460 2684 3411 3746 2683 5187 4285 1064 1065 4965,18,0.0,0.0,0.0,0.0,0.0,0.0,0.0,0.0,0.0,0.0,0.0,0.0
high_normal,1542,3867,Hop-shortest,1542 1541 3812 1915 1916 5126 3777 3740 4254 3460 3867,10,0.022618532180786133,0.22618532180786133,0.022618532180786133,0.22618532180786133,0.22618532180786133,0.022618532180786133,0.9999999999911577,0.8999999999999999,0.22618532180786133,0.0,0.0,0.0
high_normal,1542,3867,Mean-risk-raw,1542 1541 3812 1915 1916 5126 3777 4935 3815 4254 3460 3867,11,0.0,0.0,0.0,0.0,0.0,0.0,0.0,0.0,0.0,0.09999999999999,0.9999999999955789,0.9999999999955789
high_normal,1542,3867,Mean-risk-floor,1542 1541 3812 1915 1916 5126 3777 4935 3815 4254 3460 3867,11,0.0,0.0,0.0,0.0,0.0,0.0,0.0,0.0,0.0,0.09999999999999,0.9999999999955789,0.9999999999955789
high_normal,1542,3867,CVaR-risk,1542 1541 3812 1915 1916 5126 3777 4935 3815 4254 3460 3867,11,0.0,0.0,0.0,0.0,0.0,0.0,0.0,0.0,0.0,0.09999999999999,0.9999999999955789,0.9999999999955789
high_normal,1542,3867,CVaR+Concentration,1542 1541 3812 1915 1916 5126 3777 4935 3815 4254 3460 3867,11,0.0,0.0,0.0,0.0,0.0,0.0,0.0,0.0,0.0,0.09999999999999,0.9999999999955789,0.9999999999955789
high_normal,2039,2829,Hop-shortest,2039 4559 2085 3588 3666 4814 3755 3740 4381 2829,9,0.0,0.0,0.0,0.0,0.0,0.0,0.0,0.0,0.0,0.0,0.0,0.0
high_normal,2039,2829,Mean-risk-raw,2039 4559 2085 3588 3666 4814 3755 3740 4381 2829,9,0.0,0.0,0.0,0.0,0.0,0.0,0.0,0.0,0.0,0.0,0.0,0.0
high_normal,2039,2829,Mean-risk-floor,2039 4559 2085 3588 3666 4814 3755 3740 4381 2829,9,0.0,0.0,0.0,0.0,0.0,0.0,0.0,0.0,0.0,0.0,0.0,0.0
high_normal,2039,2829,CVaR-risk,2039 4559 2085 3588 3666 4814 3755 3740 4381 2829,9,0.0,0.0,0.0,0.0,0.0,0.0,0.0,0.0,0.0,0.0,0.0,0.0
high_normal,2039,2829,CVaR+Concentration,2039 4559 2085 3588 3666 4814 3755 3740 4381 2829,9,0.0,0.0,0.0,0.0,0.0,0.0,0.0,0.0,0.0,0.0,0.0,0.0
high_normal,1367,1149,Hop-shortest,1367 1368 3946 5018 3777 1150 1149,6,0.0,0.0,0.0,0.0,0.0,0.0,0.0,0.0,0.0,0.0,0.0,0.0
high_normal,1367,1149,Mean-risk-raw,1367 1368 3946 5018 3777 1150 1149,6,0.0,0.0,0.0,0.0,0.0,0.0,0.0,0.0,0.0,0.0,0.0,0.0
high_normal,1367,1149,Mean-risk-floor,1367 1368 3946 5018 3777 1150 1149,6,0.0,0.0,0.0,0.0,0.0,0.0,0.0,0.0,0.0,0.0,0.0,0.0
high_normal,1367,1149,CVaR-risk,1367 1368 3946 5018 3777 1150 1149,6,0.0,0.0,0.0,0.0,0.0,0.0,0.0,0.0,0.0,0.0,0.0,0.0
high_normal,1367,1149,CVaR+Concentration,1367 1368 3946 5018 3777 1150 1149,6,0.0,0.0,0.0,0.0,0.0,0.0,0.0,0.0,0.0,0.0,0.0,0.0
high_normal,1982,920,Hop-shortest,1982 4058 4381 4066 4699 3562 4233 920,7,0.07441868952342443,0.2604654133319855,0.2604654133319855,0.2604654133319855,0.2604654133319855,0.07441868952342443,0.4999999999980804,0.7142857142857144,0.520930826663971,0.0,0.0,0.0
high_normal,1982,920,Mean-risk-raw,1982 4058 542 4057 3687 4230 4066 4699 3562 4233 920,10,0.0,0.0,0.0,0.0,0.0,0.0,0.0,0.0,0.0,0.4285714285713673,0.9999999999980804,0.9999999999961608
high_normal,1982,920,Mean-risk-floor,1982 4058 542 4057 3687 4230 4066 4699 3562 4233 920,10,0.0,0.0,0.0,0.0,0.0,0.0,0.0,0.0,0.0,0.4285714285713673,0.9999999999980804,0.9999999999961608
high_normal,1982,920,CVaR-risk,1982 4058 4381 4711 3232 4066 4699 3562 4233 920,9,0.02894060148133172,0.2604654133319855,0.02894060148133172,0.2604654133319855,0.2604654133319855,0.02894060148133172,0.9999999999923217,0.8888888888888888,0.2604654133319855,0.2857142857142449,0.4999999999990402,0.0
high_normal,1982,920,CVaR+Concentration,1982 4058 4381 4711 3232 4066 4699 3562 4233 920,9,0.02894060148133172,0.2604654133319855,0.02894060148133172,0.2604654133319855,0.2604654133319855,0.02894060148133172,0.9999999999923217,0.8888888888888888,0.2604654133319855,0.2857142857142449,0.4999999999990402,0.0
high_normal,3600,3808,Hop-shortest,3600 4196 3955 4276 4135 3466 801 3808,7,0.012465467410428184,0.08725827187299728,0.012465467410428184,0.08725827187299728,0.08725827187299728,0.012465467410428184,0.9999999999770794,0.8571428571428572,0.08725827187299728,0.0,0.0,0.0
high_normal,3600,3808,Mean-risk-raw,3600 4196 3955 4181 3777 4144 4145 793 4147 3808,9,0.0,0.0,0.0,0.0,0.0,0.0,0.0,0.0,0.0,0.2857142857142449,0.9999999999885397,0.9999999999885397
high_normal,3600,3808,Mean-risk-floor,3600 4196 3955 4276 4135 1947 3466 801 3808,8,0.0,0.0,0.0,0.0,0.0,0.0,0.0,0.0,0.0,0.14285714285712245,0.9999999999885397,0.9999999999885397
high_normal,3600,3808,CVaR-risk,3600 4196 3955 4276 4135 1947 3466 801 3808,8,0.0,0.0,0.0,0.0,0.0,0.0,0.0,0.0,0.0,0.14285714285712245,0.9999999999885397,0.9999999999885397
high_normal,3600,3808,CVaR+Concentration,3600 4196 3955 4276 4135 1947 3466 801 3808,8,0.0,0.0,0.0,0.0,0.0,0.0,0.0,0.0,0.0,0.14285714285712245,0.9999999999885397,0.9999999999885397
high_normal,3530,2970,Hop-shortest,3530 666 665 3451 3920 3917 3521 4121 3968 2970,9,0.0,0.0,0.0,0.0,0.0,0.0,0.0,0.0,0.0,0.0,0.0,0.0
high_normal,3530,2970,Mean-risk-raw,3530 666 665 3451 3920 3917 3521 4121 3968 2970,9,0.0,0.0,0.0,0.0,0.0,0.0,0.0,0.0,0.0,0.0,0.0,0.0
high_normal,3530,2970,Mean-risk-floor,3530 666 665 3451 3920 3917 3521 4121 3968 2970,9,0.0,0.0,0.0,0.0,0.0,0.0,0.0,0.0,0.0,0.0,0.0,0.0
high_normal,3530,2970,CVaR-risk,3530 666 665 3451 3920 3917 3521 4121 3968 2970,9,0.0,0.0,0.0,0.0,0.0,0.0,0.0,0.0,0.0,0.0,0.0,0.0
high_normal,3530,2970,CVaR+Concentration,3530 666 665 3451 3920 3917 3521 4121 3968 2970,9,0.0,0.0,0.0,0.0,0.0,0.0,0.0,0.0,0.0,0.0,0.0,0.0
high_normal,664,3831,Hop-shortest,664 3451 3920 703 3627 3742 4470 3453 3850 3831,9,0.04643586774667104,0.22254279255867004,0.20896140486001968,0.22254279255867004,0.22254279255867004,0.04643586774667104,0.5021121567179039,0.7849994131732647,0.41792280972003937,0.0,0.0,0.0
high_normal,664,3831,Mean-risk-raw,664 3451 185 184 3636 4429 3715 4779 4766 3009 3831,10,0.0,0.0,0.0,0.0,0.0,0.0,0.0,0.0,0.0,0.11111111111109877,0.9999999999976072,0.9999999999955065
high_normal,664,3831,Mean-risk-floor,664 3451 185 184 3636 4429 3715 4779 4766 3009 3831,10,0.0,0.0,0.0,0.0,0.0,0.0,0.0,0.0,0.0,0.11111111111109877,0.9999999999976072,0.9999999999955065
high_normal,664,3831,CVaR-risk,664 3451 185 184 3636 4429 3715 4779 4766 3009 3831,10,0.0,0.0,0.0,0.0,0.0,0.0,0.0,0.0,0.0,0.11111111111109877,0.9999999999976072,0.9999999999955065
high_normal,664,3831,CVaR+Concentration,664 3451 185 184 3636 4429 3715 4779 4766 3009 3831,10,0.0,0.0,0.0,0.0,0.0,0.0,0.0,0.0,0.0,0.11111111111109877,0.9999999999976072,0.9999999999955065
high_normal,3356,2306,Hop-shortest,3356 3514 4203 3477 4128 3584 4830 2306,7,0.0,0.0,0.0,0.0,0.0,0.0,0.0,0.0,0.0,0.0,0.0,0.0
high_normal,3356,2306,Mean-risk-raw,3356 3514 4203 3477 4128 3584 4830 2306,7,0.0,0.0,0.0,0.0,0.0,0.0,0.0,0.0,0.0,0.0,0.0,0.0
high_normal,3356,2306,Mean-risk-floor,3356 3514 4203 3477 4128 3584 4830 2306,7,0.0,0.0,0.0,0.0,0.0,0.0,0.0,0.0,0.0,0.0,0.0,0.0
high_normal,3356,2306,CVaR-risk,3356 3514 4203 3477 4128 3584 4830 2306,7,0.0,0.0,0.0,0.0,0.0,0.0,0.0,0.0,0.0,0.0,0.0,0.0
high_normal,3356,2306,CVaR+Concentration,3356 3514 4203 3477 4128 3584 4830 2306,7,0.0,0.0,0.0,0.0,0.0,0.0,0.0,0.0,0.0,0.0,0.0,0.0
normal_high,4945,5070,Hop-shortest,4945 3762 3653 1033 4249 4295 3895 3760 4103 5070,9,0.0,0.0,0.0,0.0,0.0,0.0,0.0,0.0,0.0,0.0,0.0,0.0
normal_high,4945,5070,Mean-risk-raw,4945 3762 3653 1033 4249 4295 3895 3760 4103 5070,9,0.0,0.0,0.0,0.0,0.0,0.0,0.0,0.0,0.0,0.0,0.0,0.0
normal_high,4945,5070,Mean-risk-floor,4945 3762 3653 1033 4249 4295 3895 3760 4103 5070,9,0.0,0.0,0.0,0.0,0.0,0.0,0.0,0.0,0.0,0.0,0.0,0.0
normal_high,4945,5070,CVaR-risk,4945 3762 3653 1033 4249 4295 3895 3760 4103 5070,9,0.0,0.0,0.0,0.0,0.0,0.0,0.0,0.0,0.0,0.0,0.0,0.0
normal_high,4945,5070,CVaR+Concentration,4945 3762 3653 1033 4249 4295 3895 3760 4103 5070,9,0.0,0.0,0.0,0.0,0.0,0.0,0.0,0.0,0.0,0.0,0.0,0.0
normal_high,325,296,Hop-shortest,325 3848 3561 3703 4295 296,5,0.09718606472015381,0.48593032360076904,0.48593032360076904,0.48593032360076904,0.48593032360076904,0.09718606472015381,0.9999999999958842,0.8,0.48593032360076904,0.0,0.0,0.0
normal_high,325,296,Mean-risk-raw,325 3848 3561 3969 2732 3414 4295 296,7,0.0,0.0,0.0,0.0,0.0,0.0,0.0,0.0,0.0,0.39999999999992,0.9999999999979421,0.9999999999979421
normal_high,325,296,Mean-risk-floor,325 3848 3561 3969 2732 3414 4295 296,7,0.0,0.0,0.0,0.0,0.0,0.0,0.0,0.0,0.0,0.39999999999992,0.9999999999979421,0.9999999999979421
normal_high,325,296,CVaR-risk,325 3848 3561 3969 2732 3414 4295 296,7,0.0,0.0,0.0,0.0,0.0,0.0,0.0,0.0,0.0,0.39999999999992,0.9999999999979421,0.9999999999979421
normal_high,325,296,CVaR+Concentration,325 3848 3561 3969 2732 3414 4295 296,7,0.0,0.0,0.0,0.0,0.0,0.0,0.0,0.0,0.0,0.39999999999992,0.9999999999979421,0.9999999999979421
normal_high,2394,2722,Hop-shortest,2394 3816 4057 542 4058 4381 4254 2722,7,0.10848799773624965,0.4989505708217621,0.3797079920768738,0.4989505708217621,0.4989505708217621,0.10848799773624965,0.549309800664571,0.7591482256414508,0.7594159841537476,0.0,0.0,0.0
normal_high,2394,2722,Mean-risk-raw,2394 3816 3865 3561 1553 1552 4381 4254 2722,8,0.0,0.0,0.0,0.0,0.0,0.0,0.0,0.0,0.0,0.14285714285712245,0.9999999999986833,0.9999999999979958
normal_high,2394,2722,Mean-risk-floor,2394 3816 3865 3561 1553 1552 4381 4254 2722,8,0.0,0.0,0.0,0.0,0.0,0.0,0.0,0.0,0.0,0.14285714285712245,0.9999999999986833,0.9999999999979958
normal_high,2394,2722,CVaR-risk,2394 3816 3865 3561 3878 4040 4449 4254 2722,8,0.0,0.0,0.0,0.0,0.0,0.0,0.0,0.0,0.0,0.14285714285712245,0.9999999999986833,0.9999999999979958
normal_high,2394,2722,CVaR+Concentration,2394 3816 3865 3561 3878 4040 4449 4254 2722,8,0.0,0.0,0.0,0.0,0.0,0.0,0.0,0.0,0.0,0.14285714285712245,0.9999999999986833,0.9999999999979958
normal_high,3545,3571,Hop-shortest,3545 4074 3561 3969 3695 4066 4223 4064 3684 4528 553 554 555 3212 3571,14,0.01664561325950282,0.21302349865436554,0.01664561325950282,0.11651929281651974,0.21302349865436554,0.01664561325950282,0.842978428691039,0.9163017946305798,0.23303858563303947,0.0,0.0,0.0
normal_high,3545,3571,Mean-risk-raw,3545 622 4075 4085 3561 3720 3567 3793 3593 4223 4064 3684 4528 553 554 555 3212 3571,17,0.0,0.0,0.0,0.0,0.0,0.0,0.0,0.0,0.0,0.21428571428569898,0.9999999999957089,0.9999999999914176
normal_high,3545,3571,Mean-risk-floor,3545 622 4075 4085 3561 3720 3567 3793 3593 4223 4064 3684 4528 553 554 555 3212 3571,17,0.0,0.0,0.0,0.0,0.0,0.0,0.0,0.0,0.0,0.21428571428569898,0.9999999999957089,0.9999999999914176
normal_high,3545,3571,CVaR-risk,3545 4074 3561 4607 2036 3663 4015 4135 4064 3684 4528 553 554 555 3212 3571,15,0.0013343391319115957,0.020015086978673935,0.0013343391319115957,0.0013343391319115957,0.020015086978673935,0.0013343391319115957,0.9999999999000755,0.9333333333333333,0.020015086978673935,0.07142857142856633,0.9141125624101352,0.9885483416467237
normal_high,3545,3571,CVaR+Concentration,3545 4074 3561 4607 2036 3663 4015 4135 4064 3684 4528 553 554 555 3212 3571,15,0.0013343391319115957,0.020015086978673935,0.0013343391319115957,0.0013343391319115957,0.020015086978673935,0.0013343391319115957,0.9999999999000755,0.9333333333333333,0.020015086978673935,0.07142857142856633,0.9141125624101352,0.9885483416467237
normal_high,3872,4384,Hop-shortest,3872 3477 5018 3777 4015 4139 4239 4384,7,0.05781360609190805,0.4046952426433563,0.05781360609190805,0.4046952426433563,0.4046952426433563,0.05781360609190805,0.9999999999950582,0.8571428571428572,0.4046952426433563,0.0,0.0,0.0
normal_high,3872,4384,Mean-risk-raw,3872 3477 5018 3777 4015 4139 537 4239 4384,8,0.0,0.0,0.0,0.0,0.0,0.0,0.0,0.0,0.0,0.14285714285712245,0.9999999999975291,0.9999999999975291
normal_high,3872,4384,Mean-risk-floor,3872 3477 5018 3777 4015 4139 537 4239 4384,8,0.0,0.0,0.0,0.0,0.0,0.0,0.0,0.0,0.0,0.14285714285712245,0.9999999999975291,0.9999999999975291
normal_high,3872,4384,CVaR-risk,3872 3477 5018 3777 4015 4139 537 4239 4384,8,0.0,0.0,0.0,0.0,0.0,0.0,0.0,0.0,0.0,0.14285714285712245,0.9999999999975291,0.9999999999975291
normal_high,3872,4384,CVaR+Concentration,3872 3477 5018 3777 4015 4139 537 4239 4384,8,0.0,0.0,0.0,0.0,0.0,0.0,0.0,0.0,0.0,0.14285714285712245,0.9999999999975291,0.9999999999975291
normal_high,363,2477,Hop-shortest,363 362 3807 4867 3493 4170 3777 4225 3532 3841 4049 4423 2477,12,0.015873823314905167,0.190485879778862,0.015873823314905167,0.015873823314905167,0.190485879778862,0.015873823314905167,0.9999999999895004,0.9166666666666667,0.190485879778862,0.0,0.0,0.0
normal_high,363,2477,Mean-risk-raw,363 362 3807 4867 3493 4170 3777 4225 3532 3841 4049 1555 4423 2477,13,0.0,0.0,0.0,0.0,0.0,0.0,0.0,0.0,0.0,0.08333333333332639,0.9999999999947502,0.9999999999370033
normal_high,363,2477,Mean-risk-floor,363 362 3807 4867 3493 4170 3777 4225 3532 3841 4049 1555 4423 2477,13,0.0,0.0,0.0,0.0,0.0,0.0,0.0,0.0,0.0,0.08333333333332639,0.9999999999947502,0.9999999999370033
normal_high,363,2477,CVaR-risk,363 362 3807 4867 3493 4170 3777 4225 3532 3841 3903 2243 3536 2477,13,0.0,0.0,0.0,0.0,0.0,0.0,0.0,0.0,0.0,0.08333333333332639,0.9999999999947502,0.9999999999370033
normal_high,363,2477,CVaR+Concentration,363 362 3807 4867 3493 4170 3777 4225 3532 3841 3903 2243 3536 2477,13,0.0,0.0,0.0,0.0,0.0,0.0,0.0,0.0,0.0,0.08333333333332639,0.9999999999947502,0.9999999999370033
normal_high,3011,1864,Hop-shortest,3011 3010 4376 3477 2067 3934 1864,6,0.0,0.0,0.0,0.0,0.0,0.0,0.0,0.0,0.0,0.0,0.0,0.0
normal_high,3011,1864,Mean-risk-raw,3011 3010 4376 3477 4899 4385 3934 1864,7,0.0,0.0,0.0,0.0,0.0,0.0,0.0,0.0,0.0,0.16666666666663887,0.0,0.0
normal_high,3011,1864,Mean-risk-floor,3011 3010 4376 3477 2067 3934 1864,6,0.0,0.0,0.0,0.0,0.0,0.0,0.0,0.0,0.0,0.0,0.0,0.0
normal_high,3011,1864,CVaR-risk,3011 3010 4376 3477 2067 3934 1864,6,0.0,0.0,0.0,0.0,0.0,0.0,0.0,0.0,0.0,0.0,0.0,0.0
normal_high,3011,1864,CVaR+Concentration,3011 3010 4376 3477 2067 3934 1864,6,0.0,0.0,0.0,0.0,0.0,0.0,0.0,0.0,0.0,0.0,0.0,0.0
normal_high,4710,4394,Hop-shortest,4710 3922 4370 3566 4295 3895 295 3636 3626 4394,9,0.0,0.0,0.0,0.0,0.0,0.0,0.0,0.0,0.0,0.0,0.0,0.0
normal_high,4710,4394,Mean-risk-raw,4710 3922 4370 3566 4295 3895 295 3636 3626 4394,9,0.0,0.0,0.0,0.0,0.0,0.0,0.0,0.0,0.0,0.0,0.0,0.0
normal_high,4710,4394,Mean-risk-floor,4710 3922 4370 3566 4295 3895 295 3636 3626 4394,9,0.0,0.0,0.0,0.0,0.0,0.0,0.0,0.0,0.0,0.0,0.0,0.0
normal_high,4710,4394,CVaR-risk,4710 3922 4370 3566 4295 3895 295 3636 3626 4394,9,0.0,0.0,0.0,0.0,0.0,0.0,0.0,0.0,0.0,0.0,0.0,0.0
normal_high,4710,4394,CVaR+Concentration,4710 3922 4370 3566 4295 3895 295 3636 3626 4394,9,0.0,0.0,0.0,0.0,0.0,0.0,0.0,0.0,0.0,0.0,0.0,0.0
normal_high,3048,2507,Hop-shortest,3048 4808 4461 3697 2507,4,0.0,0.0,0.0,0.0,0.0,0.0,0.0,0.0,0.0,0.0,0.0,0.0
normal_high,3048,2507,Mean-risk-raw,3048 4808 4461 3697 2507,4,0.0,0.0,0.0,0.0,0.0,0.0,0.0,0.0,0.0,0.0,0.0,0.0
normal_high,3048,2507,Mean-risk-floor,3048 4808 4461 3697 2507,4,0.0,0.0,0.0,0.0,0.0,0.0,0.0,0.0,0.0,0.0,0.0,0.0
normal_high,3048,2507,CVaR-risk,3048 4808 4461 3697 2507,4,0.0,0.0,0.0,0.0,0.0,0.0,0.0,0.0,0.0,0.0,0.0,0.0
normal_high,3048,2507,CVaR+Concentration,3048 4808 4461 3697 2507,4,0.0,0.0,0.0,0.0,0.0,0.0,0.0,0.0,0.0,0.0,0.0,0.0
normal_high,4499,923,Hop-shortest,4499 3457 4152 4905 4135 4276 3955 4196 4932 923,9,0.0,0.0,0.0,0.0,0.0,0.0,0.0,0.0,0.0,0.0,0.0,0.0
normal_high,4499,923,Mean-risk-raw,4499 3457 4152 4905 4135 4276 3955 4196 4932 923,9,0.0,0.0,0.0,0.0,0.0,0.0,0.0,0.0,0.0,0.0,0.0,0.0
normal_high,4499,923,Mean-risk-floor,4499 3457 4152 4905 4135 4276 3955 4196 4932 923,9,0.0,0.0,0.0,0.0,0.0,0.0,0.0,0.0,0.0,0.0,0.0,0.0
normal_high,4499,923,CVaR-risk,4499 3457 4152 4905 4135 4276 3955 4196 4932 923,9,0.0,0.0,0.0,0.0,0.0,0.0,0.0,0.0,0.0,0.0,0.0,0.0
normal_high,4499,923,CVaR+Concentration,4499 3457 4152 4905 4135 4276 3955 4196 4932 923,9,0.0,0.0,0.0,0.0,0.0,0.0,0.0,0.0,0.0,0.0,0.0,0.0
normal_high,1807,3631,Hop-shortest,1807 1808 1809 1810 3812 3692 4871 3650 3968 4121 4101 4102 4123 3631,13,0.017720846029428337,0.23037099838256836,0.017720846029428337,0.017720846029428337,0.23037099838256836,0.017720846029428337,0.9999999999913183,0.9230769230769231,0.23037099838256836,0.0,0.0,0.0
normal_high,1807,3631,Mean-risk-raw,1807 1808 1809 1810 3812 1915 1916 5126 3777 4015 3663 4102 4218 4123 3631,14,0.0,0.0,0.0,0.0,0.0,0.0,0.0,0.0,0.0,0.076923076923071,0.9999999999956591,0.9999999999435694
normal_high,1807,3631,Mean-risk-floor,1807 1808 1809 1810 3812 1915 1916 5126 3777 4015 3663 4102 4218 4123 3631,14,0.0,0.0,0.0,0.0,0.0,0.0,0.0,0.0,0.0,0.076923076923071,0.9999999999956591,0.9999999999435694
normal_high,1807,3631,CVaR-risk,1807 1808 1809 1810 3812 3692 4871 3650 3968 4121 4101 4102 4218 4123 3631,14,0.0,0.0,0.0,0.0,0.0,0.0,0.0,0.0,0.0,0.076923076923071,0.9999999999956591,0.9999999999435694
normal_high,1807,3631,CVaR+Concentration,1807 1808 1809 1810 3812 3692 4871 3650 3968 4121 4101 4102 4218 4123 3631,14,0.0,0.0,0.0,0.0,0.0,0.0,0.0,0.0,0.0,0.076923076923071,0.9999999999956591,0.9999999999435694
normal_high,3737,3168,Hop-shortest,3737 896 4928 3680 4429 3636 4787 3477 1195 4991 3461 3168,11,0.03878942131996155,0.426683634519577,0.03878942131996155,0.03878942131996155,0.426683634519577,0.03878942131996155,0.9999999999953129,0.9090909090909092,0.426683634519577,0.0,0.0,0.0
normal_high,3737,3168,Mean-risk-raw,3737 896 4928 3680 4429 3636 4787 761 3477 1195 4991 3461 3168,12,0.0,0.0,0.0,0.0,0.0,0.0,0.0,0.0,0.0,0.09090909090908264,0.9999999999976564,0.9999999999742198
normal_high,3737,3168,Mean-risk-floor,3737 896 4928 3680 4429 3636 4789 3477 1195 4991 3461 3168,11,0.0,0.0,0.0,0.0,0.0,0.0,0.0,0.0,0.0,0.0,0.9999999999976564,0.9999999999742198
normal_high,3737,3168,CVaR-risk,3737 896 4928 3680 4429 3636 4789 3477 1195 4991 3461 3168,11,0.0,0.0,0.0,0.0,0.0,0.0,0.0,0.0,0.0,0.0,0.9999999999976564,0.9999999999742198
normal_high,3737,3168,CVaR+Concentration,3737 896 4928 3680 4429 3636 4789 3477 1195 4991 3461 3168,11,0.0,0.0,0.0,0.0,0.0,0.0,0.0,0.0,0.0,0.0,0.9999999999976564,0.9999999999742198
normal_high,859,2379,Hop-shortest,859 3493 4170 3777 3744 4381 4449 5050 5038 4447 2379,10,0.0668952614068985,0.2604654133319855,0.23385191708803177,0.2604654133319855,0.2604654133319855,0.0668952614068985,0.33808240774504494,0.7177042834406078,0.668952614068985,0.0,0.0,0.0
normal_high,859,2379,Mean-risk-raw,859 3493 4170 3777 3566 4485 1492 5050 5038 4446 2379,10,0.0,0.0,0.0,0.0,0.0,0.0,0.0,0.0,0.0,0.0,0.9999999999985052,0.9999999999961608
normal_high,859,2379,Mean-risk-floor,859 3493 4170 3777 3566 4485 1492 5050 5038 4446 2379,10,0.0,0.0,0.0,0.0,0.0,0.0,0.0,0.0,0.0,0.0,0.9999999999985052,0.9999999999961608
normal_high,859,2379,CVaR-risk,859 4402 3917 3920 3859 4388 4040 5050 5038 4446 2379,10,0.0,0.0,0.0,0.0,0.0,0.0,0.0,0.0,0.0,0.0,0.9999999999985052,0.9999999999961608
normal_high,859,2379,CVaR+Concentration,859 4402 3917 3920 3859 4388 4040 5050 5038 4446 2379,10,0.0,0.0,0.0,0.0,0.0,0.0,0.0,0.0,0.0,0.0,0.9999999999985052,0.9999999999961608
normal_high,4553,3440,Hop-shortest,4553 4559 2085 3588 3666 3898 3508 3440,7,0.0,0.0,0.0,0.0,0.0,0.0,0.0,0.0,0.0,0.0,0.0,0.0
normal_high,4553,3440,Mean-risk-raw,4553 4559 2085 3588 3666 3898 3508 3440,7,0.0,0.0,0.0,0.0,0.0,0.0,0.0,0.0,0.0,0.0,0.0,0.0
normal_high,4553,3440,Mean-risk-floor,4553 4559 2085 3588 3666 3898 3508 3440,7,0.0,0.0,0.0,0.0,0.0,0.0,0.0,0.0,0.0,0.0,0.0,0.0
normal_high,4553,3440,CVaR-risk,4553 4559 2085 3588 3666 3898 3508 3440,7,0.0,0.0,0.0,0.0,0.0,0.0,0.0,0.0,0.0,0.0,0.0,0.0
normal_high,4553,3440,CVaR+Concentration,4553 4559 2085 3588 3666 3898 3508 3440,7,0.0,0.0,0.0,0.0,0.0,0.0,0.0,0.0,0.0,0.0,0.0,0.0
normal_high,1486,3921,Hop-shortest,1486 4712 4011 2668 4263 3651 4686 3777 3934 3544 3590 3685 3758 3921,13,0.09911909928688636,0.59003746509552,0.4295160969098409,0.5091785490512848,0.59003746509552,0.09911909928688636,0.3641417532166113,0.8074187977240272,1.2885482907295227,0.0,0.0,0.0
normal_high,1486,3921,Mean-risk-raw,1486 4712 4011 2668 4263 988 3651 992 4268 4488 4645 4040 4386 3758 3921,14,0.0,0.0,0.0,0.0,0.0,0.0,0.0,0.0,0.0,0.076923076923071,0.9999999999992238,0.9999999999980361
normal_high,1486,3921,Mean-risk-floor,1486 4712 4011 2668 4263 988 3651 992 4268 4488 4645 4040 4386 3758 3921,14,0.0,0.0,0.0,0.0,0.0,0.0,0.0,0.0,0.0,0.076923076923071,0.9999999999992238,0.9999999999980361
normal_high,1486,3921,CVaR-risk,1486 4712 4011 2668 4263 3651 992 4268 4488 4645 4040 4386 3758 3921,13,0.02078393789438101,0.2701911926269531,0.02078393789438101,0.02078393789438101,0.2701911926269531,0.02078393789438101,0.9999999999925979,0.9230769230769231,0.2701911926269531,0.0,0.7903134911034088,0.9591814346184352
normal_high,1486,3921,CVaR+Concentration,1486 4712 4011 2668 4263 3651 992 4268 4488 4645 4040 4386 3758 3921,13,0.02078393789438101,0.2701911926269531,0.02078393789438101,0.02078393789438101,0.2701911926269531,0.02078393789438101,0.9999999999925979,0.9230769230769231,0.2701911926269531,0.0,0.7903134911034088,0.9591814346184352
normal_high,1006,1559,Hop-shortest,1006 3456 3508 3837 3526 3561 4441 3563 1559,8,0.0,0.0,0.0,0.0,0.0,0.0,0.0,0.0,0.0,0.0,0.0,0.0
normal_high,1006,1559,Mean-risk-raw,1006 3456 3508 3837 3526 3561 4441 3563 1559,8,0.0,0.0,0.0,0.0,0.0,0.0,0.0,0.0,0.0,0.0,0.0,0.0
normal_high,1006,1559,Mean-risk-floor,1006 3456 3508 3837 3526 3561 4441 3563 1559,8,0.0,0.0,0.0,0.0,0.0,0.0,0.0,0.0,0.0,0.0,0.0,0.0
normal_high,1006,1559,CVaR-risk,1006 3456 3508 3837 3526 3561 4441 3563 1559,8,0.0,0.0,0.0,0.0,0.0,0.0,0.0,0.0,0.0,0.0,0.0,0.0
normal_high,1006,1559,CVaR+Concentration,1006 3456 3508 3837 3526 3561 4441 3563 1559,8,0.0,0.0,0.0,0.0,0.0,0.0,0.0,0.0,0.0,0.0,0.0,0.0
normal_high,1729,3453,Hop-shortest,1729 1730 4543 5038 5050 4040 4081 3926 4036 3513 4830 3453,11,0.01883985644037073,0.20723842084407806,0.01883985644037073,0.01883985644037073,0.20723842084407806,0.01883985644037073,0.9999999999903493,0.9090909090909092,0.20723842084407806,0.0,0.0,0.0
normal_high,1729,3453,Mean-risk-raw,1729 1730 4543 2380 2381 4626 1731 5038 5050 4040 4081 3926 4036 3513 4830 3453,15,0.0,0.0,0.0,0.0,0.0,0.0,0.0,0.0,0.0,0.36363636363633056,0.9999999999951746,0.9999999999469211
normal_high,1729,3453,Mean-risk-floor,1729 1730 4543 2380 2381 4626 1731 5038 5050 4040 4081 3926 4036 3513 4830 3453,15,0.0,0.0,0.0,0.0,0.0,0.0,0.0,0.0,0.0,0.36363636363633056,0.9999999999951746,0.9999999999469211
normal_high,1729,3453,CVaR-risk,1729 1730 4543 4446 5038 5050 4040 4081 3926 3334 4036 3513 4830 3453,13,0.015056067934403053,0.19572888314723969,0.015056067934403053,0.015056067934403053,0.19572888314723969,0.015056067934403053,0.9999999999897817,0.9230769230769231,0.19572888314723969,0.18181818181816528,0.055537663575628095,0.20083956147663629
normal_high,1729,3453,CVaR+Concentration,1729 1730 4543 4446 5038 5050 4040 4081 3926 3334 4036 3513 4830 3453,13,0.015056067934403053,0.19572888314723969,0.015056067934403053,0.015056067934403053,0.19572888314723969,0.015056067934403053,0.9999999999897817,0.9230769230769231,0.19572888314723969,0.18181818181816528,0.055537663575628095,0.20083956147663629
normal_high,2246,2492,Hop-shortest,2246 4361 4427 4171 3547 659 4092 4020 4019 3752 3457 3394 2493 2492,13,0.015325237925236043,0.19922809302806854,0.015325237925236043,0.015325237925236043,0.19922809302806854,0.015325237925236043,0.9999999999899611,0.9230769230769231,0.19922809302806854,0.0,0.0,0.0
normal_high,2246,2492,Mean-risk-raw,2246 4361 2248 4427 4171 3547 659 4092 4020 4019 3752 3457 3394 2493 2492,14,0.0,0.0,0.0,0.0,0.0,0.0,0.0,0.0,0.0,0.076923076923071,0.9999999999949806,0.9999999999347481
normal_high,2246,2492,Mean-risk-floor,2246 4361 2248 4427 4171 3547 659 4092 4020 4019 3752 3457 3394 2493 2492,14,0.0,0.0,0.0,0.0,0.0,0.0,0.0,0.0,0.0,0.076923076923071,0.9999999999949806,0.9999999999347481
normal_high,2246,2492,CVaR-risk,2246 4361 2248 4427 4171 3547 659 4092 4020 4019 3752 3457 3394 2493 2492,14,0.0,0.0,0.0,0.0,0.0,0.0,0.0,0.0,0.0,0.076923076923071,0.9999999999949806,0.9999999999347481
normal_high,2246,2492,CVaR+Concentration,2246 4361 2248 4427 4171 3547 659 4092 4020 4019 3752 3457 3394 2493 2492,14,0.0,0.0,0.0,0.0,0.0,0.0,0.0,0.0,0.0,0.076923076923071,0.9999999999949806,0.9999999999347481
normal_high,2814,4525,Hop-shortest,2814 3969 3561 4607 4608 5084 3892 4525,7,0.05199281232697623,0.3639496862888336,0.05199281232697623,0.3639496862888336,0.3639496862888336,0.05199281232697623,0.9999999999945048,0.8571428571428572,0.3639496862888336,0.0,0.0,0.0
normal_high,2814,4525,Mean-risk-raw,2814 3969 3561 4607 4589 5084 3892 4525,7,0.0,0.0,0.0,0.0,0.0,0.0,0.0,0.0,0.0,0.0,0.9999999999972524,0.9999999999972524
normal_high,2814,4525,Mean-risk-floor,2814 3969 3561 4607 4589 5084 3892 4525,7,0.0,0.0,0.0,0.0,0.0,0.0,0.0,0.0,0.0,0.0,0.9999999999972524,0.9999999999972524
normal_high,2814,4525,CVaR-risk,2814 3969 3561 4607 4589 5084 3892 4525,7,0.0,0.0,0.0,0.0,0.0,0.0,0.0,0.0,0.0,0.0,0.9999999999972524,0.9999999999972524
normal_high,2814,4525,CVaR+Concentration,2814 3969 3561 4607 4589 5084 3892 4525,7,0.0,0.0,0.0,0.0,0.0,0.0,0.0,0.0,0.0,0.0,0.9999999999972524,0.9999999999972524
normal_high,4196,1110,Hop-shortest,4196 3907 4295 4298 1110,4,0.0,0.0,0.0,0.0,0.0,0.0,0.0,0.0,0.0,0.0,0.0,0.0
normal_high,4196,1110,Mean-risk-raw,4196 3907 4295 4298 1110,4,0.0,0.0,0.0,0.0,0.0,0.0,0.0,0.0,0.0,0.0,0.0,0.0
normal_high,4196,1110,Mean-risk-floor,4196 3907 4295 4298 1110,4,0.0,0.0,0.0,0.0,0.0,0.0,0.0,0.0,0.0,0.0,0.0,0.0
normal_high,4196,1110,CVaR-risk,4196 3907 4295 4298 1110,4,0.0,0.0,0.0,0.0,0.0,0.0,0.0,0.0,0.0,0.0,0.0,0.0
normal_high,4196,1110,CVaR+Concentration,4196 3907 4295 4298 1110,4,0.0,0.0,0.0,0.0,0.0,0.0,0.0,0.0,0.0,0.0,0.0,0.0
normal_high,3754,368,Hop-shortest,3754 4820 4381 3744 3777 4170 3493 4867 3807 362 363 364 365 366 367 368,15,0.014579146107037862,0.21868719160556793,0.014579146107037862,0.014579146107037862,0.21868719160556793,0.014579146107037862,0.9999999999908544,0.9333333333333333,0.21868719160556793,0.0,0.0,0.0
normal_high,3754,368,Mean-risk-raw,3754 4567 4381 3744 3777 4170 3493 4867 3807 362 363 364 365 366 367 368,15,0.0,0.0,0.0,0.0,0.0,0.0,0.0,0.0,0.0,0.0,0.9999999999954272,0.9999999999314089
normal_high,3754,368,Mean-risk-floor,3754 4567 4381 3744 3777 4170 3493 4867 3807 362 363 364 365 366 367 368,15,0.0,0.0,0.0,0.0,0.0,0.0,0.0,0.0,0.0,0.0,0.9999999999954272,0.9999999999314089
normal_high,3754,368,CVaR-risk,3754 4567 4381 3744 3777 4170 3493 4867 3807 362 363 364 365 366 367 368,15,0.0,0.0,0.0,0.0,0.0,0.0,0.0,0.0,0.0,0.0,0.9999999999954272,0.9999999999314089
normal_high,3754,368,CVaR+Concentration,3754 4567 4381 3744 3777 4170 3493 4867 3807 362 363 364 365 366 367 368,15,0.0,0.0,0.0,0.0,0.0,0.0,0.0,0.0,0.0,0.0,0.9999999999954272,0.9999999999314089
normal_high,1708,3347,Hop-shortest,1708 1709 1710 3493 4170 3777 3566 3640 4098 4001 4547 5137 3347,12,0.0,0.0,0.0,0.0,0.0,0.0,0.0,0.0,0.0,0.0,0.0,0.0
normal_high,1708,3347,Mean-risk-raw,1708 1709 1710 3493 4170 3777 3566 3640 4098 4001 4547 5137 3347,12,0.0,0.0,0.0,0.0,0.0,0.0,0.0,0.0,0.0,0.0,0.0,0.0
normal_high,1708,3347,Mean-risk-floor,1708 1709 1710 3493 4170 3777 3566 3640 4098 4001 4547 5137 3347,12,0.0,0.0,0.0,0.0,0.0,0.0,0.0,0.0,0.0,0.0,0.0,0.0
normal_high,1708,3347,CVaR-risk,1708 1709 1710 3493 4170 3777 3566 3640 4098 4001 4547 5137 3347,12,0.0,0.0,0.0,0.0,0.0,0.0,0.0,0.0,0.0,0.0,0.0,0.0
normal_high,1708,3347,CVaR+Concentration,1708 1709 1710 3493 4170 3777 3566 3640 4098 4001 4547 5137 3347,12,0.0,0.0,0.0,0.0,0.0,0.0,0.0,0.0,0.0,0.0,0.0,0.0
normal_high,2195,1153,Hop-shortest,2195 2194 4887 4645 4485 3566 3777 1150 1149 4310 1153,10,0.0,0.0,0.0,0.0,0.0,0.0,0.0,0.0,0.0,0.0,0.0,0.0
normal_high,2195,1153,Mean-risk-raw,2195 2194 4887 4645 4485 3566 3777 1150 1149 4310 1153,10,0.0,0.0,0.0,0.0,0.0,0.0,0.0,0.0,0.0,0.0,0.0,0.0
normal_high,2195,1153,Mean-risk-floor,2195 2194 4887 4645 4485 3566 3777 1150 1149 4310 1153,10,0.0,0.0,0.0,0.0,0.0,0.0,0.0,0.0,0.0,0.0,0.0,0.0
normal_high,2195,1153,CVaR-risk,2195 2194 4887 4645 4485 3566 3777 1150 1149 4310 1153,10,0.0,0.0,0.0,0.0,0.0,0.0,0.0,0.0,0.0,0.0,0.0,0.0
normal_high,2195,1153,CVaR+Concentration,2195 2194 4887 4645 4485 3566 3777 1150 1149 4310 1153,10,0.0,0.0,0.0,0.0,0.0,0.0,0.0,0.0,0.0,0.0,0.0,0.0
normal_high,3775,667,Hop-shortest,3775 3142 3143 4625 3379 2386 3535 1395 1396 4232 4190 4020 667,12,0.0,0.0,0.0,0.0,0.0,0.0,0.0,0.0,0.0,0.0,0.0,0.0
normal_high,3775,667,Mean-risk-raw,3775 3142 3143 4625 3379 2386 3535 1395 1396 4232 4190 4020 667,12,0.0,0.0,0.0,0.0,0.0,0.0,0.0,0.0,0.0,0.0,0.0,0.0
normal_high,3775,667,Mean-risk-floor,3775 3142 3143 4625 3379 2386 3535 1395 1396 4232 4190 4020 667,12,0.0,0.0,0.0,0.0,0.0,0.0,0.0,0.0,0.0,0.0,0.0,0.0
normal_high,3775,667,CVaR-risk,3775 3142 3143 4625 3379 2386 3535 1395 1396 4232 4190 4020 667,12,0.0,0.0,0.0,0.0,0.0,0.0,0.0,0.0,0.0,0.0,0.0,0.0
normal_high,3775,667,CVaR+Concentration,3775 3142 3143 4625 3379 2386 3535 1395 1396 4232 4190 4020 667,12,0.0,0.0,0.0,0.0,0.0,0.0,0.0,0.0,0.0,0.0,0.0,0.0
normal_high,4932,107,Hop-shortest,4932 4196 3473 3582 3508 977 4257 2084 2996 2995 3802 107,11,0.0,0.0,0.0,0.0,0.0,0.0,0.0,0.0,0.0,0.0,0.0,0.0
normal_high,4932,107,Mean-risk-raw,4932 4196 3473 3582 3508 977 4257 2084 2996 2995 3802 107,11,0.0,0.0,0.0,0.0,0.0,0.0,0.0,0.0,0.0,0.0,0.0,0.0
normal_high,4932,107,Mean-risk-floor,4932 4196 3473 3582 3508 977 4257 2084 2996 2995 3802 107,11,0.0,0.0,0.0,0.0,0.0,0.0,0.0,0.0,0.0,0.0,0.0,0.0
normal_high,4932,107,CVaR-risk,4932 4196 3473 3582 3508 977 4257 2084 2996 2995 3802 107,11,0.0,0.0,0.0,0.0,0.0,0.0,0.0,0.0,0.0,0.0,0.0,0.0
normal_high,4932,107,CVaR+Concentration,4932 4196 3473 3582 3508 977 4257 2084 2996 2995 3802 107,11,0.0,0.0,0.0,0.0,0.0,0.0,0.0,0.0,0.0,0.0,0.0,0.0
normal_high,2593,899,Hop-shortest,2593 2594 4049 3526 3837 3508 977 4257 899,8,0.0,0.0,0.0,0.0,0.0,0.0,0.0,0.0,0.0,0.0,0.0,0.0
normal_high,2593,899,Mean-risk-raw,2593 2594 4049 3526 3837 3508 977 4257 899,8,0.0,0.0,0.0,0.0,0.0,0.0,0.0,0.0,0.0,0.0,0.0,0.0
normal_high,2593,899,Mean-risk-floor,2593 2594 4049 3526 3837 3508 977 4257 899,8,0.0,0.0,0.0,0.0,0.0,0.0,0.0,0.0,0.0,0.0,0.0,0.0
normal_high,2593,899,CVaR-risk,2593 2594 4049 3526 3837 3508 977 4257 899,8,0.0,0.0,0.0,0.0,0.0,0.0,0.0,0.0,0.0,0.0,0.0,0.0
normal_high,2593,899,CVaR+Concentration,2593 2594 4049 3526 3837 3508 977 4257 899,8,0.0,0.0,0.0,0.0,0.0,0.0,0.0,0.0,0.0,0.0,0.0,0.0
normal_high,532,2507,Hop-shortest,532 4055 2771 2772 3421 3651 4686 3777 3744 4381 2507,10,0.042831963300704955,0.42831963300704956,0.042831963300704955,0.42831963300704956,0.42831963300704956,0.042831963300704955,0.9999999999953306,0.8999999999999999,0.42831963300704956,0.0,0.0,0.0
normal_high,532,2507,Mean-risk-raw,532 4055 2771 2772 3421 4268 4488 4645 4040 4449 4254 4381 2507,12,0.0,0.0,0.0,0.0,0.0,0.0,0.0,0.0,0.0,0.19999999999998,0.9999999999976653,0.9999999999976653
normal_high,532,2507,Mean-risk-floor,532 4055 2771 2772 3421 4268 4488 4645 4040 4449 4254 4381 2507,12,0.0,0.0,0.0,0.0,0.0,0.0,0.0,0.0,0.0,0.19999999999998,0.9999999999976653,0.9999999999976653
normal_high,532,2507,CVaR-risk,532 4055 2771 2772 3421 4268 4488 4645 4040 4449 4254 4381 2507,12,0.0,0.0,0.0,0.0,0.0,0.0,0.0,0.0,0.0,0.19999999999998,0.9999999999976653,0.9999999999976653
normal_high,532,2507,CVaR+Concentration,532 4055 2771 2772 3421 4268 4488 4645 4040 4449 4254 4381 2507,12,0.0,0.0,0.0,0.0,0.0,0.0,0.0,0.0,0.0,0.19999999999998,0.9999999999976653,0.9999999999976653
normal_high,868,3273,Hop-shortest,868 3231 3646 3747 3777 5011 3273,6,0.0,0.0,0.0,0.0,0.0,0.0,0.0,0.0,0.0,0.0,0.0,0.0
normal_high,868,3273,Mean-risk-raw,868 3231 3646 3747 3777 5011 3273,6,0.0,0.0,0.0,0.0,0.0,0.0,0.0,0.0,0.0,0.0,0.0,0.0
normal_high,868,3273,Mean-risk-floor,868 3231 3646 3747 3777 5011 3273,6,0.0,0.0,0.0,0.0,0.0,0.0,0.0,0.0,0.0,0.0,0.0,0.0
normal_high,868,3273,CVaR-risk,868 3231 3646 3747 3777 5011 3273,6,0.0,0.0,0.0,0.0,0.0,0.0,0.0,0.0,0.0,0.0,0.0,0.0
normal_high,868,3273,CVaR+Concentration,868 3231 3646 3747 3777 5011 3273,6,0.0,0.0,0.0,0.0,0.0,0.0,0.0,0.0,0.0,0.0,0.0,0.0
normal_high,2819,607,Hop-shortest,2819 3871 2094 2093 2092 3550 1513 4272 1512 3456 3643 4036 3926 4081 4075 607,15,0.00686883678038915,0.10303255170583725,0.00686883678038915,0.00686883678038915,0.10303255170583725,0.00686883678038915,0.9999999999805886,0.9333333333333333,0.10303255170583725,0.0,0.0,0.0
normal_high,2819,607,Mean-risk-raw,2819 3871 2094 2093 2092 3550 1513 4272 1512 3456 3508 3837 3526 3561 4085 4075 607,16,0.0,0.0,0.0,0.0,0.0,0.0,0.0,0.0,0.0,0.06666666666666222,0.9999999999902943,0.9999999998544149
normal_high,2819,607,Mean-risk-floor,2819 3871 2094 2093 2092 3550 1513 4272 1512 3456 3508 3837 3526 3561 4085 4075 607,16,0.0,0.0,0.0,0.0,0.0,0.0,0.0,0.0,0.0,0.06666666666666222,0.9999999999902943,0.9999999998544149
normal_high,2819,607,CVaR-risk,2819 3871 2094 2093 2092 3550 1513 4272 1512 3456 3508 3837 3526 3561 4085 4075 607,16,0.0,0.0,0.0,0.0,0.0,0.0,0.0,0.0,0.0,0.06666666666666222,0.9999999999902943,0.9999999998544149
normal_high,2819,607,CVaR+Concentration,2819 3871 2094 2093 2092 3550 1513 4272 1512 3456 3508 3837 3526 3561 4085 4075 607,16,0.0,0.0,0.0,0.0,0.0,0.0,0.0,0.0,0.0,0.06666666666666222,0.9999999999902943,0.9999999998544149
normal_high,1203,1475,Hop-shortest,1203 3473 4196 5045 4240 4391 1475,6,0.0,0.0,0.0,0.0,0.0,0.0,0.0,0.0,0.0,0.0,0.0,0.0
normal_high,1203,1475,Mean-risk-raw,1203 3473 4196 5045 4240 4391 1475,6,0.0,0.0,0.0,0.0,0.0,0.0,0.0,0.0,0.0,0.0,0.0,0.0
normal_high,1203,1475,Mean-risk-floor,1203 3473 4196 5045 4240 4391 1475,6,0.0,0.0,0.0,0.0,0.0,0.0,0.0,0.0,0.0,0.0,0.0,0.0
normal_high,1203,1475,CVaR-risk,1203 3473 4196 5045 4240 4391 1475,6,0.0,0.0,0.0,0.0,0.0,0.0,0.0,0.0,0.0,0.0,0.0,0.0
normal_high,1203,1475,CVaR+Concentration,1203 3473 4196 5045 4240 4391 1475,6,0.0,0.0,0.0,0.0,0.0,0.0,0.0,0.0,0.0,0.0,0.0,0.0
