model,customer_set,budget,model_seed_runs,cost_increase_mean,cost_increase_std,common_global_risk_mean_mean,common_global_risk_mean_std,common_global_cvar90_mean_mean,common_global_cvar90_mean_std,common_global_cvar95_mean_mean,common_global_cvar95_mean_std,common_max_edge_risk_mean_mean,common_max_edge_risk_mean_std,common_high_risk_edge_hits_mean_mean,common_high_risk_edge_hits_mean_std,common_max_vehicle_risk_mean_mean,common_max_vehicle_risk_mean_std,common_max_vehicle_cvar90_mean_mean,common_max_vehicle_cvar90_mean_std,common_edge_burden_gini_used_mean_mean,common_edge_burden_gini_used_mean_std,common_top10_burden_share_mean_mean,common_top10_burden_share_mean_std,load_global_risk_mean_mean,load_global_risk_mean_std,load_cvar90_mean_mean,load_cvar90_mean_std,load_cvar95_mean_mean,load_cvar95_mean_std,load_max_vehicle_risk_mean_mean,load_max_vehicle_risk_mean_std,load_edge_burden_gini_used_mean_mean,load_edge_burden_gini_used_mean_std,load_top10_burden_share_mean_mean,load_top10_burden_share_mean_std
GAT,A,0.1,10,0.06612494623151986,0.010851231374668488,5.9098977559066785,0.41919229569507527,0.15945924445005727,0.014021745251860366,0.34066191785455824,0.02614312418806792,0.8338400357921001,0.04123282967863408,42.309999999999995,0.7578478299324563,1.8322050951855668,0.11121168729124906,0.31476677942235065,0.025594255179741437,0.8362856557484959,0.007314115574972948,0.861617865470009,0.009467356720752869,3.2736804621132243,0.2834457940017538,0.10899684609950203,0.011671874834684508,0.20549777220793652,0.021730035434308133,1.2022506182709538,0.11402126173259625,0.8776842791920464,0.008317951199144333,0.8795532321991029,0.012124989584860196
GAT,A,0.15,10,0.11077935538409822,0.009575189384572191,4.8359758606101035,0.2668568622681289,0.13120347140751681,0.005196104150841956,0.26856911970694214,0.019911193339096238,0.8254472889046612,0.04107849832109114,40.91,1.6421192269611713,1.5043673165221407,0.11772157142600813,0.26471663219827046,0.026581537009331944,0.8168754371339,0.006214561007765047,0.8336755207203963,0.00802642390661186,2.524594362434552,0.11206143273283195,0.07934647736316595,0.0037751715069705497,0.14132611777331122,0.010430627933083917,0.9352389097793289,0.055078345459661754,0.8563243848987,0.004555948278566059,0.8462384089777417,0.006313169903857972
GAT,A,0.2,10,0.1743132463440123,0.021503770411497352,3.553382509171218,0.39534943630066005,0.09132810321888384,0.014527244538353171,0.1748545209362107,0.030441384730351705,0.4368915866454242,0.12989147497806877,38.709999999999994,2.200227260989193,1.1364660002454539,0.14172684651954207,0.14318638667001654,0.030964158447320967,0.7684956382424801,0.01632648993375013,0.7719206077010371,0.021499644467206785,1.8329705428610286,0.28907592115647657,0.053333095049792736,0.011044990475103987,0.0880506257076463,0.019899161088487667,0.6602894962481012,0.11448486022496515,0.8176807055414986,0.01938108242937258,0.7886091606797685,0.027787603075710834
GAT,A,0.25,10,0.19084351245623768,0.019957895715005683,3.3622294088088283,0.19278406096140144,0.0846240307150423,0.009240874073455882,0.16079489630016644,0.013722038006471647,0.3910579714037395,0.031874849552826615,38.160000000000004,1.7920813473599797,1.0841276727088698,0.08031830416986169,0.13170320683278722,0.01328270657132789,0.7596708525467013,0.011969873831542624,0.7604217226949177,0.014371465566956699,1.7009185235716484,0.11933156212340089,0.048316252609771786,0.004598282541317112,0.07956170003019258,0.007427983425961027,0.6038875990518784,0.06064183264040164,0.8094504609385126,0.012683768391294111,0.7763333294673037,0.018199016115391903
GAT,A,0.3,10,0.2334093315628889,0.04418716698578144,3.1046748797066512,0.2150462008690178,0.07260698682951022,0.01062516987513456,0.14456553557037527,0.0162251681998605,0.38287395050349915,0.015069899300836348,37.480000000000004,1.208120670941259,1.018404918728781,0.11046728574480563,0.12101973235477559,0.01595931392440705,0.7439768010148522,0.014245757094937918,0.739783008099721,0.019120590118813213,1.5746883297061867,0.10649612187580117,0.04327352051201504,0.004529725127245874,0.0724457859178084,0.0044322370388152075,0.5602936675471557,0.057000360093669156,0.7985153711716624,0.011844581494437838,0.758709583225356,0.018906173269545065
GAT,A,0.35,10,0.29233824653930546,0.024979326896702406,2.815196419218127,0.24426912378046214,0.05969996203344834,0.010819946202209002,0.12051667288915975,0.026551101466548432,0.3603775318376403,0.025228268229567634,37.489999999999995,0.7723700897597954,0.9318612752947217,0.10168643979182058,0.10663665631453145,0.016003118080227034,0.7227999522236777,0.0211629343474981,0.7116870363540141,0.0267528595632606,1.4214769927194912,0.11759229392013748,0.03709229961054709,0.004524629732418888,0.06464146160986148,0.007296661899333174,0.5158159298477188,0.038584624690053075,0.781505500885421,0.015949211164829086,0.7329960962778348,0.022322150285664078
GAT,A,0.4,10,0.29233824653930546,0.024979326896702406,2.815196419218127,0.24426912378046214,0.05969996203344834,0.010819946202209002,0.12051667288915975,0.026551101466548432,0.3603775318376403,0.025228268229567634,37.489999999999995,0.7723700897597954,0.9318612752947217,0.10168643979182058,0.10663665631453145,0.016003118080227034,0.7227999522236777,0.0211629343474981,0.7116870363540141,0.0267528595632606,1.4214769927194912,0.11759229392013748,0.03709229961054709,0.004524629732418888,0.06464146160986148,0.007296661899333174,0.5158159298477188,0.038584624690053075,0.781505500885421,0.015949211164829086,0.7329960962778348,0.022322150285664078
GAT,B,0.1,10,0.06610397674967797,0.00787445517864407,7.335441254713994,0.11041762448647949,0.19362483114947507,0.020009894147124906,0.37213141464220756,0.004171243039805604,0.8497501577930704,0.0,46.2,1.2400716825158846,2.388690883177394,0.12316049804769054,0.3610925957069272,0.019320918222079903,0.8429182736713751,0.0012384491727109532,0.8741873267878895,0.0018811933440551745,3.6158145180331083,0.15398386687619484,0.10929392797367939,0.004754711376085293,0.19465686493968373,0.008017631795301058,1.2412634857722642,0.08217226850129633,0.8675360817392914,0.004028058964469986,0.8721872005764164,0.0056221871696367385
GAT,B,0.15,10,0.12124230977980846,0.018174283291324922,6.386318019746166,0.41398431848533507,0.15701653616759137,0.019968996627617256,0.3245200968190953,0.022787637461511485,0.7160724968507692,0.10395516339109415,44.760000000000005,1.3761459870877724,1.994274794330891,0.18445787047021867,0.3098457674803618,0.033831434532253624,0.8329896363651157,0.005966821996901142,0.857039837798288,0.008045452828198886,3.2543990780876535,0.16830082583057818,0.09741014275591943,0.006163719625686368,0.17582354587046595,0.011402829960537944,1.0854291247192995,0.08657347554414083,0.8628483100022054,0.004446693179158056,0.8605073237869577,0.00606882062371908
GAT,B,0.2,10,0.14419545462874075,0.026266264885878878,6.062924756824627,0.44471631287478186,0.14603912313995163,0.012492152518675394,0.30781184196135475,0.025960979000699713,0.7005261110918396,0.09838456778000294,44.25,1.3632070031119028,1.8998166733038526,0.1876852272645497,0.2887020419911265,0.0384289672399154,0.8288917539112021,0.0067161626921893305,0.8502547590628062,0.009860798104370069,3.0822993895618063,0.2602748887322028,0.09138206984255065,0.009652878969417428,0.16558190047399832,0.016970826726250266,1.0387947637805863,0.10973897947726803,0.8594541234222245,0.006696648083178961,0.8540486947314097,0.010361064649240618
GAT,B,0.25,10,0.2085814794332861,0.026760195493165887,5.045084810380895,0.51547757509051,0.12104173422988578,0.012741101576779337,0.24958524040738136,0.02954459945097138,0.5884820654244252,0.1089441382361227,42.17,1.4055841015985726,1.6130074882102676,0.19798428352195424,0.2189814954783073,0.04775299773012445,0.811980800302924,0.012932447972368128,0.8235845539506981,0.017074036701997405,2.4768369862186597,0.2706805745882985,0.06977793533099824,0.00975671785185021,0.12689894781613023,0.017931513274854156,0.8474660479124232,0.11074279829131863,0.8428088932597138,0.010610233153533207,0.824410673152021,0.016522980370409064
GAT,B,0.3,10,0.22996357744039062,0.026170342208233208,4.766431360437709,0.4432477422517934,0.1150132071191757,0.01081001260321838,0.23421725433190094,0.02491128450832114,0.5628061267348403,0.1032005000945167,41.540000000000006,1.3721030087667132,1.5381471690275708,0.12412814858652593,0.1992997419857154,0.03915255329387922,0.805827745275083,0.012797555581701325,0.8144765001705883,0.01655202028813544,2.3551631978258136,0.2073159931202534,0.0652995116048101,0.007388170709090273,0.11843788965482423,0.014763548158719853,0.8113548760473769,0.049952078707010766,0.8394307108527368,0.010203233984442797,0.8180660261619943,0.01503808302328622
GAT,B,0.35,10,0.2702746682171508,0.05368401909943627,4.441240028899815,0.5899069250804921,0.106258391561046,0.01621124438290163,0.21264518754164302,0.039349735054782474,0.53197856870564,0.1287185705166966,41.24000000000001,1.3647954669717612,1.4975556291135255,0.19470103210344844,0.1897315342584674,0.04637451638264605,0.7949226294142662,0.021508944749070218,0.7991544433777492,0.028784950469108585,2.1980849557706383,0.3265806613761746,0.059570401435818446,0.011902600923780978,0.10606325759487681,0.023396871163392754,0.7823054272532806,0.10892406911556188,0.8292260053163201,0.023770085819587287,0.8023251012305757,0.03499830766457312
GAT,B,0.4,10,0.34152290163909915,0.04048688749238752,3.9367762835495883,0.5088852486035643,0.0925033017673646,0.01622802482210187,0.18138446854445328,0.036518343599117,0.47258540271720956,0.14673235919110617,40.71,1.3649989824986035,1.2913250996046197,0.18689738777565326,0.15461717464151742,0.03081949513928509,0.7773156838838824,0.02328351904222554,0.7743065215363572,0.029951479274027498,1.9441258084074424,0.30548072467205084,0.050276284482311286,0.010867487790790954,0.08687482019006497,0.021102514929725008,0.6956801269373782,0.11459610324375599,0.8127305757394969,0.024617693138127908,0.7774787378013812,0.03583779980284349
GCN,A,0.1,10,0.06668530700194322,0.004997255106774257,5.959342747201231,0.2299075355447099,0.16120701004464133,0.00663938791376491,0.3439335494612391,0.014355946703472419,0.8464530296478218,0.0009341420731494805,42.08,0.45655716448703754,1.8035129850162495,0.09332165399456047,0.3108041752923453,0.029501069878672632,0.8365686857062983,0.003501402642639001,0.8623949334086556,0.004366739169455624,3.2651376152584803,0.17889102720372782,0.10844113105541464,0.006688106782136197,0.20525166781354215,0.012663390168630011,1.174166017671443,0.08605132825902335,0.8754264386323083,0.00604454288686566,0.8760645239131597,0.008479295171872575
GCN,A,0.15,10,0.1146928525067108,0.009516476487313812,4.659772848741634,0.1212373524627387,0.12772930215979542,0.0036758307421431383,0.2546610190703495,0.01322524546985328,0.820189028412927,0.023436764494610626,40.3,1.1907047399661161,1.5201349469324568,0.15356192992357176,0.25823785677079425,0.04194231631296171,0.8120493636005716,0.003713277206424518,0.8287257060912923,0.005095333027077797,2.4150557536443467,0.14396151785595374,0.07508201698486462,0.005283722232306377,0.13260454172309494,0.013933561851161357,0.9376966748963351,0.12686243642652276,0.8500336625877354,0.00821216460896324,0.8383105924563031,0.01189729560416475
GCN,A,0.2,10,0.16917618169880747,0.02204451863942694,3.486998687055401,0.535976014677747,0.09092371183199574,0.017065316021477133,0.17018012790973588,0.0362338741662048,0.46658326307622716,0.18639795585086372,38.41000000000001,0.7430417963419754,1.13345587754856,0.13805881517868826,0.15175860990917792,0.04063206889505018,0.762975237925741,0.023350225309751237,0.7657983768521035,0.029693288301907098,1.7691101601499466,0.24867729219389312,0.05089485060771889,0.00932708248922763,0.08408374205753874,0.01647100429383178,0.6355219893443963,0.09208425725327267,0.8123537937420574,0.015470467772977078,0.7805538002473295,0.023638887675690543
GCN,A,0.25,10,0.18564421614815607,0.016426322635867418,3.1994418889670753,0.11661078963535114,0.08106172555406792,0.007581466004918199,0.15113390990689174,0.010363225388679885,0.37869674408328957,0.0016944267407333624,38.2,0.5206833117271098,1.0832134755931242,0.11457288570854281,0.13036899182169065,0.01416563641739906,0.7498720976148824,0.007102814275519617,0.7489902246805672,0.009612091047473554,1.632569736855082,0.0641781063647211,0.04574445922014969,0.002561637924771148,0.07614766049837639,0.0031445506992781895,0.5815103318326724,0.05128604093470985,0.8036914127385468,0.00671044418971407,0.7672829763339959,0.009503482238436755
GCN,A,0.3,10,0.24626112305942494,0.040309506395388266,2.885308182532687,0.25529539550950714,0.06379376414862388,0.014762192575297694,0.12962023640694692,0.020035801863539805,0.35521516925541574,0.03295962369049223,38.45,0.9119576013536279,0.9861434168485559,0.1656972679030136,0.1116928595578121,0.021293731312438953,0.7285874336510553,0.01906295965944382,0.7200313325155168,0.02534276414715765,1.4639495667018312,0.13487966174594246,0.038948357806420635,0.005294323601362829,0.06617538508941659,0.008969272791176102,0.5269310255776436,0.08026951546819723,0.7876738022109478,0.014405515520992906,0.7434916540698635,0.020855318269202366
GCN,A,0.35,10,0.28199737996099944,0.03068039887104017,2.739902058766821,0.23408700288633716,0.056195777065429185,0.011747190417089267,0.11668990936398074,0.0234283122872975,0.3437023452121185,0.03368154921461457,38.58,0.8804039476916875,0.9069144092433907,0.1178054855872029,0.09984279698561462,0.013939251223128115,0.7163445722250781,0.020598149364971362,0.7040396109279433,0.026795560898797487,1.3757488050288618,0.1424724218827447,0.03553855836397342,0.005503548621665513,0.060231353330366166,0.010424611723405586,0.482882995279295,0.05710304256613806,0.7764280860129444,0.020811532599231866,0.7278822105409765,0.029854808161632062
GCN,A,0.4,10,0.2958043425870402,0.029742412121243594,2.6613049965442483,0.1811528798771937,0.05224428665976808,0.0067513750047557474,0.1089134375067983,0.02154765060749327,0.3412063598910957,0.03137974071760134,38.559999999999995,0.882169044017199,0.863907352771424,0.05903063533771855,0.09566202728067416,0.00579873306798429,0.7101284543959367,0.018537466820307037,0.6958375321850108,0.023387700254194257,1.3423525102956424,0.12181552823260589,0.03411787629754197,0.004470302708927092,0.058016448484206805,0.009032810530038274,0.47515106689320524,0.05282871099867482,0.772081683880043,0.019350401704257923,0.7214917357129329,0.027207040966127256
GCN,B,0.1,10,0.07094490294593907,0.00488666323683065,7.264190259791249,0.1420716471160532,0.18315364642590423,0.013698147465833903,0.36958771730786294,0.004378396918593915,0.8497501577930704,0.0,45.650000000000006,0.6916164640415486,2.3989906238265375,0.11440360210962722,0.3685728233956419,0.021060820445567688,0.8422242779170078,0.000634402995108291,0.8739885928032963,0.0016963709210318439,3.5444434249010435,0.1484274407966247,0.10686198914689085,0.004951938321310675,0.1899845151024111,0.008411857075327833,1.2443441712162895,0.06279698550509315,0.8648166696429769,0.0030347986331040805,0.868049909123566,0.005653009411665435
GCN,B,0.15,10,0.12920753372163418,0.019263244650271075,6.099227065723906,0.44679559901286836,0.1457650692157423,0.01161135314465093,0.3097315682600349,0.02607021806243343,0.7222697945698474,0.09661578102837738,43.730000000000004,0.9741663102366035,1.9916797999068852,0.13484138201775653,0.2873908727090502,0.028301606417773455,0.8295365610989729,0.006312869459471051,0.8517860061740162,0.009240666111781532,3.0002393004290075,0.19732332624621232,0.08813512218452257,0.007017166604327578,0.16113157140611523,0.012625515178824381,1.0540189386266932,0.06559486859114187,0.8573697712991111,0.004752080063589646,0.850218119624833,0.008122631680541934
GCN,B,0.2,10,0.1368063668547831,0.009182994548162363,5.944889963383945,0.2262586784253377,0.14258608640214981,0.006828013443871594,0.3013024855646943,0.0167199607576953,0.7036141316591319,0.08677551298890725,43.480000000000004,0.7685484153042442,1.9330308996032948,0.07686111506520686,0.27697566893731673,0.019213628677590543,0.8274439561681834,0.004900520173388023,0.8485830095568028,0.005837174460443334,2.9435800878728546,0.1222818048644187,0.08612460939519,0.004616804872641623,0.15787966988205335,0.009788918588750622,1.0312885075718385,0.0589672950988173,0.8561224327259207,0.004671700074306962,0.8480125737269854,0.0068172274441947065
GCN,B,0.25,10,0.20839337492516186,0.03312797480253858,4.506146431934992,0.7397572129569093,0.10906324589520913,0.019233378102186012,0.21919431018283847,0.044257327603464805,0.541950708767249,0.11713277478578267,41.230000000000004,1.0562512327408982,1.4937727819829607,0.1865531173029697,0.18202043877168622,0.038588766582097075,0.7932493362108877,0.019076485342679177,0.8010645766970246,0.025616138830554625,2.236816625118531,0.36932132810135204,0.06139380421288099,0.012795585611900582,0.11094372887837031,0.02432021906364468,0.8115678158837538,0.08815256393207013,0.8312565037666033,0.01350926102864349,0.8088720107067242,0.021616561612443404
GCN,B,0.3,10,0.22936543546375035,0.017820439887956424,4.184436184296252,0.17330579771353094,0.10084090484065136,0.006031933311435749,0.20042836614113116,0.012195201278745725,0.49760520805760483,0.038878064986029554,40.81,0.6226288353960703,1.4326800225310612,0.09567349181123629,0.16603902967629403,0.015377981726916113,0.7852619481619152,0.006690979724384621,0.7903883920357158,0.008312894471661282,2.090061026544472,0.10215947122718796,0.05618840953267743,0.0034913890234108663,0.1011209538973274,0.00647787456650213,0.7806926845088895,0.04674080036751404,0.8267213337886241,0.006584846118668072,0.8007353109057632,0.009551300661539457
GCN,B,0.35,10,0.25171078544240555,0.03565299790414957,4.030260801268276,0.42879815576267005,0.09637900205907914,0.013432104881754524,0.18965633583952013,0.02975837503100573,0.45522008886263415,0.09902010927548575,40.55,0.5190803834132477,1.3844845218910238,0.1695682575245101,0.15967821282407152,0.021746023431951027,0.7781241323821059,0.018749164862712275,0.7802698684759698,0.025931620040935147,2.005004514507997,0.2158701627140928,0.05310789403229092,0.0078031111331817084,0.09415993970297389,0.016617078448968238,0.7455682538078463,0.10027709299172566,0.820279005857574,0.016835078197284588,0.7907274834321352,0.025091521649332073
GCN,B,0.4,10,0.34751008387230825,0.041664265852737546,3.2950827680523154,0.32254704949688767,0.07288546294007289,0.010024404523420022,0.13586802647213783,0.024923055699450483,0.32142517472141635,0.08000962479725895,40.14,0.6552353266829671,1.1520262498711464,0.08886087982516915,0.13196814135856794,0.009382100149007297,0.7441585294192882,0.01568029957438801,0.7326280483490335,0.02166871237405488,1.6982990422190276,0.16843283233504114,0.0416481063625823,0.005844152776786334,0.06922961573180447,0.012287635681263662,0.6159494967492936,0.05186833136958903,0.7964296803931644,0.013107605619726967,0.7535854482015472,0.01865909502179125
Gradformer-adapted,A,0.1,10,0.07196908370605878,0.008286170871714089,5.980975311623515,0.5042183229612281,0.16211993023654173,0.013883220518812352,0.3438312883544378,0.032005114846754425,0.8464180993568661,0.0018723641274609529,41.75,0.7059272861515778,1.8704699265586417,0.09224966204467806,0.3123580401219758,0.02462440172380788,0.8358473108028834,0.008365986365932913,0.8614293821943981,0.011047299073732326,3.329519034345755,0.41634708272765786,0.11079459272149283,0.015260442321629469,0.20714124140106951,0.03214314641527805,1.2009341603402202,0.15000634759577258,0.874760040043132,0.010104741265259067,0.876102234066764,0.01526915487198312
Gradformer-adapted,A,0.15,10,0.1256216571647248,0.011281084347567407,4.508673750036828,0.29211418929349,0.12413056502959985,0.010139249266370646,0.24323923439507822,0.01950997409999528,0.7736052649191969,0.09137161737622003,39.89,0.8425490424235768,1.4609300512866332,0.16284271274596956,0.217029018001829,0.03533485879846803,0.8044482941776225,0.00970173902494353,0.8202548371480661,0.0116825362116946,2.2947481128590654,0.17578426389987836,0.07045541788281487,0.006799219233323023,0.12043595936330187,0.013875710284299974,0.8587380853147076,0.12108894607777639,0.8431330798969343,0.012182705079135894,0.8270589859098478,0.01746352384848569
Gradformer-adapted,A,0.2,10,0.16134025755916237,0.0318838816795125,4.0015519332096074,0.5016196657382868,0.10560303674551304,0.016883574248272498,0.20968198040924446,0.03478494211833928,0.6299495347710522,0.18291035678079387,39.63,1.1175866856758798,1.2403815273762215,0.22690824344996927,0.18831485362902534,0.05233240799977176,0.7849935507978048,0.020417623101759184,0.794839436827901,0.026035097477576572,2.008849706840011,0.2850951309793278,0.05959023972163173,0.01067666211648614,0.09901166826063776,0.021032356605106235,0.7352588340927848,0.1635534197635777,0.8262104611846347,0.017281724523819715,0.8004381042402973,0.02578883660845907
Gradformer-adapted,A,0.25,10,0.20315505250537277,0.018329223146208377,3.5866777779746384,0.16003473961396683,0.0915599493416407,0.007282295994418156,0.17886186137972404,0.011946857772438068,0.4888458615694475,0.11068974798013348,38.63,1.137296990431456,1.1075523060246915,0.11946680510121387,0.15095204732465808,0.023266846266075194,0.7687791748271243,0.008449371844478137,0.7737887035493406,0.010045821696552134,1.7680371960482197,0.12403529090193217,0.05065775332101916,0.005000661527532818,0.08274592266333276,0.00830348263410597,0.6234134234158247,0.07375857064185991,0.8132945300166806,0.014634240370085132,0.7807116349362583,0.018704814017726237
Gradformer-adapted,A,0.3,10,0.22263492133732954,0.029083959762735114,3.395411470150247,0.3797330628749519,0.08263527058765206,0.017292752377349164,0.16464810655088985,0.030816124333013423,0.4459380635451232,0.09099595917809696,38.54,0.9240009620004621,1.0516094632985715,0.15361273495720537,0.13638524836188654,0.028890223494633396,0.7570122971810164,0.02535339362007877,0.7586481254364899,0.033684768170604146,1.6873877545484361,0.1785666445289495,0.04752962480895728,0.007257752280383156,0.078723363827821,0.011502670312940756,0.5889065080841623,0.07858848668347057,0.8058321599264738,0.01847089569140956,0.7698947929066271,0.026663077601780428
Gradformer-adapted,A,0.35,10,0.2810345215425193,0.0462569252831281,2.8604306315918806,0.5285952913875979,0.06076513643792947,0.020964421027403507,0.11718143681455603,0.046956965618597024,0.371660678919402,0.05683381933368805,38.08999999999999,1.052457441736562,0.9202025285084622,0.17121965138278272,0.11164260884971093,0.027739663019977656,0.7186933956748647,0.03678325432313256,0.7085842107704272,0.04899950192228688,1.403832917528016,0.22730549919659007,0.03630731311642316,0.008894157620485408,0.060753647455946136,0.014184886276870833,0.49774903206973226,0.07832979122702727,0.7742715847068105,0.025435953506293737,0.7254533257495943,0.03574346490691099
Gradformer-adapted,A,0.4,10,0.3092925341150885,0.041638840178556756,2.6624941503414337,0.3378017320242437,0.05259725228646317,0.012473802234017346,0.09939268841277782,0.030853895800483717,0.3537936995891334,0.051251614651130414,38.209999999999994,1.0867382389517726,0.8469642825340561,0.07820584299038177,0.10098079391683515,0.016723454775366804,0.7055771883925581,0.0258872018196696,0.6907827286191763,0.033586477092214566,1.310300662297683,0.12301808286085511,0.03255417155802966,0.00462007078945924,0.054968084498299596,0.007755454036836126,0.4613528949576617,0.035130743868263696,0.7641048052114606,0.015658706732341446,0.7116700280118102,0.021852074451322406
Gradformer-adapted,B,0.1,10,0.07358874315871711,0.008124444784872129,7.296356885786897,0.24678098686083816,0.1923261480651272,0.022003113425290828,0.3660256569024681,0.011757099958627839,0.8497501577930704,0.0,46.14,0.9535897091167318,2.367891596866662,0.19582728425293217,0.36224505271327023,0.02608455363624407,0.8414070230298945,0.0020531727843147427,0.8733800307219246,0.0037690087629172957,3.545301816808602,0.2002418121223326,0.10625776814050736,0.00607477747656691,0.18846436992461452,0.0121097170525865,1.2257545312275187,0.10177039475038868,0.8642208474185923,0.004450312515119967,0.8680736870128609,0.006039869534587427
Gradformer-adapted,B,0.15,10,0.138907023409775,0.011449097284023105,5.947455686485981,0.46965725944132475,0.14536216051633968,0.013112421201073718,0.2985533120812286,0.03586628801639088,0.6925383712643917,0.1281865421114559,43.45,1.7933519205976023,1.826469548095656,0.15819550409651362,0.26454334031434,0.03807616169201676,0.826611789131342,0.010101508919021675,0.8487099661393813,0.011951042747535412,3.054773044779428,0.2976927378875512,0.09053535714265912,0.011388923734768516,0.16330181126787577,0.021439263019430083,0.9761895825787859,0.11115549534150994,0.8579970259244032,0.011217938257478471,0.8538533045829764,0.015141610600658223
Gradformer-adapted,B,0.2,10,0.14591211561474254,0.01255173501010679,5.75541197991919,0.6270388579874399,0.14106193313924792,0.015598767397206375,0.28728536776903035,0.04059174192830194,0.6645548768983184,0.12813964925921592,43.12,2.048197039132493,1.7821318298441131,0.1696327102317508,0.25334759004539653,0.038817713509449105,0.8224301036447447,0.013379448104675293,0.843043527077889,0.017616776986248996,2.9320345493584727,0.3796186778220303,0.08630411955216798,0.014141201668668273,0.15502551846761978,0.026068249439591403,0.9416535217290978,0.09237409976861465,0.8539360511053319,0.013110456699373113,0.8474286383955796,0.020844301233642646
Gradformer-adapted,B,0.25,10,0.21698886813769036,0.03270103010376153,4.623409844589124,0.6258374075245995,0.11122745637145211,0.01667335802762628,0.22507218768720288,0.038945396033531206,0.5346748212888806,0.09404013152957248,41.550000000000004,1.0522462745109733,1.50684396763489,0.1877505093376625,0.19614825877016814,0.03460498492552926,0.7969878665952765,0.015543910218335266,0.807166109940076,0.020625742714685605,2.3151771272453443,0.3328656371706,0.06404757591745167,0.012576473167664526,0.11708801637875318,0.023029084477788588,0.8081872633376225,0.0998107436924199,0.8338836392495835,0.013151226770932467,0.8137569731921573,0.02042992900863728
Gradformer-adapted,B,0.3,10,0.23867410765608899,0.023842231463821792,4.325076957051518,0.3411343248833266,0.1029255092241373,0.008650784718460668,0.2060725036822026,0.01994420485770609,0.4970919474506914,0.033165015031002464,41.28000000000001,1.1390054140930725,1.4035661152077765,0.1449016772167783,0.17812318824964377,0.02862369112887948,0.7888876877969663,0.011141111430002914,0.7958353315090982,0.01595970679975512,2.180787384694988,0.17702436322243856,0.05892711609468363,0.0060649000531862235,0.10730401694648858,0.01342812507336617,0.759611165191053,0.07289658020178257,0.8278900284719732,0.010013817975989377,0.8042889576529589,0.015265901836792935
Gradformer-adapted,B,0.35,10,0.26354736410263985,0.043517781022890396,4.139032936112486,0.5132089967596053,0.09670957222259079,0.015041730703495682,0.1913729560363168,0.036586359621945695,0.46697623480285133,0.08381756535918886,41.37000000000001,1.0562512327408973,1.3673882599915212,0.15946376486179173,0.16862047401100036,0.02662507606449909,0.7810200820471482,0.020041445944497464,0.784505303518243,0.02845715609173151,2.0682540366704076,0.291396254441929,0.054805771665565495,0.010361598965378539,0.09806426973287816,0.02255233935015504,0.7349836998696142,0.09657578708361123,0.8189838416442147,0.019941306061532566,0.7897278473551672,0.031588709334181196
Gradformer-adapted,B,0.4,10,0.30412272745117785,0.06230712713177416,3.8509771252910325,0.6802584892476576,0.08779291339927818,0.018893821690993805,0.17067409870431446,0.04646914786218304,0.4212076727928224,0.10732039000791131,41.50000000000001,1.1604596790352801,1.2747238971638697,0.17835019720878892,0.1536434904024405,0.029465448747221002,0.7674858023992593,0.02921650703539529,0.7653907905012624,0.04089427417572097,1.922990918897461,0.3429020555188884,0.049568975937835824,0.012169743336076054,0.0870227121732077,0.025852141841727985,0.6687166737311829,0.10575567685425305,0.8081077869394221,0.022821873713909955,0.7728335025444018,0.03652871071690249
GraphSAGE,A,0.1,10,0.07240137889483565,0.014987883538433418,5.671727717505698,0.6154359506513954,0.15378670741962244,0.014325239234804924,0.3224509778557043,0.04236102461250201,0.8411793418741776,0.015612068429750936,41.96999999999999,1.1795008360413395,1.7649972471193922,0.10101406030392009,0.29854171809479974,0.04763563188365923,0.830380750593547,0.011665046469755849,0.854476368446225,0.015741426154506147,3.124977588070827,0.4754432716664027,0.10290988693844008,0.01857894488435,0.19256606012210337,0.03748009303708121,1.1559929943059357,0.1130616459311095,0.8714270355196986,0.010739686259647722,0.8702000632119719,0.017284072628081293
GraphSAGE,A,0.15,10,0.11079561607584909,0.008385082098038597,4.577623784519405,0.14048840162051385,0.12723242201123153,0.0037515894902892086,0.248661575153313,0.011769191124444899,0.7970879010895506,0.04916736006232492,40.330000000000005,1.2320263344948799,1.5496581843792157,0.08374207093871998,0.23639094730280313,0.03157692348283848,0.808855952849005,0.0055105105047675495,0.8249868521992514,0.006027552332742534,2.332761391733992,0.1618825605368971,0.07175496171449396,0.005957516150653993,0.12749710706443051,0.010859989268100775,0.9051672203046015,0.096399342885836,0.844902190395753,0.011084835675667856,0.8307706210714061,0.014068904310645771
GraphSAGE,A,0.2,10,0.16902589989827338,0.01992261820384176,3.36282091886858,0.3767690491717858,0.08585859438308173,0.014709463860858136,0.16352465685600182,0.026673546315164554,0.42508437675302185,0.14661040210681012,38.36,0.738165895235541,1.1390125067957173,0.14328719130950138,0.14478308387613997,0.026265694938978994,0.7579380976494897,0.018794641454391792,0.7592819366246057,0.02326614056277371,1.736378210422965,0.17799115856173095,0.0495524120956892,0.0068750034472535955,0.08277632081247965,0.014251164296506896,0.6510026886763722,0.10804853120775194,0.8112244890962115,0.013216225679912832,0.7783270254806395,0.019031265682316858
GraphSAGE,A,0.25,10,0.202873196400473,0.03079358148346666,3.11071793148219,0.1735635991726349,0.07468442714936269,0.010157573712890767,0.14341382924714974,0.012935802847764737,0.3717199639407585,0.021643259904760813,38.21,1.0126423082433627,1.077416299494647,0.1060108010500359,0.12731084302929488,0.018369827290799293,0.7447979307946431,0.011240244671014074,0.7415037116230047,0.014704500429896848,1.585824466643085,0.10696210944246996,0.043546302832560925,0.004369599122232888,0.07327315267530117,0.005823360946711312,0.5706330850204144,0.0823562075207544,0.7994283927490133,0.01069854521057799,0.7609421523068433,0.014289582487640737
GraphSAGE,A,0.3,10,0.2419986025818614,0.03693630793955763,2.9199782091297246,0.21461945186157338,0.06298431254914146,0.01075029013363384,0.12725875105951634,0.015756923258538946,0.3567486967170274,0.02958188492758052,38.38,1.1429007928172168,0.9722026993845055,0.08544442420143664,0.10992055734264398,0.014609525292660273,0.7310216556322282,0.014044037559354211,0.7235214094572091,0.01927591274691311,1.4728364507459122,0.13019170246525513,0.039006353939534305,0.005216139829034527,0.06695334382840398,0.008350466182260494,0.5080897313110089,0.05853151394451436,0.7863526701477601,0.014344398825095604,0.7433758210122153,0.020361757303487986
GraphSAGE,A,0.35,10,0.2772396598226364,0.028492080360632898,2.7662562517927474,0.158405567032568,0.056013005781331095,0.007139335679419262,0.11555638626425817,0.01436290120415832,0.34041429397186374,0.033459223282304676,38.71,1.2679379585242596,0.9016840917545477,0.06473805024682612,0.09818557838693846,0.007744214051172501,0.7194649053775771,0.0133658599246155,0.7082141690356777,0.017431730758217585,1.3831697175973305,0.09384492259857989,0.03533655919030118,0.003584778460361397,0.060944297471388256,0.007027415786704509,0.47611684306974283,0.03525244912202202,0.7752560511837364,0.01604811814528794,0.727929427685862,0.021368513146637676
GraphSAGE,A,0.4,10,0.2772396598226364,0.028492080360632898,2.7662562517927474,0.158405567032568,0.056013005781331095,0.007139335679419262,0.11555638626425817,0.01436290120415832,0.34041429397186374,0.033459223282304676,38.71,1.2679379585242596,0.9016840917545477,0.06473805024682612,0.09818557838693846,0.007744214051172501,0.7194649053775771,0.0133658599246155,0.7082141690356777,0.017431730758217585,1.3831697175973305,0.09384492259857989,0.03533655919030118,0.003584778460361397,0.060944297471388256,0.007027415786704509,0.47611684306974283,0.03525244912202202,0.7752560511837364,0.01604811814528794,0.727929427685862,0.021368513146637676
GraphSAGE,B,0.1,10,0.06710900721477261,0.008411204197312866,7.308756048223975,0.1449682272054892,0.1917041508832959,0.0125145714258893,0.36913699200679856,0.00449365451147635,0.8497501577930704,0.0,46.339999999999996,0.5699902533279745,2.434465310348425,0.12476169217091836,0.36133085917295993,0.016154197451789087,0.8420831129948836,0.0007555494263138464,0.8738202591417131,0.0020158524332207902,3.64966687568464,0.10563246024769475,0.10999466005142641,0.0041339117836043035,0.19466054786560402,0.006739267255947058,1.2873841274910167,0.05065342078149365,0.8661946579157203,0.0029495945880534586,0.8718712720349092,0.004387535560419463
GraphSAGE,B,0.15,10,0.11430921455462462,0.022047843411868318,6.313697516759123,0.6221007857140509,0.15500737475469561,0.018433794532340498,0.3176201683930804,0.03475731085856073,0.7751530794875319,0.08567978012057836,44.910000000000004,0.920688148433912,2.0395965884523717,0.23884064123395848,0.3101622006958469,0.03477613059126284,0.8310141540931951,0.00910584400641355,0.8553024724762575,0.013196486987631708,3.2471954246134502,0.306611316487986,0.09655446074835482,0.010751235899152651,0.17420523244826075,0.017844337103679466,1.1119577274848742,0.10603964350222149,0.8624651949931014,0.007007137925521429,0.8600452146915764,0.012401126802056947
GraphSAGE,B,0.2,10,0.16493791633531463,0.025906387108201163,5.156142212831034,0.9454215334181059,0.12467906132155356,0.026016823517868482,0.2535729308109136,0.056472631860591156,0.6183925648470617,0.1903196704822007,42.74999999999999,1.4245857097572083,1.678963193456304,0.30040431007389756,0.22882771976251673,0.06842190907450887,0.8078733571294823,0.025274966754923366,0.8223095187924494,0.03322478377675961,2.652922036545462,0.5063003667821654,0.0759783249309397,0.0186174086577338,0.13753784009075853,0.03359433141209294,0.9178108085887837,0.16276727260362653,0.8452760703834888,0.021204752368137084,0.830482659956564,0.03285455426037987
GraphSAGE,B,0.25,10,0.2020330742218456,0.028865086612329918,4.429092112546149,0.5878508534208797,0.10542714035962375,0.0166495322059153,0.2120535494194875,0.03541941524644934,0.4849982238010699,0.11023299482977526,41.769999999999996,0.9177871939253316,1.4409239849236617,0.19645026364149887,0.1731861565593282,0.03851126442087772,0.7902601322514246,0.016537318719538285,0.798265377181591,0.022047491907380024,2.3081176259893725,0.36682827889537434,0.06322084925958955,0.01354955878677578,0.11528939625655621,0.02490130579703974,0.7943343427834302,0.10716719291321848,0.8328410945963677,0.016753519250246825,0.8107582461425051,0.025813070897531997
GraphSAGE,B,0.3,10,0.23065258341903389,0.033622969458529356,4.1207404807631045,0.49162450794582335,0.09739523079942151,0.014546864273851098,0.19430776327242877,0.02966145137192819,0.4393459046287241,0.08305648018399975,41.41,0.7651434142985511,1.3507740551419942,0.15434087506943975,0.15906085154822194,0.023045864048795533,0.7801536333062897,0.01905990482706312,0.7837627702779791,0.02640558144368459,2.1398078683881208,0.33887139358583324,0.05714245477484248,0.011923422164028944,0.1032398391539606,0.023447453544197285,0.7547450666940121,0.10346284336274815,0.8242737889469025,0.019869185101359713,0.7969063524736355,0.029714880542751638
GraphSAGE,B,0.35,10,0.2784768783015281,0.03800636942223633,3.781365041781991,0.42793501508522547,0.08748684411054541,0.012802195133616549,0.17283869161437188,0.028068391970571024,0.3815431627233806,0.09489157930006331,41.33,0.7703534542302278,1.2768968173761792,0.1631718541394872,0.1450156608065918,0.01851002994265806,0.7661500382847353,0.019666193963658585,0.7641592852849619,0.027363755929191543,1.9484852167678093,0.2186326747249009,0.05037429140352038,0.007447333854590353,0.08901440394215861,0.01701173926848934,0.7039850520321924,0.11077479425968693,0.8134534237867008,0.015860997408454872,0.7803152113926343,0.023493779412390885
GraphSAGE,B,0.4,10,0.32054915177050486,0.04575301031082982,3.532464987851226,0.34821754686458434,0.080510975711889,0.011143877952582577,0.15592238932500005,0.023699794172132502,0.3513719421428622,0.08744056172745945,40.88,0.6892830413633516,1.217471401692325,0.15141157851769405,0.1382748861938701,0.018383753415050278,0.7554015551505985,0.015617969826294133,0.7489045954424228,0.022100945147870952,1.8262121991066382,0.19580147057456104,0.04617681802497383,0.006537847240418087,0.07965964412819047,0.014681680457460768,0.6705238966877571,0.0994735572638884,0.805333666180036,0.01473996650174726,0.7675187521067661,0.021276097843591895
GraphSAGE-TEG-Concat,A,0.1,10,0.07298138071994847,0.009283558636068596,5.655346787255981,0.39086968921979337,0.15387430695648532,0.011119964462771333,0.3230283076741711,0.027780316737468797,0.8454264053794633,0.0018012600384011471,41.68,0.875341203315726,1.7566724971691077,0.13014818610629483,0.2961204302275728,0.032022460701720976,0.8314975975263026,0.007355638917507214,0.85509607523648,0.00936410001188122,3.0483178146130796,0.392566474649607,0.09999814477107846,0.014762334717027332,0.18677326804181987,0.030675787112680864,1.1073290091176342,0.146003129864011,0.868442161582103,0.010984206450032962,0.8654651715343882,0.01696531749650743
GraphSAGE-TEG-Concat,A,0.15,10,0.11836911055975423,0.01161714901125864,4.509634267452523,0.30761436770243505,0.12435635401030284,0.010377678611224976,0.2419986564918518,0.023536127134723302,0.7824821108144181,0.05338975504018556,39.239999999999995,1.1720826667849753,1.5382778521560276,0.1636957594782403,0.21226292819145387,0.03983621459496262,0.8051921295719309,0.009309589351371024,0.8206268707028368,0.012014185408123691,2.356499468761929,0.1985048665784596,0.07296591003669219,0.007615335099022618,0.12346507371296414,0.016570121411053806,0.92603850783357,0.10778387724426672,0.8484209581815237,0.008855025834553094,0.8331278408814772,0.013172028760309703
GraphSAGE-TEG-Concat,A,0.2,10,0.16573822735280025,0.026538846425718018,3.571489285285222,0.5299952087078841,0.09108590407516037,0.020007718955873124,0.17388732071954277,0.03688838656509659,0.48977650593298083,0.18143427259247732,38.5,0.7731609003162141,1.1645948094186027,0.1851457517722677,0.15013211605338184,0.03377407045282706,0.7682745069838847,0.02384354205452414,0.7717546894798322,0.030939100507304813,1.8138382882319626,0.27641660474626867,0.05229130227615094,0.010402492718459352,0.08738416254765681,0.01726758163860459,0.6597902727983248,0.1259736308822539,0.8143299371575701,0.019948707631271663,0.7840217136033241,0.029126447385212653
GraphSAGE-TEG-Concat,A,0.25,10,0.1979860674830596,0.021532999274273927,3.127562378495392,0.18804536000902927,0.07370779588686008,0.010350160175114606,0.1416739811433143,0.016464307008287275,0.3670147976325381,0.022759928305031613,38.349999999999994,1.1187790964558932,1.0374960257804375,0.09779991207759854,0.12744749496548607,0.012011816242533177,0.7471376308722806,0.013693820297697248,0.7435023936291987,0.01730525059820692,1.5856720253691718,0.13562532655717857,0.04370422541387989,0.005004674310881773,0.07369573023153848,0.007744177171113476,0.5559201418552447,0.07585710398882006,0.7976960004013371,0.012444491845600366,0.7597599731765767,0.01703611369006433
GraphSAGE-TEG-Concat,A,0.3,10,0.24502553907767705,0.03660371328997663,2.8367582401059623,0.26603156150669066,0.059605361466881626,0.012362112558968276,0.11637861539515315,0.024498230909666935,0.3320986751681688,0.04237057421329519,37.82,0.9211104409594121,0.9213495736065136,0.1197623534632154,0.11020973001987582,0.01662474354890582,0.7253650313432678,0.021758909726661547,0.7151568999745613,0.027892321144874943,1.423328104818912,0.14591435855134233,0.03734539736260314,0.005761813077590277,0.06433679169974772,0.00988346012359346,0.4782070918956703,0.07312055368847115,0.7815910651832572,0.019086935456775957,0.735908003479718,0.026668630772364157
GraphSAGE-TEG-Concat,A,0.35,10,0.29053155726172264,0.028707636620237252,2.6058515254123726,0.186373155108945,0.04992679011003588,0.006881204996602367,0.09367907695223274,0.018803318803770393,0.31144581410374744,0.033962797771392474,37.64,0.7862710869809603,0.8361191419163427,0.052395909066614885,0.09913470179154457,0.0060124351483689074,0.7062353968667365,0.01637322331922459,0.6904493380128438,0.020348114728022018,1.2856201755569134,0.10742997106887121,0.03181167856771013,0.003955040892729273,0.05485915269504614,0.00741916592244349,0.4382840877215486,0.04970100322806467,0.7621762566293342,0.016387491971893615,0.7077952054406764,0.022661000490550493
GraphSAGE-TEG-Concat,A,0.4,10,0.29053155726172264,0.028707636620237252,2.6058515254123726,0.186373155108945,0.04992679011003588,0.006881204996602367,0.09367907695223274,0.018803318803770393,0.31144581410374744,0.033962797771392474,37.64,0.7862710869809603,0.8361191419163427,0.052395909066614885,0.09913470179154457,0.0060124351483689074,0.7062353968667365,0.01637322331922459,0.6904493380128438,0.020348114728022018,1.2856201755569134,0.10742997106887121,0.03181167856771013,0.003955040892729273,0.05485915269504614,0.00741916592244349,0.4382840877215486,0.04970100322806467,0.7621762566293342,0.016387491971893615,0.7077952054406764,0.022661000490550493
GraphSAGE-TEG-Concat,B,0.1,10,0.07381741638547974,0.009742714683149144,7.240409956497528,0.15206240640182397,0.18752856700052317,0.016908841011450904,0.3665160512419282,0.0042586213938614215,0.8497501577930704,0.0,46.22,1.1961047891663454,2.4018025151580433,0.1786288637662558,0.36327139195931485,0.018009683953974263,0.8408811333629636,0.0013250226726818379,0.8717595531072421,0.0022522878352385276,3.6204176498069787,0.14639577793692848,0.10903369125017445,0.004562224906758051,0.19398984117564044,0.008281512572761081,1.2724507276588166,0.10089366843546506,0.8669939164379311,0.0029666854669924605,0.87129926179171,0.005694186584817093
GraphSAGE-TEG-Concat,B,0.15,10,0.1250520437981048,0.025040624325336675,6.185007315310174,0.641724427622166,0.14834397716370046,0.017956735314845578,0.3141432594879934,0.0404273563892419,0.7726293191972298,0.09958523772770626,44.19,1.1789354897062394,1.9604129859846158,0.19763324394412748,0.29432602638443905,0.04380004609939782,0.8293293478567767,0.010993396309596374,0.8524692100333656,0.014796549109677202,3.1212668145617153,0.3015726305323971,0.09251746454063134,0.010914748033680963,0.16712502894273937,0.020170703851199213,1.0465464847070671,0.10918117969206671,0.8597055280560925,0.0091134868901092,0.8559689639095506,0.013346550750420157
GraphSAGE-TEG-Concat,B,0.2,10,0.15339697059642549,0.02081963352396472,5.5391844697598405,0.6591667081192321,0.13226632220780907,0.01871684945252625,0.2766355290471734,0.04196769263392432,0.7157930147708678,0.14738904634891264,43.32000000000001,1.152581643287991,1.765126401431419,0.15730889982349977,0.2491588264183306,0.04379990113170251,0.8190079031906121,0.015093931366685139,0.8367395223796297,0.020643142954070246,2.8566991410436073,0.35091028694926885,0.0828542886407783,0.012971923585482029,0.15098219723933073,0.02320777650246437,0.9418591243334765,0.10484958323542154,0.8540606431014781,0.013164688295910288,0.8451634681787727,0.020001878237996807
GraphSAGE-TEG-Concat,B,0.25,10,0.21194068490912382,0.02881995729169542,4.2742419564494964,0.6060802792993154,0.10046710361710472,0.015165611794489046,0.20221594870156298,0.03401537503154184,0.4735857533119117,0.13006863481684341,41.9,1.1185307823708344,1.4172867284300898,0.20351414441821977,0.17296745203044575,0.03739586279546048,0.7857367373273888,0.019163371991831074,0.7909694560489993,0.02632976294469352,2.1930401615383035,0.3253287175529841,0.05887556086802439,0.011480059519448596,0.10745899635031671,0.022368962616210627,0.7569931654144014,0.1016710017038242,0.8284923426197335,0.01589263858528003,0.8040118091000119,0.024859025162535638
GraphSAGE-TEG-Concat,B,0.3,10,0.23954833528658356,0.024710431810922345,4.017272169118407,0.33935111043180627,0.09383570526621718,0.00823628377937464,0.186739600088016,0.020329701431251422,0.43996958761306965,0.07824249983063353,41.81,1.126893468296311,1.31616224266093,0.11189577066342225,0.15634504974019495,0.01644339548930659,0.7783863027912993,0.01248058424749036,0.7799878692972209,0.017246421719236574,2.0293787103331495,0.18392989282946726,0.05308604058737084,0.006227162542705917,0.09604571390257036,0.013656873785615494,0.7107641699601588,0.06127415477743511,0.8206198435137078,0.011180154812178576,0.7916293938131747,0.016971910121389232
GraphSAGE-TEG-Concat,B,0.35,10,0.2850236575709274,0.045569430886210294,3.79585654429317,0.4596533020334482,0.08731445281974701,0.013045370094749473,0.169529863494801,0.032301279802042844,0.41188207133114896,0.10877481949162418,42.05,1.1296508801887017,1.257974456219102,0.13737500121913274,0.1480627778467049,0.021099190348054905,0.7678198253550873,0.02054709681373305,0.7646704177554087,0.028632894264286085,1.9022721817629613,0.1941553666384748,0.04855889418503316,0.0066560327236441135,0.08511165621810965,0.015994438692076642,0.6663279779319935,0.07410655449786994,0.8112893568638082,0.012899692343954666,0.7765804197636949,0.02088531114233563
GraphSAGE-TEG-Concat,B,0.4,10,0.32760992725053467,0.04789040327990313,3.5566769054438785,0.3896462476900547,0.07972552393023757,0.010804794701623566,0.15287467797101165,0.02695810128477404,0.3603348187489006,0.09788581169031357,41.82,1.2899612397277664,1.1886129678296415,0.12030639785176396,0.13680095460206523,0.015511560372146571,0.7576703869967287,0.019012125924124847,0.7498386680639774,0.025001056201979996,1.794362812694708,0.16392245164250846,0.044677933004659595,0.005505108303772989,0.07633527544394803,0.013132460385027328,0.6324117351224288,0.068795331841337,0.8030577799647324,0.013532869695319315,0.7631950607406439,0.02011975749284435
SGFormer-TEG-Concat,A,0.1,10,0.07626546082784989,0.011534385385773468,5.316974226114901,0.4262501881854446,0.14526404725097192,0.008575320213755424,0.3011261926602149,0.030990894373672084,0.8401203454712288,0.015816446851884058,41.37,1.380861244940192,1.7649998770973592,0.0634931266904069,0.2892059371405481,0.05093748457298983,0.8252974278405105,0.010722727284989363,0.8467200847678258,0.012684299690959827,2.8078488510199544,0.3329297005414732,0.09092813625931198,0.013190054225950926,0.16771480078030299,0.028443841031886245,1.051773560998769,0.11030506957909865,0.8622367110865493,0.012294092944649294,0.8563679379463535,0.017166589806934484
SGFormer-TEG-Concat,A,0.15,10,0.11549646809634936,0.014459572103084498,4.388938913961623,0.3520445535868213,0.12048935678457277,0.012248443071634613,0.23278108458101512,0.024604762610662547,0.7606181808874504,0.1463107915652193,39.37,1.200971828700962,1.491617342454384,0.2644975544742898,0.20812282252486586,0.0364559358520515,0.8014402219516864,0.01418848643506771,0.8160516726760859,0.01769244928670497,2.1674354363493142,0.1966419285045689,0.06542009746433451,0.007420088419044952,0.11109181306430849,0.01565159230242838,0.8283929444306828,0.13219592669690527,0.8355269148214823,0.013101279193538684,0.8170592389220708,0.018070040291206426
SGFormer-TEG-Concat,A,0.2,10,0.15888954195615046,0.02254542356620899,3.423872365862813,0.4281405622275682,0.08589016718854584,0.016075361085636074,0.16544655708454165,0.03065110600781488,0.4395598621465903,0.1505208997087003,39.190000000000005,1.3395272798018467,1.117158585804631,0.15110400543051927,0.14231107130584478,0.024630432712024183,0.7603052001420103,0.020452989045735823,0.7626871835609269,0.026329436335611554,1.7225591237299835,0.17884819259191367,0.0487556209424371,0.006722260252002187,0.07964696715098438,0.012153434240241434,0.6158831523202388,0.1060123607471172,0.8081149069822475,0.016274025157023732,0.7757733230136472,0.020922412848933265
SGFormer-TEG-Concat,A,0.25,10,0.21517154300878336,0.026986015907045538,3.092811913853418,0.1782594095746814,0.07057682015699752,0.008708654575812406,0.1421975871799698,0.011928612522710488,0.3582580640880553,0.03517350977621925,39.07,1.5456390264224056,0.9969483901239874,0.11661586691339008,0.11828239921897776,0.017014049838372368,0.7431710837684079,0.010080186616282152,0.7395914215598565,0.014082072185276783,1.5443455173698786,0.13324934497053156,0.04185473021374819,0.0052675501718005046,0.06961033770074689,0.009394926873383301,0.5256569259308651,0.09347239402699369,0.7928578396722162,0.013256777692602653,0.7538454093908268,0.017847495904300625
SGFormer-TEG-Concat,A,0.3,10,0.234344243626973,0.028600306413246037,3.0096555580011564,0.1950864933395765,0.06564548667871935,0.0095159385937157,0.13633105846945706,0.015515044242341371,0.34605561684611336,0.03618175738839583,39.56999999999999,1.6145518814140902,0.9466223501915942,0.03362958624512429,0.10956549464921492,0.011986651648535799,0.738101123148859,0.010349285473205688,0.7325549196613703,0.014965534417990723,1.4761112721805685,0.10355833288675657,0.039164808799343476,0.00407917868462724,0.06514229703852989,0.00638512867082761,0.4828469776176284,0.032482750430565734,0.7860836315055859,0.009888462926682511,0.744655445012379,0.013013807426619084
SGFormer-TEG-Concat,A,0.35,10,0.26820113492845066,0.03844492684081223,2.865907968702559,0.22431684340455363,0.05970749326473433,0.009760112372718335,0.12322949645730719,0.017511457237824473,0.33206404109182036,0.037306246050882765,39.26,1.6607896381607825,0.9212778182996694,0.04568997295221343,0.10474493896485546,0.010834571782696933,0.727005553729198,0.016596136653330762,0.7179453968867916,0.021207985214223676,1.4058864087319591,0.12524826099906097,0.036443695606007284,0.004777210166237733,0.06121001064884581,0.007370704302491952,0.4674656974124871,0.03957476718921058,0.7773078804761114,0.014278891801958932,0.7314205179618154,0.019681203575932102
SGFormer-TEG-Concat,A,0.4,10,0.26820113492845066,0.03844492684081223,2.865907968702559,0.22431684340455363,0.05970749326473433,0.009760112372718335,0.12322949645730719,0.017511457237824473,0.33206404109182036,0.037306246050882765,39.26,1.6607896381607825,0.9212778182996694,0.04568997295221343,0.10474493896485546,0.010834571782696933,0.727005553729198,0.016596136653330762,0.7179453968867916,0.021207985214223676,1.4058864087319591,0.12524826099906097,0.036443695606007284,0.004777210166237733,0.06121001064884581,0.007370704302491952,0.4674656974124871,0.03957476718921058,0.7773078804761114,0.014278891801958932,0.7314205179618154,0.019681203575932102
SGFormer-TEG-Concat,B,0.1,10,0.07267464011260431,0.008865146823216267,7.0867957613721995,0.3714804405288554,0.18173960737084163,0.016275520990837386,0.35525138627075803,0.02340637267093744,0.8354628268972494,0.04518050731528838,46.15,1.071084600870641,2.3443034300425687,0.2619433802426378,0.3569472374700987,0.03965635498148599,0.8389182657040924,0.00472283604895417,0.8692471397002552,0.006863855699446297,3.5003498831283237,0.19066163092882596,0.10513138841841858,0.0067623208975590016,0.18655380020663193,0.011256972982180447,1.2249284606324111,0.08279599492441789,0.8632274808872363,0.0043917957633705885,0.8659458085386001,0.00675777764726005
SGFormer-TEG-Concat,B,0.15,10,0.13231444815878482,0.009724851209563139,5.7601366093549355,0.4456941460714682,0.1385949514176919,0.01259043382603176,0.28239855026511773,0.02565165793098163,0.7078077778638366,0.1659224224248172,44.36,1.6540858502508264,1.868394851823512,0.16137160720304514,0.2658787833253137,0.04029915712390306,0.8220973196995777,0.009860662881311998,0.8433147757262709,0.012445609576693117,2.8713986112794094,0.19410671557539083,0.082760792164091,0.006509944410376304,0.14911172002396902,0.012747507005723115,1.005572316617794,0.10594154493401857,0.8510752742387921,0.008041683159495104,0.8426225392586048,0.01024312104968192
SGFormer-TEG-Concat,B,0.2,10,0.15960315446418105,0.028177960327801826,5.212703660964924,0.9577580858256162,0.12514461476026212,0.024158476432282847,0.2523251496991034,0.05147929484368101,0.609155440394719,0.2128541476285335,43.470000000000006,2.3990970523650486,1.7188879259058474,0.27031876645477154,0.23242100320386178,0.06304215441303404,0.8081424589694504,0.023095436482585652,0.8232843489960132,0.032175152431213536,2.565758900178891,0.4753614180000557,0.07226149126835968,0.01656329122072813,0.13018122570164964,0.029463794019906467,0.9052038292796745,0.15492608356418933,0.8388537716625413,0.020414609875725666,0.823126757813543,0.03221861124958625
SGFormer-TEG-Concat,B,0.25,10,0.21010344454555505,0.021419714694360045,4.231802895325759,0.23231725587391164,0.0999454383663165,0.006713715546760925,0.1993653009774177,0.01274880312874352,0.422679201903484,0.09334850804548776,41.85,1.396225069408383,1.4313582201360622,0.12584761870694594,0.16297063598686826,0.01605103035501496,0.7837438015286189,0.008096491399919104,0.7899439237378187,0.011202655748513321,2.1470130809582177,0.1830677402586865,0.05739856517454941,0.006430651765502821,0.10496987917928835,0.012364184937748806,0.7791636331926799,0.07398080543293277,0.8242407869700331,0.011770036301169498,0.7982218521208093,0.018230982717368907
SGFormer-TEG-Concat,B,0.3,10,0.239764056678188,0.03862646380062922,4.039610201447668,0.46931438361796357,0.0944586305789084,0.012854461197290626,0.18795747633340013,0.026219491089372837,0.38667820421044474,0.11040458910275015,41.67999999999999,1.5739546795677863,1.3580891110903006,0.19318010827577414,0.1508157376263072,0.020588279354332075,0.7754440090696274,0.018286011981182366,0.7781978128214189,0.026189135405605204,2.061113441451689,0.2862894876696945,0.054470174287966765,0.00985714395579117,0.09764624556874457,0.021332095593180944,0.7423652834656165,0.10767104854608865,0.819278624673828,0.01778710422758357,0.7901883691352225,0.028342326230941458
SGFormer-TEG-Concat,B,0.35,10,0.2773219774676108,0.04323250366347698,3.8619863167750013,0.37862973535329636,0.0901373666354217,0.010402983156270132,0.1788420337267413,0.021603013334495994,0.3717118457073117,0.09944930793232046,41.33,1.3358725820809234,1.3279583420568728,0.15195749207111828,0.14699474566934467,0.01735302976066875,0.7696187955164155,0.015065439883564428,0.7692675662883579,0.021390444308204245,1.9371814816596031,0.22386936422594417,0.050177097361957926,0.00757733373544126,0.08936006527470422,0.01681983513731115,0.716796791611428,0.09106114760504053,0.812919000259169,0.014638090424170509,0.7799841275942423,0.022543306723560513
SGFormer-TEG-Concat,B,0.4,10,0.3041990883355962,0.05251189291522337,3.674133981550985,0.33716991465833,0.0853251036317825,0.010346891289904799,0.16698759132323548,0.022526546951317596,0.3604063362452965,0.10087927897036639,40.839999999999996,0.7501111028818762,1.2867327854246353,0.15340247062939125,0.14468424316755243,0.01667214904744773,0.7627284282633175,0.014444527269871022,0.7591230882346178,0.02077752009684742,1.8371081319152336,0.16924565062649197,0.046804936867049965,0.006160215825746708,0.08137990240962065,0.014250658694109455,0.6847327843965308,0.08575202965785285,0.806158241200405,0.013703577020013034,0.7696307096574835,0.021626949414065642
SGFormer-adapted,A,0.1,10,0.07600422874435159,0.012659664238229725,5.3517798494951485,0.4155980181521506,0.14264988117840022,0.010413305642663698,0.30309921199974127,0.02741794814320123,0.843880080142355,0.0017831450754140817,42.49999999999999,1.3856406460551025,1.7049515704911276,0.09008109232899598,0.30218696999979805,0.036045152810870805,0.8268149542631011,0.007710910104874183,0.8475849936289934,0.010410753619824542,2.8707490110351253,0.3664581628474656,0.09220368783533832,0.014591373443192479,0.16991684415209407,0.03040628671032874,1.024870024646925,0.11336732232047099,0.8629367181668568,0.011585364873678417,0.8569634786410477,0.0175959141748081
SGFormer-adapted,A,0.15,10,0.11988579565854458,0.015457652159090169,4.434782715126788,0.46860165155615924,0.11934207351795165,0.015041648047856897,0.2364472196890511,0.03296475185427623,0.7505319931205305,0.13131880247690503,40.39,1.6155150537487681,1.428844904550941,0.1644924698467191,0.21804231518969358,0.05542816399715849,0.8026012823223795,0.017900239505837627,0.8160163938163535,0.02220971585515505,2.2254310240282322,0.250934128424362,0.06749989816479021,0.009113070684267381,0.11683608435563683,0.02003977264542827,0.8132798312488111,0.11894208959203491,0.840360990628405,0.013340667505833268,0.8224230536432808,0.0198874641026006
SGFormer-adapted,A,0.2,10,0.16399090600336508,0.02179949557833935,3.5730985278708554,0.47864160112808174,0.09047332851076217,0.016717028061224413,0.17368259783192003,0.03617727635925164,0.46251719547425924,0.1428130545798088,39.28,1.9199537031455274,1.1469848823491722,0.16206143246777102,0.14623759686080806,0.02889669127925851,0.768147802816683,0.021937391824477254,0.7721202516482116,0.027205117355586925,1.7872164140872269,0.26826751963850176,0.05106284892147397,0.009663510368156804,0.08492336991163289,0.016755880482367973,0.6294655385556405,0.1150612011001473,0.8126196403016573,0.018155809601337294,0.7815890641335607,0.02611059918656641
SGFormer-adapted,A,0.25,10,0.1947924308632943,0.027808421793821606,3.2624010949370783,0.3615188606863693,0.076021962003028,0.015585330684786765,0.1510217397232851,0.025972761062189438,0.3763279427650905,0.03997366935830254,39.09,1.9335919367275456,1.0620243010007664,0.13046348976679273,0.12722406706805672,0.02232515750638511,0.7517544242872622,0.02110618070735644,0.7508813357111555,0.027483743994322667,1.620692553007689,0.18649906083695023,0.04457486884774444,0.007015719052276138,0.07427456448636452,0.00979982504252019,0.5658714088822715,0.0784469474759941,0.7980049078991278,0.019440721682134184,0.7604303838868495,0.028135991928083852
SGFormer-adapted,A,0.3,10,0.24251512873131156,0.03185948619554155,2.9582950401063135,0.3235762913742435,0.06302395370719277,0.013350640871377644,0.12739587324916146,0.025454438286550782,0.3407311586795968,0.03785521123900011,38.67,1.2824022596500502,0.9799462321564052,0.12806181108391718,0.11444912086206967,0.018690683759343584,0.7320574005589109,0.02377356016827436,0.7243582702416016,0.030875239377947786,1.4691468983930318,0.19606235349027223,0.03884373269367823,0.007485155535109626,0.0661870222660587,0.01192792907622231,0.5151258430821732,0.08246258564427221,0.783145449073118,0.021606666863880106,0.7391577475480883,0.03017226202794081
SGFormer-adapted,A,0.35,10,0.25397148855756224,0.040975874328359266,2.8919125943072244,0.37224255399170825,0.06076107349779987,0.015118744579923881,0.12008350766078331,0.03180521182838454,0.3334055392187791,0.03444776735199171,38.71,1.2723119813071702,0.962056506886122,0.14276528748675885,0.11273575848466652,0.020165636120302373,0.7263153260908359,0.028533312230396086,0.716955843876838,0.03683415201625571,1.4372028343859953,0.21004591601887276,0.03762188515750837,0.008062667744962738,0.06389162349897122,0.01258885968849743,0.5033984377043523,0.08820740429449332,0.780003967261494,0.023466985061743977,0.7350172207477341,0.03253494357586353
SGFormer-adapted,A,0.4,10,0.25397148855756224,0.040975874328359266,2.8919125943072244,0.37224255399170825,0.06076107349779987,0.015118744579923881,0.12008350766078331,0.03180521182838454,0.3334055392187791,0.03444776735199171,38.71,1.2723119813071702,0.962056506886122,0.14276528748675885,0.11273575848466652,0.020165636120302373,0.7263153260908359,0.028533312230396086,0.716955843876838,0.03683415201625571,1.4372028343859953,0.21004591601887276,0.03762188515750837,0.008062667744962738,0.06389162349897122,0.01258885968849743,0.5033984377043523,0.08820740429449332,0.780003967261494,0.023466985061743977,0.7350172207477341,0.03253494357586353
SGFormer-adapted,B,0.1,10,0.07585063235159427,0.013354171437159182,6.8178830419294325,0.6722372005643388,0.16996734003097694,0.02291237660451669,0.3415731915815926,0.040322458708924924,0.7762138928882221,0.13343330754572366,45.300000000000004,1.2952906151816959,2.2150226376028557,0.23376848515689785,0.33287944702490224,0.04898775308113596,0.8356321938580751,0.010095391233426797,0.8641915976433294,0.014199538160832626,3.323538653283633,0.23111449066723455,0.09888742628721722,0.008151895987685814,0.17686240977587717,0.01430861074203764,1.1713747516254798,0.10901517708574011,0.8611544747250827,0.005740228526553201,0.8603014832571553,0.008644175871347111
SGFormer-adapted,B,0.15,10,0.1108425446563847,0.01936652940304224,5.939049992997906,0.8139271060723681,0.14129834333608143,0.02309779802959895,0.2920623235261325,0.0493252056004532,0.6631448664345433,0.16817887652246102,44.540000000000006,1.5479018056711467,1.892380918721381,0.2406402404050346,0.2714705582580035,0.057963530841536534,0.8236113278600673,0.012791223729168445,0.8461783475587922,0.01845477510375648,3.0287740820903655,0.3383500317322911,0.08877808745775109,0.012399401154449702,0.15961971267111424,0.02109375245924695,1.0208634903559637,0.16211243079790788,0.8564487501010409,0.008861346107271009,0.851333130328239,0.013574627455004673
SGFormer-adapted,B,0.2,10,0.16405821661863962,0.025925062803427226,5.018993386820187,0.7133605170674823,0.11914166109135907,0.018064495480276478,0.24396515400386223,0.043093054555910386,0.5596571062900488,0.15821571219206496,42.67,2.3352611084083166,1.7053580704696647,0.2341497814387302,0.22612074840544288,0.049558082635533005,0.8066794109574902,0.018854187731923575,0.8203309048873315,0.024728040365236584,2.5480821542967758,0.3824960909932786,0.07174877655334663,0.013276516058786329,0.13153367699679394,0.024835668694097125,0.9185800138416118,0.11894131187727673,0.8422877312203381,0.014805922711270689,0.8265522857982781,0.02318665179558118
SGFormer-adapted,B,0.25,10,0.20608734415409655,0.030374201108398037,4.488401858047013,0.6813910174626603,0.10631130356872442,0.01809097219524074,0.21539855309644462,0.04135913653905304,0.46486223325959114,0.15019951776043186,41.74,1.8786519989964425,1.5460970276241843,0.21599324142251533,0.18987161130475985,0.04322456843972259,0.7922401216543211,0.0205918549909728,0.7998532063448658,0.02743822260375019,2.2552475522409052,0.3424082765650856,0.06157550548606607,0.012329081040982666,0.1124533273905173,0.023489523843619953,0.8314334609310121,0.10563713525525109,0.8304563012719692,0.015538498816716251,0.8076507353470607,0.02411649432424587
SGFormer-adapted,B,0.3,10,0.22583177982340943,0.027530393073710642,4.203892065274118,0.48457707342623946,0.09903858947145437,0.011739442873596198,0.1985069516558734,0.028265567749505737,0.4274028020382269,0.08285333021081041,41.510000000000005,1.9353150762716755,1.4614473756631154,0.13003761242571268,0.17155247591590236,0.02369301162192952,0.7837588156861754,0.016626517149614498,0.788183302243767,0.021762752899507222,2.1225591548779237,0.2142172514778327,0.05685930895198319,0.007417822952882426,0.1026320189010758,0.014487308247358943,0.7920765757977266,0.06513431851078362,0.8252726845325442,0.009858912933133365,0.7988794329628,0.015317725242239533
SGFormer-adapted,B,0.35,10,0.26067519419555235,0.04306211160914372,4.012693214733598,0.47881201793048533,0.09478698905078523,0.012240331084516439,0.18785181160570488,0.028361454801953054,0.3838532958137129,0.09335923599068659,41.35,1.3615758843666743,1.39041432580191,0.16961424183968699,0.16271150163972103,0.02609657109213919,0.7769064311097246,0.01760342294341451,0.7782168814365187,0.02315693260024247,2.0290859160567765,0.2170463022580292,0.053530631755268995,0.007566697531651577,0.09566360713512154,0.015000020825306808,0.7528230735291791,0.07698224940558789,0.8197356382991661,0.012204992130276987,0.7904798054047304,0.0190573611107999
SGFormer-adapted,B,0.4,10,0.2755186240571779,0.05947893893625661,3.942483372558384,0.5469757052749437,0.09232403997105819,0.015383406664752615,0.18255788964225791,0.0342205470660737,0.3773423741625041,0.09280997350609424,41.230000000000004,1.4368561359981582,1.3595174786472397,0.18679299356228357,0.15974468806149505,0.028613772932472904,0.7735200730261712,0.02148661917618006,0.7733359886896378,0.02888223992549812,1.9938472200209003,0.2424674293295222,0.052132476698662424,0.008620141747565157,0.09285622299853008,0.017213327221717614,0.7334904392848295,0.07870236256685692,0.8174508335469378,0.014022294333405034,0.7864521856980671,0.022441771293796653
Stable-Tail GNN,A,0.1,10,0.06861674702700876,0.010714124819665325,5.556464699069394,0.4060802637604984,0.14974818661213865,0.010362418095187056,0.31794708129289484,0.027236218182339532,0.8450975449922942,0.0019725493883641456,42.17,0.8957306142659929,1.750032336648561,0.09878926324124382,0.32697681097148634,0.02168196866861806,0.8305351400926057,0.006795627940311554,0.8540054909963335,0.009705208870478274,3.018120281311337,0.3781007638596551,0.09924360359885717,0.014385533644075814,0.185266157626811,0.027392881028435196,1.1051090263983776,0.1462179576747306,0.8669855695626036,0.011748061558271438,0.8641720440425493,0.017789619419931197
Stable-Tail GNN,A,0.15,10,0.11051194935895292,0.0068002998496224315,4.5303930537848185,0.12359538367621035,0.12555115613278628,0.004987426319636519,0.2445602026890948,0.009660068786325002,0.8144633084483053,0.039136298541948014,39.53,0.7513691207093592,1.5572231739903146,0.07792187193962988,0.23226266002008011,0.020465032666920402,0.806915657075591,0.005342361900826154,0.8225223508745543,0.005797560359376297,2.3372430057754046,0.13809434269352389,0.07162282983674309,0.005210006167147676,0.12492357335964932,0.009167459253385649,0.9126627174996198,0.08518728408663959,0.8461829082657628,0.008966688548678464,0.8314811011225686,0.011021436552841983
Stable-Tail GNN,A,0.2,10,0.17677191785425578,0.011205369470495255,3.2725572316303797,0.08912562552414144,0.08140711339528363,0.004567942219422925,0.15268627234077484,0.011181471384708912,0.37716321662167784,0.001934446788632884,38.11,1.2887978895078929,1.0630845103678976,0.06810401472698362,0.13384426897063803,0.008107003799669051,0.7537858590597001,0.0038320193852143616,0.7549475752504038,0.005580916373217748,1.656334213014636,0.09001689920945141,0.046600674554166624,0.0031817044271813806,0.07651313582680623,0.004870107517024111,0.5774655932711079,0.03588154504945796,0.804931989169645,0.006562347638692752,0.7702834505665624,0.010201528858328599
Stable-Tail GNN,A,0.25,10,0.17677191785425578,0.011205369470495255,3.2725572316303797,0.08912562552414144,0.08140711339528363,0.004567942219422925,0.15268627234077484,0.011181471384708912,0.37716321662167784,0.001934446788632884,38.11,1.2887978895078929,1.0630845103678976,0.06810401472698362,0.13384426897063803,0.008107003799669051,0.7537858590597001,0.0038320193852143616,0.7549475752504038,0.005580916373217748,1.656334213014636,0.09001689920945141,0.046600674554166624,0.0031817044271813806,0.07651313582680623,0.004870107517024111,0.5774655932711079,0.03588154504945796,0.804931989169645,0.006562347638692752,0.7702834505665624,0.010201528858328599
Stable-Tail GNN,A,0.3,10,0.2667690989187431,0.032123707410537695,2.8188183961236,0.21608047602988623,0.057782691760449735,0.010352566222627788,0.11720376495399853,0.020479350751601323,0.33542232332981825,0.030705614321373004,38.519999999999996,1.4085453489327215,0.9135674720796892,0.0608050853595783,0.10417033324340086,0.00992506164306497,0.7226941270956541,0.014438020303464269,0.7125659852118706,0.019550374775016335,1.4371288311751402,0.15674046446964704,0.03762362864660697,0.005742657726404106,0.06346912475782894,0.009733051052736478,0.5057515791658252,0.05687540610716623,0.7826249473289479,0.014365399830795994,0.7373979310468354,0.020077871574297027
Stable-Tail GNN,A,0.35,10,0.27817127294506905,0.020214200499300332,2.764653085447398,0.15426856169362535,0.055623214811991374,0.007428381073407812,0.11203549258827823,0.014537078750721699,0.3280495102276712,0.0284274142905412,38.67,1.47275252503603,0.8972739106704978,0.035434066700438104,0.10106408050136725,0.008261297116159439,0.7189693063100456,0.011099118620553771,0.7075989159529,0.014398916289521762,1.4150114930886135,0.13801837470702333,0.03674213593884017,0.004874383117007138,0.062477259118814486,0.008821154485571133,0.4977245097957372,0.054537242814984226,0.7806887253802588,0.012754502501204903,0.7345017756245674,0.017308127813310065
Stable-Tail GNN,A,0.4,10,0.27817127294506905,0.020214200499300332,2.764653085447398,0.15426856169362535,0.055623214811991374,0.007428381073407812,0.11203549258827823,0.014537078750721699,0.3280495102276712,0.0284274142905412,38.67,1.47275252503603,0.8972739106704978,0.035434066700438104,0.10106408050136725,0.008261297116159439,0.7189693063100456,0.011099118620553771,0.7075989159529,0.014398916289521762,1.4150114930886135,0.13801837470702333,0.03674213593884017,0.004874383117007138,0.062477259118814486,0.008821154485571133,0.4977245097957372,0.054537242814984226,0.7806887253802588,0.012754502501204903,0.7345017756245674,0.017308127813310065
Stable-Tail GNN,B,0.1,10,0.06723721969696064,0.005750342077948138,7.228297647381966,0.10781147107720879,0.19001424407383258,0.008614447345367027,0.3669159866900645,0.00579017480082473,0.8497501577930704,0.0,46.16,0.8720346578229813,2.4305669825699114,0.14669427554281264,0.37102853974980354,0.017942907028737885,0.8414984982600396,0.0015595595656410467,0.8722462450064489,0.0024823735736564916,3.586433704080263,0.09984984193413127,0.10872392291757955,0.0037533689210272744,0.19281313065912947,0.006536777363158384,1.2956048046027562,0.0824302428026873,0.8665619843839029,0.0023586438807232366,0.8709929864797363,0.0031898966364927437
Stable-Tail GNN,B,0.15,10,0.12744136073296183,0.01211216375835294,5.890608070271743,0.41135139493932216,0.1409216384700682,0.012075437130211877,0.2904917578171665,0.024895067740118786,0.6520622743699058,0.10305226293106083,44.309999999999995,1.5975328200419259,1.9355698222601858,0.17085179025610292,0.2847311785930772,0.04739875887366519,0.8233134481536691,0.008935490236451217,0.8452426965259636,0.011375549934619691,2.992829904247456,0.2068728833441552,0.08771558481121278,0.00725170118529909,0.15714852205857296,0.014030766514316942,1.048891410671449,0.13162031063329563,0.8545061001798295,0.007099037637984255,0.8480610583332577,0.009690301009015138
Stable-Tail GNN,B,0.2,10,0.16419892537219466,0.03191991466343379,5.115411262837607,0.83129392550365,0.12270242495673982,0.022549497736893798,0.2480771260549926,0.04494096539015912,0.5575722657378075,0.12703304551500635,43.18,2.0345897757424107,1.7296277743889839,0.33377967890169363,0.22625255885888515,0.07564042318065227,0.8061133625520893,0.018631277105306845,0.8212733591968858,0.026021379668902743,2.606862983424375,0.48435861921030304,0.07389689227860685,0.017228440018336996,0.13397065344266662,0.030448184578974854,0.9441010990296886,0.21476633588244615,0.8420531342348309,0.017588277210473225,0.8262907412176508,0.026943725922888656
Stable-Tail GNN,B,0.25,10,0.2057065235061653,0.016059920026708596,4.2553891362089855,0.342712535198043,0.10009606244956874,0.010013985142980564,0.20149610476805496,0.02175205634864412,0.4392320124863322,0.07780610999085474,41.86,0.7647802879839987,1.4298698916527224,0.12184132200078963,0.16240170679939006,0.01820994191519902,0.7852779643631342,0.011840665912891065,0.7918287434021715,0.015474223785901067,2.1475310327334975,0.20952906482098616,0.057314188747483764,0.007334991895373577,0.10527792639184319,0.013804999498370893,0.7519645630161124,0.08509603941578964,0.8257876105293533,0.011407502803989871,0.7995098148460812,0.01618665425908958
Stable-Tail GNN,B,0.3,10,0.22453278445087302,0.03729193990991825,4.088372481088624,0.5053777661633838,0.09556300937463327,0.014428381143448098,0.19149967800260653,0.030545172005999783,0.41441408914558203,0.09387981096297461,41.58,1.1113555286725805,1.373209986116525,0.16975325749625597,0.15432941432051242,0.02375368796193092,0.7788313487213661,0.018516772945588313,0.7823733415296301,0.02600349743797876,2.067466256621758,0.2829497358165584,0.054601293705342016,0.009808119011071549,0.09860140676457084,0.020389603474137843,0.7277453905737195,0.10565944099281623,0.8207621871422749,0.01677570057052659,0.7916444703287495,0.025029914241463877
Stable-Tail GNN,B,0.35,10,0.3054090131820663,0.03098847079098799,3.496958664916994,0.206398330169084,0.0796998035997864,0.006409678394777441,0.15676448888648453,0.012976630710254074,0.31741388614491417,0.054145649737013225,40.79,0.9960477453973334,1.1829390298272515,0.10168219553729423,0.13014917398285314,0.010058104232657204,0.7556056323796799,0.009038511942302346,0.749058273027924,0.013327108122123767,1.779514713088569,0.10174192500882032,0.04470069984672501,0.0034777198170758213,0.07548121425275169,0.007625201815909383,0.6282248376575983,0.04477557391803744,0.8022541032510517,0.007897249649150548,0.7633798086639769,0.012333581817763952
Stable-Tail GNN,B,0.4,10,0.3201610810655492,0.02972438137527156,3.455548324155037,0.12987251012283146,0.07855370925823993,0.004537039723115341,0.1543300749322074,0.00955138808579909,0.30266210724138476,0.019569598656807356,40.79,0.9960477453973334,1.1617983156009217,0.05954837269183635,0.1285410890274927,0.006007922540093875,0.7539711482167597,0.005975667000812384,0.7464997364114013,0.008272973851887104,1.7722214411394854,0.09577432053337934,0.044426640789713825,0.003186753022319678,0.07516952202133602,0.0071547287708601665,0.6256033469025314,0.04222305427484957,0.8024671175417566,0.008134582164350194,0.7634576388708639,0.012415439769865515
Stable-Tail w/o Tail Loss,A,0.1,10,0.06511051047944198,0.004002440115029721,5.988508615170763,0.25652510925774347,0.161483520474959,0.007502870738515032,0.34420042436640397,0.01283534312926353,0.8471329030439747,0.0010500481644328422,42.05,0.6311365409587169,1.812692304006821,0.11325191099190426,0.3164212010140256,0.023601463911041322,0.8383221578869969,0.00469875108332536,0.8631624005128442,0.005831826978672924,3.3211168310890455,0.18964671179202555,0.11042685747100053,0.007386298581210798,0.2090142723356983,0.014130163328864617,1.1481439433786176,0.09235806565570301,0.875800894865564,0.006951567848124929,0.8768037296858833,0.008754477902195475
Stable-Tail w/o Tail Loss,A,0.15,10,0.11435432996115442,0.0071635307957971335,4.573828899085636,0.14483388752938542,0.12795252006059055,0.003999191542567926,0.24517921657622677,0.01272122535457966,0.81427247136356,0.03965553660590178,39.64,0.8859395514869446,1.5094198819749127,0.10766803024367685,0.22105933762606336,0.03143382679627438,0.8096033008838474,0.005553323953708141,0.8246958951434535,0.006539871183989366,2.366049665460209,0.16498964843493252,0.07268528350331557,0.006358692853681768,0.1269733012789221,0.013819863531240385,0.8901179153507224,0.09317323485596817,0.8481267295321737,0.009548692078665977,0.832581735867765,0.012841060658688093
Stable-Tail w/o Tail Loss,A,0.2,10,0.1776718003897204,0.01855624069979625,3.4987726713787053,0.35996391890305923,0.08978569049074228,0.012932834828568794,0.17115781003199074,0.023139536083662246,0.4242924043671324,0.1471463035128527,38.99000000000001,1.0049322807477568,1.0944216886119238,0.11178162278264119,0.1409467981130059,0.02264947107778582,0.7635157781716995,0.01618465353017546,0.7672768889150656,0.01958748574175255,1.8000461026180887,0.23370266021638286,0.051753725239863366,0.00847898557856502,0.08441124537447511,0.015535816180774988,0.6242343990136827,0.0903910973079422,0.8147060724932821,0.015099671466602172,0.7836676412142205,0.019644534873599868
Stable-Tail w/o Tail Loss,A,0.25,10,0.18626949553759645,0.012945392768419176,3.35178288415578,0.1384687356600133,0.08474455418355839,0.004613249131333843,0.1607097784646347,0.01165111984578255,0.37733360856185694,0.003116097523198431,38.81,1.236886772865199,1.0683921018753504,0.06187008100935801,0.1334471159579413,0.005776326726138013,0.7567875131296111,0.006464429408686085,0.7588917780552549,0.009082771261484839,1.7094599512779127,0.1041418728552978,0.0484933913617647,0.0037338058157116625,0.0788696508533558,0.005196651162682581,0.5934459764773824,0.05196935209290197,0.8092930586262504,0.008597510957042804,0.776055311760565,0.01164879564625621
Stable-Tail w/o Tail Loss,A,0.3,10,0.2618272392433274,0.04486154511895882,2.945373454860537,0.2854149742942424,0.065567776815977,0.013869661855661188,0.1275374579243297,0.02306351648925384,0.35130079933370256,0.04239331783644146,37.93,1.3515834335244632,0.9723660488474872,0.12101099221797065,0.1157089613776933,0.017068032942121076,0.7320463152046024,0.020181648706524412,0.7245093838835983,0.026847019743627427,1.4920110466123482,0.16754047427257532,0.03969089193285384,0.006499807224000489,0.06725609692626615,0.010116561133953648,0.5241793370388046,0.07374966641745102,0.7863687433630423,0.01982115881956988,0.7417499060269878,0.02793758075779941
Stable-Tail w/o Tail Loss,A,0.35,10,0.2971568725604052,0.019617153915991774,2.736124113498593,0.2399702362799861,0.05576081766517529,0.010022150195860387,0.10869459384568911,0.022942348839779497,0.33043035268777277,0.043928504958816804,38.13,1.183262908702505,0.8977553856058,0.0802994652454186,0.10353448959053362,0.01112197532710256,0.7168611406199774,0.02171670903298615,0.7040559236225951,0.027344782140358424,1.3875425229647675,0.13562484580713613,0.03549191161801411,0.005077796240574959,0.061255118168491704,0.010426150661261199,0.4875936775704243,0.06370768633919681,0.7749276078431955,0.018442921808608365,0.7255556755614467,0.02452458872852026
Stable-Tail w/o Tail Loss,A,0.4,10,0.2971568725604052,0.019617153915991774,2.736124113498593,0.2399702362799861,0.05576081766517529,0.010022150195860387,0.10869459384568911,0.022942348839779497,0.33043035268777277,0.043928504958816804,38.13,1.183262908702505,0.8977553856058,0.0802994652454186,0.10353448959053362,0.01112197532710256,0.7168611406199774,0.02171670903298615,0.7040559236225951,0.027344782140358424,1.3875425229647675,0.13562484580713613,0.03549191161801411,0.005077796240574959,0.061255118168491704,0.010426150661261199,0.4875936775704243,0.06370768633919681,0.7749276078431955,0.018442921808608365,0.7255556755614467,0.02452458872852026
Stable-Tail w/o Tail Loss,B,0.1,10,0.06725793984533714,0.006457200697787371,7.135163513419127,0.2398338703648433,0.1783851054694618,0.013633916068448099,0.3652536804436087,0.008996975859299133,0.8497501577930704,0.0,45.56,0.8859395514869457,2.3294390407655916,0.1817133914467938,0.3690181527244803,0.020838946938641356,0.8410284595245467,0.0013959450512282916,0.8711669687235248,0.0026642486114993704,3.5640610737377516,0.18803475215659834,0.10710430755901915,0.0062013222713834144,0.19255607504360522,0.010871188449732254,1.2715376604374258,0.15271405926557163,0.867701612546426,0.0041401499692200845,0.8704452174810028,0.006915174833740664
Stable-Tail w/o Tail Loss,B,0.15,10,0.12244303690276045,0.01666871994873396,6.200144126691263,0.36521388069909655,0.14945257127826586,0.007950172168751006,0.31783765278667003,0.021542539445900465,0.787564614757352,0.08546585410755332,43.65,1.0309111396128086,2.0229578813120828,0.20885952512873757,0.3025918694439516,0.037111599554208535,0.831780794469234,0.0052613005937086005,0.8544043442145453,0.007212200386822507,3.154818090999112,0.29009264745167196,0.09372141209954897,0.010986727440919058,0.17083062133715413,0.019091145694822606,1.0956731517601865,0.09982115448130754,0.8623278128949424,0.009677031644171576,0.8574813128771508,0.014816718939591831
Stable-Tail w/o Tail Loss,B,0.2,10,0.15182530612301448,0.029237020011160846,5.6034331708739,0.8393984746031031,0.13703188928739557,0.02174799765074074,0.28365456359703134,0.05087079052510907,0.7347069031769913,0.1428990163133112,42.35,1.4931324269616688,1.7974060036509036,0.20626807313718823,0.25132847519681367,0.053314946670129086,0.820081683406098,0.019801547909542774,0.8379996680780353,0.025920382427972306,2.89348329042199,0.46107486708468637,0.08431686625289485,0.016275299999456354,0.15390315030506027,0.030707423007434093,0.9923439937084572,0.09210394165757345,0.855585627619386,0.016220649784952437,0.8461289246928654,0.025305278443434744
Stable-Tail w/o Tail Loss,B,0.25,10,0.20014492194035594,0.020525359061257173,4.498589059405441,0.5698724501104795,0.11012675489632914,0.016998886328483828,0.21807986032597984,0.03553375636959182,0.5591014083903235,0.10372336633622213,40.87,1.0231215850414739,1.538310088542626,0.12316909525380687,0.18044016260563137,0.03161817970697452,0.7934649254104764,0.015171358974577569,0.8026347549369722,0.019652578336950985,2.367374920324708,0.34424128234866913,0.0653800914443934,0.011867556542305367,0.12051107723176542,0.022681174525883377,0.8639379737255993,0.09246028200049428,0.836967794430952,0.012872113370253426,0.817007484366032,0.019692295097052292
Stable-Tail w/o Tail Loss,B,0.3,10,0.2206156828003841,0.029356173961607585,4.229986432075792,0.29270160151091423,0.10247965495094018,0.00855573061542572,0.20235339862836005,0.018031332704994605,0.5153711843877595,0.05220285828832188,40.83,0.9580651798749856,1.4745203943213503,0.11465319869561452,0.168490818564701,0.016411018896913723,0.78593666727036,0.01101066906769803,0.7918020034288645,0.015093178570970874,2.212791899382112,0.1823726920292152,0.05993668750251224,0.006280896164316555,0.10999314330697925,0.012617246503617976,0.8301546566094057,0.08488044500435733,0.8317450431020648,0.008456383805117214,0.8081310752708444,0.012460272312689659
Stable-Tail w/o Tail Loss,B,0.35,10,0.2911932884895726,0.04347794519940153,3.6844487322476227,0.4077076152796338,0.08597085145111429,0.013166976956866146,0.1659706834463463,0.02854150712480616,0.42133200033650875,0.0972707044755316,41.040000000000006,0.8058122196475629,1.2966606989356961,0.1727373941798523,0.14613787979424292,0.021662743545603436,0.7636155299367366,0.01644780706862472,0.7597297740897112,0.023793405755431145,1.8726984826272275,0.29125052940071705,0.04800352756090344,0.010066735732677932,0.08456214212348567,0.021712782870862535,0.7069631565180796,0.129292963989718,0.8106342940618279,0.01933222768392386,0.7753462500056227,0.0293501422914947
Stable-Tail w/o Tail Loss,B,0.4,10,0.31835910760665537,0.03195107485851529,3.500228251418472,0.27060627504480783,0.0798928868091536,0.008775540060590961,0.15218626835713372,0.020151652554189145,0.3924629960029423,0.09342250939086777,41.17,0.849901955129727,1.2232083270596554,0.11840459930471942,0.13647801981124724,0.016648844672494938,0.7561610580095117,0.012414404881179295,0.7485689814638672,0.017212164313660443,1.7592627428962673,0.17734247669863468,0.04396192713745712,0.0059402694114858825,0.07561859901651209,0.01274746423405379,0.6641613547575731,0.08304197569340388,0.8042469561888055,0.014526557413111846,0.7649936103837315,0.02124415302845403
TEG-only,A,0.1,10,0.06837276036986792,0.004148470876141227,5.769783789782657,0.33260061205106434,0.15505787982255298,0.011161475324960677,0.3311243074150188,0.019121282553589487,0.8457782690675641,0.0011810217815243745,42.51,0.6838615844355251,1.7857318652284129,0.06201189382904072,0.3180849950777075,0.021379238278746514,0.8328582311388516,0.005055653738051944,0.8579682492279984,0.00700883710670206,3.148827415408637,0.22262014933692661,0.10397571177865765,0.00804595424244926,0.19619518596540444,0.016225177778110285,1.1372999407423592,0.09642603482367634,0.8729586790695618,0.005787267620901175,0.8735216291563113,0.00847231350496442
TEG-only,A,0.15,10,0.11816280176724278,0.008034855507787928,4.544096949257095,0.11610416622345525,0.12598746312374262,0.004886390167778775,0.24552731327693814,0.010409501573702521,0.8033397829575101,0.036892893117809966,39.46,0.791903473354619,1.6254014144306317,0.11148251283884489,0.23982523417810014,0.022186542005438663,0.8065511977645429,0.004673438266303794,0.8224632762633213,0.005333255327219131,2.3531485635849654,0.137459992823702,0.07258407397309716,0.005033941427554644,0.1250416043125765,0.009773162393814533,0.933130439268489,0.08995268372248584,0.8456616846726164,0.008047742502992623,0.8312001556069173,0.010158872522497258
TEG-only,A,0.2,10,0.17445071877176954,0.026190027478443262,3.5139017195650033,0.5548221082350998,0.09061155766188222,0.02016565703966635,0.17186190735797915,0.03942320533505683,0.46794851523855086,0.17695051232302295,38.56999999999999,1.2138551991256796,1.1194518434194471,0.2895107564070812,0.1470107057676195,0.043716483983657184,0.7626675332295012,0.02283532128232192,0.7663674292324234,0.030154118646536478,1.7922072143494543,0.3387357498558647,0.051527227906223674,0.012530958569825909,0.08455805013268011,0.023100754079433745,0.6366834125034083,0.1712048720199787,0.8114388574835353,0.020609397788500204,0.780478975524531,0.030896805534135346
TEG-only,A,0.25,10,0.1906347977096063,0.013688366335097762,3.247328463125541,0.14402875055339442,0.08133276614232766,0.006490925591466858,0.15373924605875594,0.011329100229846454,0.3840688107256438,0.008060798880322287,38.089999999999996,0.9515484456634062,1.00538085488756,0.08124462094567718,0.1281818762000278,0.009567048855672075,0.7516196830324973,0.007747247805500467,0.7519190056581867,0.011136299961891315,1.6367974330429818,0.0697503598371983,0.045722168457223086,0.0026557928857575525,0.07388626931655279,0.003096450219081826,0.569679738207506,0.04119959482533517,0.8020381468987647,0.008238994212832954,0.7660805299594282,0.01338098921422491
TEG-only,A,0.3,10,0.2222029972446841,0.04075422356804236,3.101402201973306,0.19997252029882664,0.07484621922741669,0.009925135357430033,0.14048831496962338,0.021027393029354316,0.37689166647733263,0.018930978833675813,37.47,0.885751407312207,1.0005437386862486,0.0977363650187931,0.12374030347888536,0.013994353327387117,0.7426618636054311,0.013440934017433582,0.7392995681185632,0.018304025359336226,1.5638288324826168,0.10327017898888624,0.04292385982593646,0.003939559043764138,0.07131793651539112,0.005511457070492897,0.56145165090621,0.05158966773645484,0.7959318237373294,0.011170521107095988,0.7561821068334998,0.016777290627233064
TEG-only,A,0.35,10,0.2922784246990951,0.031162759694407235,2.7929608928440883,0.24006549952471842,0.06015018857272545,0.010347447085022244,0.11515656593785477,0.022242849471373147,0.3487691957186279,0.030519786097739043,37.82000000000001,1.4994813918300025,0.9142113326451179,0.10089465462851778,0.10462900889872713,0.015283129576826497,0.7189060523795706,0.019272195861504984,0.7080903726398948,0.02472933192228262,1.383567276707653,0.15316119780789653,0.03574990417820041,0.005920213888379913,0.060334795556851936,0.009901450539846942,0.48623305471361,0.07454624144594905,0.7735273523355353,0.021316394635580358,0.7251027162808079,0.028391606008160545
TEG-only,A,0.4,10,0.30584950586097703,0.02287284719710604,2.723355383553868,0.16458898514390927,0.05658948277336255,0.006868005069553193,0.10867332782747377,0.014550960604334306,0.34018865295242684,0.0300418137474782,38.0,1.5888500383750639,0.8863512430841407,0.08175330493269439,0.1007378127467391,0.010473866112031131,0.7138818840682111,0.014597469938101284,0.7015058676265784,0.017940151781792018,1.3392718719651924,0.10961859689064704,0.034055596961926025,0.004245426259031193,0.057808316177098806,0.008452504909123137,0.46485098649724144,0.055348528887915256,0.7684782460567906,0.018530858691306322,0.7184448751879393,0.023713629094228153
TEG-only,B,0.1,10,0.06854282899145206,0.0037527074756441366,7.22286120864693,0.12070224734359683,0.1839890059079198,0.014448127126369767,0.36524396098947476,0.005584519718388364,0.8497501577930704,0.0,46.14,0.5081557066709218,2.3473817471200777,0.1169453020968078,0.36403064370048926,0.012870840020852096,0.8412063604770108,0.0014947257309624133,0.872194523943438,0.0025768841222157716,3.5820590372862275,0.12322547223836515,0.10765493816859095,0.0038093781711463354,0.1917841047063666,0.00748104986424842,1.2577078826711883,0.08555474661325173,0.8666435154944425,0.003484052855177368,0.8700843262912896,0.0053993422500215075
TEG-only,B,0.15,10,0.13086019258603301,0.005843874309570017,5.8927028383584625,0.24963127492825557,0.14206156487863617,0.007218445125197294,0.2897077202677927,0.016373682255948093,0.6406100534945262,0.05923990131042794,44.34,1.285992915135141,1.9151594404663073,0.14727410343797886,0.28114407973335914,0.025795200422402197,0.8240900233342966,0.004893571188622473,0.8462885848662106,0.006015360184081921,3.0458993225257074,0.21815737081661074,0.0897707277676234,0.007772863017445917,0.16076715344264,0.013528304304638186,1.0720481494442962,0.11069943248330359,0.856662874939234,0.0065368337163645585,0.8524909029480827,0.010057440737141102
TEG-only,B,0.2,10,0.13774581880905193,0.018130503331815224,5.7274661325078196,0.611143282214422,0.13775039069052247,0.015991272129897705,0.2806728700815301,0.03465933276940412,0.6225850304560469,0.06788479824325845,44.09,1.4224001624796814,1.8684168610726721,0.2141331404759909,0.26700182112055826,0.04442252032484375,0.8198048928438381,0.014908786675255664,0.840612355483232,0.019776758537234533,2.9761473398098053,0.34750077281471003,0.08719069302802622,0.012332154124788225,0.15645140937063912,0.021333007995472476,1.0430966771787193,0.13911492093504463,0.8541572092614558,0.011290581767556873,0.8487072127879735,0.017816705652512147
TEG-only,B,0.25,10,0.21391056337604009,0.011286482429431342,4.343281985692009,0.22172296246966236,0.1034052227954941,0.007817864530725529,0.20722284271968722,0.014558697318674775,0.4724701631998154,0.07400644665925803,41.85,0.9947082207584526,1.450826228215615,0.04794337007244053,0.1695318239443903,0.011362191840825542,0.7877985943756716,0.009260855004420868,0.7957214424702445,0.011284568246649064,2.2205631321748003,0.13318187856507419,0.06013019872589663,0.004766297487164458,0.11044963786850322,0.008478910798549427,0.7860570577860218,0.054914179733712265,0.8296059913351195,0.008374720261669593,0.8059048724405734,0.011757520498085025
TEG-only,B,0.3,10,0.22435113186815409,0.02481658485188251,4.287532037321392,0.32537157405560524,0.10196804026609044,0.010095611603025781,0.20381663478799156,0.020774212570998693,0.4670754356611197,0.07259256938671835,41.739999999999995,1.0002221975363506,1.4357894285803379,0.07353617295600277,0.1676482993932414,0.014042013533724232,0.7858453182773592,0.012613148171241805,0.7925259619677651,0.017084372418831185,2.1710260702993405,0.21357329243891926,0.05839577228872757,0.007407528291495126,0.10680918580681405,0.014795034217276399,0.7732727598206206,0.06467911364563711,0.8271557239607562,0.011864256048512692,0.801282575578522,0.018744395536781994
TEG-only,B,0.35,10,0.2842874523039637,0.056188262141777315,3.7951186252968823,0.5992792118968193,0.08874596152824296,0.018246382866380362,0.1700430418994729,0.0421248704500251,0.41531334054110547,0.10746537811022466,40.92999999999999,0.34976182372199127,1.2851503605582792,0.1810246380972231,0.14833709373419024,0.027090852589681632,0.7660197464474193,0.025526891503259666,0.7630960571040875,0.03533269975996418,1.9305060268348702,0.3385702351154872,0.04999808566975483,0.012029289360560604,0.08754158749895785,0.024979157904293395,0.7001317177658093,0.11222179581794058,0.8124541273853211,0.021204125583311233,0.7783821541395561,0.03132901937967894
TEG-only,B,0.4,10,0.3392050523839005,0.0227202731344695,3.3654285417777574,0.13762726317180518,0.07538851397085054,0.004404275799388966,0.13975707098974102,0.011267991027777287,0.3563016458736143,0.07797405808151107,40.910000000000004,0.28067379246694485,1.1610525243706686,0.07233868022466836,0.1325901102009512,0.014033244466801806,0.7478802223794385,0.007500392413275083,0.7376592867245878,0.010140936679873957,1.6829469641648926,0.05592333075660484,0.0412182918798382,0.0018573356477622194,0.06940335872803345,0.003890599504751881,0.6205713244941886,0.04617300661456758,0.7965373429959967,0.0060214882828757395,0.7536386421152254,0.007549276687470156
