risk_source,customer_set,beta,lambda_concentration,runs,common_global_risk_mean,common_global_risk_std,common_global_cvar90_mean,common_global_cvar90_std,common_max_vehicle_risk_mean,common_max_vehicle_risk_std,common_max_vehicle_cvar90_mean,common_max_vehicle_cvar90_std,common_vehicle_risk_gini_mean,common_vehicle_risk_gini_std,common_edge_burden_gini_used_mean,common_edge_burden_gini_used_std,common_top10_burden_share_mean,common_top10_burden_share_std,common_max_edge_burden_mean,common_max_edge_burden_std
A_Stable-Tail-eta0.3_seed0,A,0.0,0.0,10,7.959816901084075,0.7658979944201808,0.23567049580945842,0.05127880147298579,2.428080332212452,0.48264264768863535,0.41230505239088855,0.11131733715375688,0.16179987701502715,0.061296232864304204,0.8524898232201188,0.00983743893682244,0.8837653227641111,0.01080064670692477,1.183652349085785,0.4310658753796155
A_Stable-Tail-eta0.3_seed0,A,1.0,0.0,10,3.0695769956921586,0.16311528490388488,0.0782357072261249,0.006833966003248966,0.9678665397279765,0.20253355340889242,0.11073909622252287,0.0332999026922672,0.23411705916748726,0.06271564643694373,0.7446902977999651,0.010386124789138777,0.7435719799399216,0.013319475647318738,0.5313090438090153,0.0
A_Stable-Tail-eta0.3_seed0,A,2.0,0.0,10,2.563520655248167,0.20915915756609813,0.051036707700260996,0.011632064697340594,0.8294440497334723,0.07434827969017148,0.0912105289105153,0.022060976423861258,0.22815753347989057,0.06043750179666479,0.6997248302548323,0.02282347790734332,0.6840354453077111,0.02801354967126076,0.5313090438090153,0.0
A_Stable-Tail-eta0.3_seed1,A,0.0,0.0,10,7.959816901084075,0.7658979944201808,0.23567049580945842,0.05127880147298579,2.428080332212452,0.48264264768863535,0.41230505239088855,0.11131733715375688,0.16179987701502715,0.061296232864304204,0.8524898232201188,0.00983743893682244,0.8837653227641111,0.01080064670692477,1.183652349085785,0.4310658753796155
A_Stable-Tail-eta0.3_seed1,A,1.0,0.0,10,3.154443199034204,0.13911717848609467,0.07915519812762264,0.011202407006688736,1.0523805911726536,0.21107798829298668,0.13617370643563032,0.017441003627844988,0.25319278724713373,0.0798549767999844,0.7501204112863146,0.008171940999123899,0.7492702426658994,0.011099169877166788,0.5313090438090153,0.0
A_Stable-Tail-eta0.3_seed1,A,2.0,0.0,10,2.6893206908408827,0.16746606689831856,0.05047107479755808,0.008130668008784429,0.9144913038511945,0.09491229780101323,0.09364615337999153,0.00488858864313921,0.26901269705579434,0.0792821611758961,0.7200995544522648,0.017216695796352967,0.7089025090013099,0.020139168438701692,0.5313090438090153,0.0
A_Stable-Tail-eta0.3_seed2,A,0.0,0.0,10,7.959816901084075,0.7658979944201808,0.23567049580945842,0.05127880147298579,2.428080332212452,0.48264264768863535,0.41230505239088855,0.11131733715375688,0.16179987701502715,0.061296232864304204,0.8524898232201188,0.00983743893682244,0.8837653227641111,0.01080064670692477,1.183652349085785,0.4310658753796155
A_Stable-Tail-eta0.3_seed2,A,1.0,0.0,10,3.278247432929472,0.22154255258929573,0.0861552709840264,0.006397605987584811,1.0689902154327593,0.19517605318090708,0.13728237031967244,0.01735218325600041,0.2274360405424285,0.08955149254511695,0.754965206175458,0.0095708610388141,0.756915310253045,0.013894173053072497,0.5313090438090153,0.0
A_Stable-Tail-eta0.3_seed2,A,2.0,0.0,10,2.7763016145043675,0.17777856912804277,0.05909615950359739,0.012485754754839751,0.8970038846588528,0.11365884422930098,0.10413650807920312,0.014890780913483856,0.261244431198027,0.054009325673583485,0.7201602588741929,0.01569347662367589,0.7108634281108231,0.020493536424162566,0.5313090438090153,0.0
A_Stable-Tail-eta0.3_seed3,A,0.0,0.0,10,7.959816901084075,0.7658979944201808,0.23567049580945842,0.05127880147298579,2.428080332212452,0.48264264768863535,0.41230505239088855,0.11131733715375688,0.16179987701502715,0.061296232864304204,0.8524898232201188,0.00983743893682244,0.8837653227641111,0.01080064670692477,1.183652349085785,0.4310658753796155
A_Stable-Tail-eta0.3_seed3,A,1.0,0.0,10,3.3194551687198888,0.21745508938684777,0.08551644257038302,0.011041877366909904,1.1089437424967739,0.15797224044239985,0.127757353462905,0.025942276477010452,0.2486026998394133,0.07659094810239306,0.7571241978801843,0.009446138415070828,0.761216611269674,0.012690496735264,0.5313090438090153,0.0
A_Stable-Tail-eta0.3_seed3,A,2.0,0.0,10,3.139787525414815,0.15156029980636873,0.07006682878202578,0.012405675480616432,0.9392576211943456,0.08029093107436902,0.10974189008645181,0.018799651484449644,0.2147547139014619,0.05331866118985863,0.7469115831783271,0.007410302876821418,0.7456679545661833,0.010379528983320802,0.5313090438090153,0.0
A_Stable-Tail-eta0.3_seed4,A,0.0,0.0,10,7.959816901084075,0.7658979944201808,0.23567049580945842,0.05127880147298579,2.428080332212452,0.48264264768863535,0.41230505239088855,0.11131733715375688,0.16179987701502715,0.061296232864304204,0.8524898232201188,0.00983743893682244,0.8837653227641111,0.01080064670692477,1.183652349085785,0.4310658753796155
A_Stable-Tail-eta0.3_seed4,A,1.0,0.0,10,3.1623606978344467,0.0712164414595673,0.08319539761074861,0.0031247613543171765,1.1702813838109818,0.20471249290008287,0.14318843090726938,0.022595888507074616,0.2803765528128515,0.0768031523893879,0.7527289336978138,0.006092387439119494,0.7514454105662687,0.0076920710540192205,0.5313090438090153,0.0
A_Stable-Tail-eta0.3_seed4,A,2.0,0.0,10,2.5710676893185296,0.2202920790194569,0.045880237550858814,0.0056989220605014905,0.8405366651701692,0.11188328451004359,0.1020304341938365,0.015938909789104803,0.2676038422407311,0.05129978381723853,0.7053039168206716,0.025303130685176013,0.6913347461429119,0.030696751321689236,0.5313090438090153,0.0
A_Stable-Tail-eta0.3_seed5,A,0.0,0.0,10,7.959816901084075,0.7658979944201808,0.23567049580945842,0.05127880147298579,2.428080332212452,0.48264264768863535,0.41230505239088855,0.11131733715375688,0.16179987701502715,0.061296232864304204,0.8524898232201188,0.00983743893682244,0.8837653227641111,0.01080064670692477,1.183652349085785,0.4310658753796155
A_Stable-Tail-eta0.3_seed5,A,1.0,0.0,10,3.4428774685403147,0.29379424345465327,0.09357370474915455,0.011729576094315141,1.1665236522301752,0.1308168416822133,0.15706981288385274,0.01661329441275232,0.2709344599550319,0.06663577531797374,0.7627827947411536,0.016687902360129687,0.7673844285739962,0.019279966919754844,0.5624034212293566,0.09832905507318938
A_Stable-Tail-eta0.3_seed5,A,2.0,0.0,10,2.84993535996887,0.23127605477245508,0.06023662130963865,0.0167436942326746,0.9371515921564966,0.058189346571360906,0.10369175060207307,0.017662913256008515,0.2472106651795653,0.04998583394003826,0.7294254480676938,0.016139250926481295,0.7223810203408999,0.019844694644891313,0.5313090438090153,0.0
A_Stable-Tail-eta0.3_seed6,A,0.0,0.0,10,7.959816901084075,0.7658979944201808,0.23567049580945842,0.05127880147298579,2.428080332212452,0.48264264768863535,0.41230505239088855,0.11131733715375688,0.16179987701502715,0.061296232864304204,0.8524898232201188,0.00983743893682244,0.8837653227641111,0.01080064670692477,1.183652349085785,0.4310658753796155
A_Stable-Tail-eta0.3_seed6,A,1.0,0.0,10,3.229711836657441,0.19851782415621533,0.08047791730161921,0.01428659193370729,1.0689909415908185,0.14531169244933928,0.13414908805474673,0.0076197355752064076,0.23867582833486098,0.058201585253386895,0.7561310489687424,0.01089224574664371,0.7569904767916495,0.014337920884617838,0.5313090438090153,0.0
A_Stable-Tail-eta0.3_seed6,A,2.0,0.0,10,2.782918728013302,0.18653509234476426,0.05252086755757211,0.005932149224992423,0.9201366690446962,0.08136568153577879,0.09289204252211795,0.007098309738386031,0.26657382187871165,0.05714677124928121,0.7267167711850476,0.015228586508252942,0.7158183030815105,0.018696798329711533,0.5313090438090153,0.0
A_Stable-Tail-eta0.3_seed7,A,0.0,0.0,10,7.959816901084075,0.7658979944201808,0.23567049580945842,0.05127880147298579,2.428080332212452,0.48264264768863535,0.41230505239088855,0.11131733715375688,0.16179987701502715,0.061296232864304204,0.8524898232201188,0.00983743893682244,0.8837653227641111,0.01080064670692477,1.183652349085785,0.4310658753796155
A_Stable-Tail-eta0.3_seed7,A,1.0,0.0,10,3.1102970280418334,0.11403070317708429,0.07800323168017287,0.006536058895893557,1.1273938239982466,0.21528804519120162,0.1373609283321223,0.02493640115006628,0.2905887821604557,0.06735928823631653,0.7476128378353242,0.0072869171378142,0.746695923420474,0.007909518103540576,0.5313090438090153,0.0
A_Stable-Tail-eta0.3_seed7,A,2.0,0.0,10,2.8055453970220112,0.19330680107503856,0.054169051070367256,0.011972807869718447,0.9319004382769813,0.06533752455025825,0.0974485082663422,0.008614128765394935,0.25807034159862263,0.04354679233292213,0.7271799332732728,0.01783373717665744,0.7161666660760382,0.021791814837951187,0.5313090438090153,0.0
A_Stable-Tail-eta0.3_seed8,A,0.0,0.0,10,7.959816901084075,0.7658979944201808,0.23567049580945842,0.05127880147298579,2.428080332212452,0.48264264768863535,0.41230505239088855,0.11131733715375688,0.16179987701502715,0.061296232864304204,0.8524898232201188,0.00983743893682244,0.8837653227641111,0.01080064670692477,1.183652349085785,0.4310658753796155
A_Stable-Tail-eta0.3_seed8,A,1.0,0.0,10,3.305795571694561,0.25587280936835793,0.07313311620519966,0.010974084448968736,0.9448027531335563,0.04007723517229621,0.11060275558924278,0.012010226925149477,0.18042283581762025,0.059245804987447526,0.757172352421657,0.011892271498275452,0.7602005535473016,0.01665367888455524,0.5313090438090153,0.0
A_Stable-Tail-eta0.3_seed8,A,2.0,0.0,10,2.696630729461396,0.2282681518639332,0.052374660117155025,0.006458303603588934,0.8904964968234033,0.15227743734182003,0.10203861280203193,0.03378116513091985,0.24921515092190932,0.07896902752194515,0.7177211363580482,0.01966664774560087,0.7073435253714246,0.02291285969283942,0.5313090438090153,0.0
A_Stable-Tail-eta0.3_seed9,A,0.0,0.0,10,7.959816901084075,0.7658979944201808,0.23567049580945842,0.05127880147298579,2.428080332212452,0.48264264768863535,0.41230505239088855,0.11131733715375688,0.16179987701502715,0.061296232864304204,0.8524898232201188,0.00983743893682244,0.8837653227641111,0.01080064670692477,1.183652349085785,0.4310658753796155
A_Stable-Tail-eta0.3_seed9,A,1.0,0.0,10,3.1815175878158763,0.19896042560245908,0.08274260686851749,0.0069390315154042505,1.0713438245247242,0.19091893734191762,0.1303474767617263,0.022537573389678,0.25771033853800035,0.07192959496406857,0.7508476159743744,0.010752219855739755,0.7501924681610461,0.013857360196011937,0.5313090438090153,0.0
A_Stable-Tail-eta0.3_seed9,A,2.0,0.0,10,2.872885625274315,0.23846831042886035,0.06274527286462481,0.016483987168687566,0.9519605346472595,0.049568315485040405,0.10554111233799972,0.01332639915571103,0.2766999367252083,0.04565372234500417,0.7313573795225133,0.014247100598728486,0.7243879230945047,0.020056547521150127,0.5313090438090153,0.0
A_Stable-Tail-eta0.5_seed0,A,0.0,0.0,10,7.959816901084075,0.7658979944201808,0.23567049580945842,0.05127880147298579,2.428080332212452,0.48264264768863535,0.41230505239088855,0.11131733715375688,0.16179987701502715,0.061296232864304204,0.8524898232201188,0.00983743893682244,0.8837653227641111,0.01080064670692477,1.183652349085785,0.4310658753796155
A_Stable-Tail-eta0.5_seed0,A,1.0,0.0,10,2.9768697213194857,0.19547591694016672,0.07514184069914157,0.009533180503930636,0.8103071055031015,0.05298158999178854,0.10074891443846079,0.024893407914448714,0.2047390794592289,0.05133467929033868,0.7379662009915366,0.012600538979730791,0.7346123268270625,0.016161156357186075,0.5313090438090153,0.0
A_Stable-Tail-eta0.5_seed0,A,2.0,0.0,10,2.4342096053017785,0.2334806166453696,0.04418132896930963,0.008680703426740427,0.8081747945447674,0.0604543278882695,0.1007262748813074,0.016426284721179758,0.26528446417039403,0.060266194211953596,0.6859697185577167,0.025280052646282938,0.6677157483621686,0.03150446802585672,0.5313090438090153,0.0
A_Stable-Tail-eta0.5_seed1,A,0.0,0.0,10,7.959816901084075,0.7658979944201808,0.23567049580945842,0.05127880147298579,2.428080332212452,0.48264264768863535,0.41230505239088855,0.11131733715375688,0.16179987701502715,0.061296232864304204,0.8524898232201188,0.00983743893682244,0.8837653227641111,0.01080064670692477,1.183652349085785,0.4310658753796155
A_Stable-Tail-eta0.5_seed1,A,1.0,0.0,10,3.1813948037998347,0.13289632106416185,0.07949163753640717,0.0095176303117052,1.1230239819135952,0.18882869037723282,0.1386339396941954,0.019148370069384194,0.26862781156098264,0.0682662589507115,0.7517034127648776,0.009003633642575377,0.7514641764084183,0.010283298182791183,0.5313090438090153,0.0
A_Stable-Tail-eta0.5_seed1,A,2.0,0.0,10,2.7353312543131705,0.1512467695486496,0.052094528241659145,0.008005729697289885,0.938155919967515,0.07147017393351561,0.09238183575850613,0.009270721164205745,0.27420620312657307,0.04729924079315045,0.7243061233558621,0.013561156512367506,0.7143615946721213,0.015546420140308582,0.5313090438090153,0.0
A_Stable-Tail-eta0.5_seed2,A,0.0,0.0,10,7.959816901084075,0.7658979944201808,0.23567049580945842,0.05127880147298579,2.428080332212452,0.48264264768863535,0.41230505239088855,0.11131733715375688,0.16179987701502715,0.061296232864304204,0.8524898232201188,0.00983743893682244,0.8837653227641111,0.01080064670692477,1.183652349085785,0.4310658753796155
A_Stable-Tail-eta0.5_seed2,A,1.0,0.0,10,3.2821784562433804,0.3058998907200856,0.08644725644404337,0.008882483729917687,1.1395300934026389,0.16386025497107387,0.14177160971066186,0.01750513328902885,0.24197358291887108,0.09780409674197088,0.7561879853977735,0.011378750998359706,0.7582221156224163,0.01782593649683196,0.5313090438090153,0.0
A_Stable-Tail-eta0.5_seed2,A,2.0,0.0,10,2.865857087281908,0.18725546326209996,0.05739173165725375,0.01152456086907073,0.9193758251458866,0.07377634736211242,0.10759449576762123,0.013638039012726413,0.24934399696317575,0.041906831825146075,0.7292276732470204,0.016128560323681547,0.7207443520886777,0.019667563178090947,0.5313090438090153,0.0
A_Stable-Tail-eta0.5_seed3,A,0.0,0.0,10,7.959816901084075,0.7658979944201808,0.23567049580945842,0.05127880147298579,2.428080332212452,0.48264264768863535,0.41230505239088855,0.11131733715375688,0.16179987701502715,0.061296232864304204,0.8524898232201188,0.00983743893682244,0.8837653227641111,0.01080064670692477,1.183652349085785,0.4310658753796155
A_Stable-Tail-eta0.5_seed3,A,1.0,0.0,10,3.4081298217108618,0.28929906306489267,0.08406271227130922,0.016184742409724236,0.9621248035778329,0.10378307125259179,0.11236576113792533,0.02632975589506466,0.17689417399452775,0.08012024712735094,0.7609332195763508,0.013810718208628593,0.7666957511823543,0.017710121383398794,0.5313090438090153,0.0
A_Stable-Tail-eta0.5_seed3,A,2.0,0.0,10,2.9574780547699695,0.2593282809135231,0.06720062054097166,0.014088345920330961,0.8725606956217025,0.1216656022165393,0.10251791791660066,0.018728138601828582,0.1907069339090181,0.06699900723977523,0.7310373543109925,0.021568439363761273,0.7256887702664644,0.0283143444211578,0.5313090438090153,0.0
A_Stable-Tail-eta0.5_seed4,A,0.0,0.0,10,7.959816901084075,0.7658979944201808,0.23567049580945842,0.05127880147298579,2.428080332212452,0.48264264768863535,0.41230505239088855,0.11131733715375688,0.16179987701502715,0.061296232864304204,0.8524898232201188,0.00983743893682244,0.8837653227641111,0.01080064670692477,1.183652349085785,0.4310658753796155
A_Stable-Tail-eta0.5_seed4,A,1.0,0.0,10,3.164076645719285,0.09094473929599768,0.08197747234892674,0.005088177999196788,1.0856213050286398,0.194544568954255,0.12832160934944792,0.025379477225789097,0.2631936471658182,0.0589410964852983,0.7506577617999589,0.008647093722560423,0.7498846055658794,0.008592381133496443,0.5313090438090153,0.0
A_Stable-Tail-eta0.5_seed4,A,2.0,0.0,10,2.4221313969972247,0.11020468406284327,0.04410935451252877,0.005727683606970214,0.8105074810879807,0.08319445168546094,0.09616056744444734,0.02268331073304936,0.27045682913495106,0.046573771928295433,0.6888627127821152,0.01611302540747589,0.6701204798058357,0.0190271670248724,0.5313090438090153,0.0
A_Stable-Tail-eta0.5_seed5,A,0.0,0.0,10,7.959816901084075,0.7658979944201808,0.23567049580945842,0.05127880147298579,2.428080332212452,0.48264264768863535,0.41230505239088855,0.11131733715375688,0.16179987701502715,0.061296232864304204,0.8524898232201188,0.00983743893682244,0.8837653227641111,0.01080064670692477,1.183652349085785,0.4310658753796155
A_Stable-Tail-eta0.5_seed5,A,1.0,0.0,10,3.401886046487422,0.17988065701331407,0.09024399284539561,0.011585454540494974,1.066841162648315,0.15135856343755294,0.14371314781397132,0.012675066540439933,0.21144887856850286,0.08525287741248061,0.7623140756490911,0.009859510256320956,0.7678359223996905,0.012559163625031384,0.5313090438090153,0.0
A_Stable-Tail-eta0.5_seed5,A,2.0,0.0,10,2.8168625397722495,0.2632710881775127,0.05691532028215455,0.016201453013246766,0.944121921960534,0.06524190163372766,0.09534666769800017,0.010718004943860115,0.269697566924507,0.05024031557612467,0.724708032916882,0.023901247843982475,0.716379691975229,0.029215611406485625,0.5313090438090153,0.0
A_Stable-Tail-eta0.5_seed6,A,0.0,0.0,10,7.959816901084075,0.7658979944201808,0.23567049580945842,0.05127880147298579,2.428080332212452,0.48264264768863535,0.41230505239088855,0.11131733715375688,0.16179987701502715,0.061296232864304204,0.8524898232201188,0.00983743893682244,0.8837653227641111,0.01080064670692477,1.183652349085785,0.4310658753796155
A_Stable-Tail-eta0.5_seed6,A,1.0,0.0,10,3.1637839491271995,0.1942418770703139,0.08099284104546406,0.010192521626017071,1.2248824143536672,0.12650068789855162,0.14561586471519467,0.019317105536566206,0.3109340525589837,0.06576407327969047,0.7505578058043679,0.010884501147970564,0.7470455945276052,0.014565975827121845,0.5313090438090153,0.0
A_Stable-Tail-eta0.5_seed6,A,2.0,0.0,10,2.832316147498327,0.1816900158025107,0.05477252906214479,0.008515109739239397,0.9400363770382105,0.061265064719004475,0.09461014833260853,0.0035857446240846213,0.26494367813943365,0.05860531825118685,0.7309541233813917,0.015427026152407496,0.7204795838162493,0.01913733589284103,0.5313090438090153,0.0
A_Stable-Tail-eta0.5_seed7,A,0.0,0.0,10,7.959816901084075,0.7658979944201808,0.23567049580945842,0.05127880147298579,2.428080332212452,0.48264264768863535,0.41230505239088855,0.11131733715375688,0.16179987701502715,0.061296232864304204,0.8524898232201188,0.00983743893682244,0.8837653227641111,0.01080064670692477,1.183652349085785,0.4310658753796155
A_Stable-Tail-eta0.5_seed7,A,1.0,0.0,10,3.0557656477828634,0.10045706960883308,0.07796843113104492,0.003757078420487396,1.18932956444779,0.17911302737046256,0.14106626210020917,0.02529779556926899,0.3262058559577502,0.06005034211999096,0.7457404421498839,0.006905543379549594,0.7429985304641871,0.009842354615618706,0.5313090438090153,0.0
A_Stable-Tail-eta0.5_seed7,A,2.0,0.0,10,2.5546124053213957,0.24651568528495874,0.044344856344955115,0.005101771555218458,0.9035377726380445,0.060566871429266346,0.10559575144588022,0.013750768303741617,0.2906989144522538,0.03454558405722376,0.7023013972757606,0.02840657527118664,0.6864718188935658,0.03437230651030149,0.5313090438090153,0.0
A_Stable-Tail-eta0.5_seed8,A,0.0,0.0,10,7.959816901084075,0.7658979944201808,0.23567049580945842,0.05127880147298579,2.428080332212452,0.48264264768863535,0.41230505239088855,0.11131733715375688,0.16179987701502715,0.061296232864304204,0.8524898232201188,0.00983743893682244,0.8837653227641111,0.01080064670692477,1.183652349085785,0.4310658753796155
A_Stable-Tail-eta0.5_seed8,A,1.0,0.0,10,3.4990099078974595,0.3081739631722334,0.08371162739450218,0.01781890395920483,1.0115053864593497,0.17072527385961883,0.13633568161658766,0.027867190635070073,0.18159903972192076,0.11134729779365092,0.7654736950627513,0.014554626121940417,0.7713128680447452,0.020523319302996904,0.5313090438090153,0.0
A_Stable-Tail-eta0.5_seed8,A,2.0,0.0,10,2.614938488109577,0.1957929109655125,0.04808052553261176,0.004409986495183212,0.8885957743054302,0.09648486430156374,0.09580238280309228,0.020084907132645373,0.27746971263736464,0.05349275401935052,0.7127472634483779,0.019278894206589924,0.7002902473286821,0.021557506307681544,0.5313090438090153,0.0
A_Stable-Tail-eta0.5_seed9,A,0.0,0.0,10,7.959816901084075,0.7658979944201808,0.23567049580945842,0.05127880147298579,2.428080332212452,0.48264264768863535,0.41230505239088855,0.11131733715375688,0.16179987701502715,0.061296232864304204,0.8524898232201188,0.00983743893682244,0.8837653227641111,0.01080064670692477,1.183652349085785,0.4310658753796155
A_Stable-Tail-eta0.5_seed9,A,1.0,0.0,10,3.2094140466820056,0.1670483788011249,0.0840307484565959,0.005903968496490522,1.001420696129197,0.1847297464222394,0.1259166799362344,0.021505151578030582,0.22683800465871357,0.08802878372315528,0.7511747093711237,0.010300255294985464,0.7516569484187612,0.014180261800241538,0.5313090438090153,0.0
A_Stable-Tail-eta0.5_seed9,A,2.0,0.0,10,2.8237411447342398,0.11838258339649838,0.052463271562475086,0.009301693368882246,0.9647532227648579,1.0467283057891834e-16,0.09760366524330931,0.007242153560795928,0.2849486276388472,0.018017252724679907,0.7285142197213942,0.00712047504321205,0.7192210813028458,0.009033225284797147,0.5313090438090153,0.0
A_Stable-Tail-eta0.7_seed0,A,0.0,0.0,10,7.959816901084075,0.7658979944201808,0.23567049580945842,0.05127880147298579,2.428080332212452,0.48264264768863535,0.41230505239088855,0.11131733715375688,0.16179987701502715,0.061296232864304204,0.8524898232201188,0.00983743893682244,0.8837653227641111,0.01080064670692477,1.183652349085785,0.4310658753796155
A_Stable-Tail-eta0.7_seed0,A,1.0,0.0,10,3.0625573652015943,0.17041497453884175,0.07186359781721338,0.009194404309971716,0.9011832506141768,0.1348725488078803,0.1016564461528257,0.021508588649906155,0.20861953983102732,0.047707816897341285,0.7449896548308013,0.01013989068176874,0.7434054442955996,0.012514263513489322,0.5313090438090153,0.0
A_Stable-Tail-eta0.7_seed0,A,2.0,0.0,10,2.4933778113952054,0.16990768026398761,0.046144934927260885,0.006265974325271481,0.8071671872348304,0.06975741925241943,0.09641992864543891,0.01718479716939752,0.23568163173958698,0.05361329779276654,0.6943346865122912,0.021067565876161563,0.6764028102406032,0.026032448580698777,0.5313090438090153,0.0
A_Stable-Tail-eta0.7_seed1,A,0.0,0.0,10,7.959816901084075,0.7658979944201808,0.23567049580945842,0.05127880147298579,2.428080332212452,0.48264264768863535,0.41230505239088855,0.11131733715375688,0.16179987701502715,0.061296232864304204,0.8524898232201188,0.00983743893682244,0.8837653227641111,0.01080064670692477,1.183652349085785,0.4310658753796155
A_Stable-Tail-eta0.7_seed1,A,1.0,0.0,10,3.2875781194870646,0.17165910269587187,0.08678651607883817,0.010315015678797375,1.030900633300044,0.20843708391404292,0.1365848421322191,0.01696819871072929,0.20462094627328478,0.09720804568017957,0.7597599898078918,0.008555746304289997,0.7622734539054502,0.011967067565956904,0.5313090438090153,0.0
A_Stable-Tail-eta0.7_seed1,A,2.0,0.0,10,2.6817905225104965,0.17027087555525033,0.051023678397681335,0.005230866479005647,0.9019943572175263,0.09732041368885384,0.08684198856133564,0.013668802705271895,0.2665934669736137,0.05735037382512225,0.7193172518562921,0.016732445394463467,0.7082148673549821,0.01895706326771974,0.5313090438090153,0.0
A_Stable-Tail-eta0.7_seed2,A,0.0,0.0,10,7.959816901084075,0.7658979944201808,0.23567049580945842,0.05127880147298579,2.428080332212452,0.48264264768863535,0.41230505239088855,0.11131733715375688,0.16179987701502715,0.061296232864304204,0.8524898232201188,0.00983743893682244,0.8837653227641111,0.01080064670692477,1.183652349085785,0.4310658753796155
A_Stable-Tail-eta0.7_seed2,A,1.0,0.0,10,3.163324615205313,0.1357533788552188,0.08264450766240723,0.004062289554071712,1.1547776407770913,0.15467587224683566,0.13869405463103537,0.01915964446137367,0.2794569323939222,0.07336326090845628,0.7510552393434204,0.0072160592381897305,0.7511525704654313,0.010894804674737687,0.5313090438090153,0.0
A_Stable-Tail-eta0.7_seed2,A,2.0,0.0,10,2.7110405688380657,0.2779672140643593,0.05663257563403377,0.01624346403003303,0.818815080236376,0.07005643263932082,0.09442420913606125,0.011527379030509642,0.24866393201761436,0.05779577220148,0.7139836833811029,0.026067822983180524,0.7015915120815387,0.03262090401619223,0.5313090438090153,0.0
A_Stable-Tail-eta0.7_seed3,A,0.0,0.0,10,7.959816901084075,0.7658979944201808,0.23567049580945842,0.05127880147298579,2.428080332212452,0.48264264768863535,0.41230505239088855,0.11131733715375688,0.16179987701502715,0.061296232864304204,0.8524898232201188,0.00983743893682244,0.8837653227641111,0.01080064670692477,1.183652349085785,0.4310658753796155
A_Stable-Tail-eta0.7_seed3,A,1.0,0.0,10,3.2410705270816313,0.16079976828023557,0.0806968079225746,0.011256334228035444,1.0417466260784436,0.17606883158975872,0.12910715710290174,0.019983036226872784,0.25132437980961875,0.07581610048464729,0.752047961514824,0.008351443968074496,0.7543592058060753,0.011049753501642008,0.5313090438090153,0.0
A_Stable-Tail-eta0.7_seed3,A,2.0,0.0,10,2.76745943356109,0.13500194527239082,0.056045891797972626,0.008390757447101355,0.8825193054994861,0.1149035692104395,0.11890712784166586,0.05789260436520073,0.18795484299126014,0.05592230593637748,0.7205335069874496,0.01432575657951909,0.7120632363459094,0.016720258366925124,0.5313090438090153,0.0
A_Stable-Tail-eta0.7_seed4,A,0.0,0.0,10,7.959816901084075,0.7658979944201808,0.23567049580945842,0.05127880147298579,2.428080332212452,0.48264264768863535,0.41230505239088855,0.11131733715375688,0.16179987701502715,0.061296232864304204,0.8524898232201188,0.00983743893682244,0.8837653227641111,0.01080064670692477,1.183652349085785,0.4310658753796155
A_Stable-Tail-eta0.7_seed4,A,1.0,0.0,10,3.1895728579256852,0.1973803000293772,0.07931539144232538,0.011778637508328912,1.2264915258605746,0.15665409094383387,0.14982090401869125,0.017349477061084112,0.30114727620052745,0.07668059901628554,0.7537330834899926,0.011141670193537371,0.7529038083385579,0.014902509809972505,0.5313090438090153,0.0
A_Stable-Tail-eta0.7_seed4,A,2.0,0.0,10,2.5039896858439294,0.16965829583766726,0.04558511020669383,0.005493152455909996,0.8295640063560322,0.07315643202454168,0.0944527927074108,0.017245332184799973,0.25859295925342485,0.04997412702227579,0.6961528592092675,0.01964337177305541,0.6779370577230814,0.02342227310955667,0.5313090438090153,0.0
A_Stable-Tail-eta0.7_seed5,A,0.0,0.0,10,7.959816901084075,0.7658979944201808,0.23567049580945842,0.05127880147298579,2.428080332212452,0.48264264768863535,0.41230505239088855,0.11131733715375688,0.16179987701502715,0.061296232864304204,0.8524898232201188,0.00983743893682244,0.8837653227641111,0.01080064670692477,1.183652349085785,0.4310658753796155
A_Stable-Tail-eta0.7_seed5,A,1.0,0.0,10,3.309806454799923,0.2426510655252925,0.083428324432297,0.014138659854719427,1.1750312357513417,0.15757664743669816,0.1488338824654928,0.015084812756678247,0.2681939845761622,0.07688928945952299,0.7579847504872026,0.011356988031619122,0.7614348175889394,0.0159756335363563,0.5313090438090153,0.0
A_Stable-Tail-eta0.7_seed5,A,2.0,0.0,10,2.87899197085062,0.1999575920718229,0.06053216456968295,0.01647894563648917,0.9647532227648578,1.5700924586837752e-16,0.09531349520162793,0.0,0.2601328123455171,0.05436858969112167,0.7305498140818991,0.013965008115703177,0.7237342355131148,0.016931148603757766,0.5313090438090153,0.0
A_Stable-Tail-eta0.7_seed6,A,0.0,0.0,10,7.959816901084075,0.7658979944201808,0.23567049580945842,0.05127880147298579,2.428080332212452,0.48264264768863535,0.41230505239088855,0.11131733715375688,0.16179987701502715,0.061296232864304204,0.8524898232201188,0.00983743893682244,0.8837653227641111,0.01080064670692477,1.183652349085785,0.4310658753796155
A_Stable-Tail-eta0.7_seed6,A,1.0,0.0,10,2.9461248346792615,0.19623780789857057,0.0657032040958637,0.01584807932661225,0.9875932575274815,0.07610743874304064,0.1051249732715848,0.016564917331798,0.25865367079680474,0.05434753961140291,0.7358273128824434,0.01479166956840691,0.7291847875297156,0.018591338124065104,0.5313090438090153,0.0
A_Stable-Tail-eta0.7_seed6,A,2.0,0.0,10,2.7954446582334227,0.21384681189047877,0.0557259385377598,0.009906237655703627,0.8938983536804518,0.09153677723719768,0.09204542828164962,0.013104439283764509,0.24571869940713179,0.05872934364954119,0.7261705005648725,0.01733629362023298,0.7154400240419284,0.021179486537240246,0.5313090438090153,0.0
A_Stable-Tail-eta0.7_seed7,A,0.0,0.0,10,7.959816901084075,0.7658979944201808,0.23567049580945842,0.05127880147298579,2.428080332212452,0.48264264768863535,0.41230505239088855,0.11131733715375688,0.16179987701502715,0.061296232864304204,0.8524898232201188,0.00983743893682244,0.8837653227641111,0.01080064670692477,1.183652349085785,0.4310658753796155
A_Stable-Tail-eta0.7_seed7,A,1.0,0.0,10,2.8461160898801148,0.21118076869216384,0.056656450125088,0.012625258023611587,0.9734780568725501,0.04792610837809986,0.0981449333932024,0.010163777976040962,0.28279492656348415,0.0373074461075947,0.7301292528685372,0.015554738496166282,0.7218470669795167,0.019907779388013993,0.5313090438090153,0.0
A_Stable-Tail-eta0.7_seed7,A,2.0,0.0,10,2.503515544321297,0.18718536114175538,0.04305744150932331,0.004092225864600351,0.8572785346890033,0.0686001672902239,0.09132455396933939,0.002909105566615695,0.26635401627873306,0.04719238025518118,0.6935148690332864,0.02045802911531259,0.6753699058332712,0.024557675851191143,0.5313090438090153,0.0
A_Stable-Tail-eta0.7_seed8,A,0.0,0.0,10,7.959816901084075,0.7658979944201808,0.23567049580945842,0.05127880147298579,2.428080332212452,0.48264264768863535,0.41230505239088855,0.11131733715375688,0.16179987701502715,0.061296232864304204,0.8524898232201188,0.00983743893682244,0.8837653227641111,0.01080064670692477,1.183652349085785,0.4310658753796155
A_Stable-Tail-eta0.7_seed8,A,1.0,0.0,10,3.3284370877867326,0.2891326241552465,0.07400303878306129,0.014241566742292428,0.9951853645674775,0.15019484559455673,0.1193736211933311,0.030286918428672826,0.22813722441914908,0.05044509594131414,0.7575017346792301,0.013273770763885218,0.7609471096198028,0.017858727045061838,0.5313090438090153,0.0
A_Stable-Tail-eta0.7_seed8,A,2.0,0.0,10,2.667724940001277,0.25297339701544325,0.04910371264663158,0.004521760037573201,0.8827471469874324,0.15587305467411328,0.10398803166177036,0.029092203425334074,0.2621696301386122,0.045371433363092586,0.7157809245557625,0.02581515994842176,0.7032778911865029,0.03127577939030683,0.5313090438090153,0.0
A_Stable-Tail-eta0.7_seed9,A,0.0,0.0,10,7.959816901084075,0.7658979944201808,0.23567049580945842,0.05127880147298579,2.428080332212452,0.48264264768863535,0.41230505239088855,0.11131733715375688,0.16179987701502715,0.061296232864304204,0.8524898232201188,0.00983743893682244,0.8837653227641111,0.01080064670692477,1.183652349085785,0.4310658753796155
A_Stable-Tail-eta0.7_seed9,A,1.0,0.0,10,3.1272316587490385,0.0893792420916549,0.08048478115729144,0.0018080831308461677,1.1334760471591259,0.2002030620293502,0.14083387006535034,0.020089017494967266,0.30761789439396975,0.0592100607373009,0.7472780041998716,0.005409639984561805,0.746861655418231,0.0062088606718479905,0.5313090438090153,0.0
A_Stable-Tail-eta0.7_seed9,A,2.0,0.0,10,2.827036307323028,0.13431685222198694,0.054857257086994585,0.009475815654365448,0.9596038244563484,0.016283827234308063,0.09830657717303012,0.009464956253217876,0.28021025573720254,0.023779350825851208,0.7298379198399845,0.009933981607486753,0.7213814030802159,0.013324127718024303,0.5313090438090153,0.0
B_Stable-Tail-eta0.3_seed0,B,0.0,0.0,10,8.39809784146732,0.5817654851377553,0.25918567434636797,0.03273398100223659,2.7736311395548943,0.2358494625927617,0.4066311949507197,0.0769165448655189,0.22198176375485362,0.03161405445775714,0.8477540592052198,0.006866126559159197,0.8813086851131514,0.010251617876607534,1.0197001893516844,0.35828612542847754
B_Stable-Tail-eta0.3_seed0,B,1.0,0.0,10,3.793836095619075,0.18694997871119215,0.08888274039662405,0.004558514524623768,1.245800354868321,0.1972629140416632,0.13295330292143087,0.02850029509283537,0.24610807034182525,0.048937529702868306,0.7688451074671948,0.008650017070207792,0.7688428999164858,0.011271270808719135,0.5313090438090153,0.0
B_Stable-Tail-eta0.3_seed0,B,2.0,0.0,10,3.187107157580669,0.11777622637074558,0.07099476233945037,0.006086914886776295,1.1164333854548047,0.027577689074847037,0.12826743364841406,0.009147042932365268,0.2753578371215677,0.02612072766433385,0.7395483849268267,0.00987206804506533,0.7267820624621497,0.012141704224452031,0.5313090438090153,0.0
B_Stable-Tail-eta0.3_seed1,B,0.0,0.0,10,8.39809784146732,0.5817654851377553,0.25918567434636797,0.03273398100223659,2.7736311395548943,0.2358494625927617,0.4066311949507197,0.0769165448655189,0.22198176375485362,0.03161405445775714,0.8477540592052198,0.006866126559159197,0.8813086851131514,0.010251617876607534,1.0197001893516844,0.35828612542847754
B_Stable-Tail-eta0.3_seed1,B,1.0,0.0,10,4.124224606913503,0.20222851479824241,0.0947335510323383,0.005304077319430742,1.2298711064417642,0.1349354013756623,0.15724689985928145,0.023434112124926996,0.19382431224601113,0.06085633993280443,0.7843054501214651,0.01044826188821368,0.7880038442613675,0.011717049152762124,0.5918090941814343,0.09400551560309924
B_Stable-Tail-eta0.3_seed1,B,2.0,0.0,10,3.831836026399671,0.17505796319043845,0.08782622762486002,0.0038418981036930327,1.1215645170459,2.340555645717801e-16,0.13115998260057604,0.0,0.19997337686048527,0.044643509558560536,0.7685420150716936,0.006692938761325417,0.7679186525913295,0.009099504278160225,0.5313090438090153,0.0
B_Stable-Tail-eta0.3_seed2,B,0.0,0.0,10,8.39809784146732,0.5817654851377553,0.25918567434636797,0.03273398100223659,2.7736311395548943,0.2358494625927617,0.4066311949507197,0.0769165448655189,0.22198176375485362,0.03161405445775714,0.8477540592052198,0.006866126559159197,0.8813086851131514,0.010251617876607534,1.0197001893516844,0.35828612542847754
B_Stable-Tail-eta0.3_seed2,B,1.0,0.0,10,3.8376867674870225,0.20229580822296073,0.08945987061442946,0.005587387649352938,1.2426075167695712,0.30576066433412563,0.13118234947234578,0.031086197065348573,0.23440373970321832,0.11854673282527461,0.7739641211723963,0.0098337742079892,0.7747853329576078,0.01291474076560683,0.5320603836895617,0.002375945319445066
B_Stable-Tail-eta0.3_seed2,B,2.0,0.0,10,3.321786412554477,0.15996090000576002,0.07626384571460607,0.004897214173769124,1.120232078791015,0.03150901022701562,0.12554108957057503,0.011852142601966775,0.2747055240988028,0.03544052647220887,0.7492492728105664,0.009950571859549081,0.7402614251465651,0.01389753198221985,0.5313090438090153,0.0
B_Stable-Tail-eta0.3_seed3,B,0.0,0.0,10,8.39809784146732,0.5817654851377553,0.25918567434636797,0.03273398100223659,2.7736311395548943,0.2358494625927617,0.4066311949507197,0.0769165448655189,0.22198176375485362,0.03161405445775714,0.8477540592052198,0.006866126559159197,0.8813086851131514,0.010251617876607534,1.0197001893516844,0.35828612542847754
B_Stable-Tail-eta0.3_seed3,B,1.0,0.0,10,4.527294956951491,0.1204441957806229,0.10592225239970636,0.007186678282294127,1.6078707127359362,0.26000533177793733,0.18213549604140272,0.02939412984368464,0.2905861810506627,0.05854698048987059,0.7940791410123593,0.005712096470703964,0.8061581926096786,0.005962419659395319,0.5464915594620143,0.02444617269805855
B_Stable-Tail-eta0.3_seed3,B,2.0,0.0,10,3.652891306280614,0.3186880522084854,0.08564752216765666,0.007833381877919694,1.2672368878893607,0.17736155291797068,0.14035595198228829,0.014482310140927166,0.2692007898266057,0.030490819556023424,0.7589206255107331,0.01164789370999619,0.7574536277080715,0.01756405410406472,0.5313090438090153,0.0
B_Stable-Tail-eta0.3_seed4,B,0.0,0.0,10,8.39809784146732,0.5817654851377553,0.25918567434636797,0.03273398100223659,2.7736311395548943,0.2358494625927617,0.4066311949507197,0.0769165448655189,0.22198176375485362,0.03161405445775714,0.8477540592052198,0.006866126559159197,0.8813086851131514,0.010251617876607534,1.0197001893516844,0.35828612542847754
B_Stable-Tail-eta0.3_seed4,B,1.0,0.0,10,3.9428020708606915,0.34268533073873225,0.09194882989740094,0.009101419605398868,1.3163943773826043,0.16560002952567693,0.1605253083591319,0.02662912108836869,0.270390569131454,0.03562922349308969,0.7738520073128654,0.013182795149612025,0.7760307686332604,0.01828991176408354,0.5320603836895617,0.002375945319445066
B_Stable-Tail-eta0.3_seed4,B,2.0,0.0,10,3.3535670611195734,0.15331486214898538,0.07876343226457284,0.005636609737866953,1.1463677428949335,0.013072447833751642,0.13115998260057604,0.0,0.26188885575284077,0.021518605319853286,0.7483538534463005,0.0056042044588405894,0.7408575150568202,0.00981960234532619,0.5313090438090153,0.0
B_Stable-Tail-eta0.3_seed5,B,0.0,0.0,10,8.39809784146732,0.5817654851377553,0.25918567434636797,0.03273398100223659,2.7736311395548943,0.2358494625927617,0.4066311949507197,0.0769165448655189,0.22198176375485362,0.03161405445775714,0.8477540592052198,0.006866126559159197,0.8813086851131514,0.010251617876607534,1.0197001893516844,0.35828612542847754
B_Stable-Tail-eta0.3_seed5,B,1.0,0.0,10,4.115332855613143,0.2492969844359966,0.0943292018659609,0.004749955591059252,1.4453041270374616,0.1792074316520703,0.16839250347792342,0.011951935895949827,0.3077084538863598,0.07597906776799027,0.7803741618526703,0.008480845218346831,0.7874622711752075,0.012643477622650683,0.5380711027339318,0.002375945319445066
B_Stable-Tail-eta0.3_seed5,B,2.0,0.0,10,3.4411197757746663,0.14339638248899908,0.08072263546266532,0.004658515098500394,1.2962059917260953,0.1719020414745932,0.14460644314490564,0.014926483910374318,0.3199494213921918,0.06200365955937316,0.7521502619423673,0.008084802605057244,0.7461531307353767,0.01169749926596601,0.5320603836895617,0.002375945319445066
B_Stable-Tail-eta0.3_seed6,B,0.0,0.0,10,8.39809784146732,0.5817654851377553,0.25918567434636797,0.03273398100223659,2.7736311395548943,0.2358494625927617,0.4066311949507197,0.0769165448655189,0.22198176375485362,0.03161405445775714,0.8477540592052198,0.006866126559159197,0.8813086851131514,0.010251617876607534,1.0197001893516844,0.35828612542847754
B_Stable-Tail-eta0.3_seed6,B,1.0,0.0,10,3.921968910261005,0.20142621732186272,0.08752152308411201,0.003977069872069876,1.2834723077018393,0.13035222903405586,0.14885472140586425,0.022631150619110623,0.2672205948793024,0.04181084845621276,0.7735996584994588,0.005165176081751236,0.7772959754221139,0.008534400532461614,0.5350657432117467,0.003959908865741777
B_Stable-Tail-eta0.3_seed6,B,2.0,0.0,10,3.356950474802358,0.16097232699799002,0.07772025423996601,0.005102201837670605,1.1781217694563675,0.0872269348278507,0.13012886628401932,0.009867753614820517,0.2705560420271766,0.020725927412102135,0.751783639343031,0.00999383559144327,0.74318924336794,0.013046836583884416,0.5313090438090153,0.0
B_Stable-Tail-eta0.3_seed7,B,0.0,0.0,10,8.39809784146732,0.5817654851377553,0.25918567434636797,0.03273398100223659,2.7736311395548943,0.2358494625927617,0.4066311949507197,0.0769165448655189,0.22198176375485362,0.03161405445775714,0.8477540592052198,0.006866126559159197,0.8813086851131514,0.010251617876607534,1.0197001893516844,0.35828612542847754
B_Stable-Tail-eta0.3_seed7,B,1.0,0.0,10,3.7796409599015846,0.3119942506207423,0.08762866269457094,0.008745705408923709,1.2421745123625705,0.17815126611162146,0.13396154340419958,0.01987364957204493,0.2612541224034454,0.056555741261592046,0.7664302827241903,0.013313842357674544,0.7674710131317208,0.01879285722755459,0.5313090438090153,0.0
B_Stable-Tail-eta0.3_seed7,B,2.0,0.0,10,3.4618709003353034,0.18614743177191628,0.08099714261223898,0.005780573007645238,1.099076590097068,0.07111306901379008,0.12810601923161458,0.009657480136639378,0.23938548022974665,0.05106163382465905,0.7506373337267316,0.007994406389843691,0.7457495969583829,0.012752104090752319,0.5313090438090153,0.0
B_Stable-Tail-eta0.3_seed8,B,0.0,0.0,10,8.39809784146732,0.5817654851377553,0.25918567434636797,0.03273398100223659,2.7736311395548943,0.2358494625927617,0.4066311949507197,0.0769165448655189,0.22198176375485362,0.03161405445775714,0.8477540592052198,0.006866126559159197,0.8813086851131514,0.010251617876607534,1.0197001893516844,0.35828612542847754
B_Stable-Tail-eta0.3_seed8,B,1.0,0.0,10,4.208575985581332,0.23038178931592632,0.09943809129390882,0.002140732594000501,1.570467892470075,0.22051948105880817,0.17771723410853446,0.025034572326812037,0.3148109838000903,0.07978368901216122,0.7847916185924574,0.006936802545708714,0.7936992140847063,0.00972292383845781,0.541629261523839,0.014496351565458573
B_Stable-Tail-eta0.3_seed8,B,2.0,0.0,10,3.2525807266567357,0.16919000552319358,0.0755103032233145,0.004500027312018085,1.139207733077131,0.07086361541686449,0.12608770109234563,0.013198194829973147,0.2729139088688419,0.03825577757934482,0.74443850016768,0.008037610099666732,0.7339610254274189,0.010663619525560391,0.5313090438090153,0.0
B_Stable-Tail-eta0.3_seed9,B,0.0,0.0,10,8.39809784146732,0.5817654851377553,0.25918567434636797,0.03273398100223659,2.7736311395548943,0.2358494625927617,0.4066311949507197,0.0769165448655189,0.22198176375485362,0.03161405445775714,0.8477540592052198,0.006866126559159197,0.8813086851131514,0.010251617876607534,1.0197001893516844,0.35828612542847754
B_Stable-Tail-eta0.3_seed9,B,1.0,0.0,10,3.876693570170528,0.16675421475139615,0.08881127564022562,0.002894646460966191,1.3435454627980252,0.1372095037111345,0.13778224305448156,0.01707828696323988,0.28965400610610187,0.06245056443247623,0.7738590883360128,0.0070575398765561825,0.7754406123316063,0.009891769779122076,0.5313090438090153,0.0
B_Stable-Tail-eta0.3_seed9,B,2.0,0.0,10,3.4778541155088667,0.10041377135263789,0.07940787363085872,0.003599088738646757,1.1246153759330804,0.01788635902907283,0.1280297507231984,0.009898662336978236,0.2692711294941491,0.03971540951598074,0.7555472280219085,0.005577708671077898,0.7502317488669697,0.006885582293129457,0.5313090438090153,0.0
B_Stable-Tail-eta0.5_seed0,B,0.0,0.0,10,8.39809784146732,0.5817654851377553,0.25918567434636797,0.03273398100223659,2.7736311395548943,0.2358494625927617,0.4066311949507197,0.0769165448655189,0.22198176375485362,0.03161405445775714,0.8477540592052198,0.006866126559159197,0.8813086851131514,0.010251617876607534,1.0197001893516844,0.35828612542847754
B_Stable-Tail-eta0.5_seed0,B,1.0,0.0,10,3.666012084780995,0.3458117738712757,0.0859314883413059,0.009072918254124955,1.3204672319677695,0.2501682817017587,0.1441399110244579,0.025246958542259466,0.2698547608917857,0.05209994929303691,0.7629740569074233,0.01432655004709044,0.761621694000404,0.021031699597147947,0.5320603836895617,0.0023759453194450663
B_Stable-Tail-eta0.5_seed0,B,2.0,0.0,10,3.191599095783836,0.1977387772801734,0.07145393953602072,0.008271436451066686,1.1199088560358508,0.014129537930196818,0.1297741051796201,0.004382529208020778,0.288721557686603,0.020093200983792102,0.7349388028183681,0.012730472062749389,0.7234329671699988,0.018165075017102465,0.5313090438090153,0.0
B_Stable-Tail-eta0.5_seed1,B,0.0,0.0,10,8.39809784146732,0.5817654851377553,0.25918567434636797,0.03273398100223659,2.7736311395548943,0.2358494625927617,0.4066311949507197,0.0769165448655189,0.22198176375485362,0.03161405445775714,0.8477540592052198,0.006866126559159197,0.8813086851131514,0.010251617876607534,1.0197001893516844,0.35828612542847754
B_Stable-Tail-eta0.5_seed1,B,1.0,0.0,10,4.24835625154591,0.3463911069770846,0.09732800395415724,0.008540489011894524,1.2203059145126456,0.16217678931828097,0.15795039406272346,0.027887467710675646,0.1878761363462665,0.04991524411509621,0.787392247917184,0.01528952668143885,0.7917802854390105,0.019350252760631355,0.6303893347084389,0.10288022317450378
B_Stable-Tail-eta0.5_seed1,B,2.0,0.0,10,3.734243300521862,0.1344003390538069,0.08636807073535106,0.003143478373013081,1.139362652582941,0.017449621261786206,0.13115998260057604,0.0,0.218350921181144,0.035586228121835914,0.7662182425377091,0.0037935294293030986,0.7631766090794143,0.005766371783717477,0.5313090438090153,0.0
B_Stable-Tail-eta0.5_seed2,B,0.0,0.0,10,8.39809784146732,0.5817654851377553,0.25918567434636797,0.03273398100223659,2.7736311395548943,0.2358494625927617,0.4066311949507197,0.0769165448655189,0.22198176375485362,0.03161405445775714,0.8477540592052198,0.006866126559159197,0.8813086851131514,0.010251617876607534,1.0197001893516844,0.35828612542847754
B_Stable-Tail-eta0.5_seed2,B,1.0,0.0,10,3.999930109546747,0.2367497476891408,0.09208530289132352,0.006893040651931832,1.33026917393081,0.12320614997489246,0.1364624149024435,0.016140537062373554,0.2765927206807115,0.047809741437846054,0.7800598285705606,0.009459444203476006,0.783622546491318,0.01389952684815733,0.5320603836895617,0.002375945319445066
B_Stable-Tail-eta0.5_seed2,B,2.0,0.0,10,3.284930956718837,0.14006462697160332,0.07496019154896313,0.00432415565204682,1.118479744106001,0.01518398297465893,0.13115998260057604,0.0,0.2827300689300875,0.023003474175373597,0.7452044041138631,0.007663652413584707,0.7344932266424177,0.01100019187447251,0.5313090438090153,0.0
B_Stable-Tail-eta0.5_seed3,B,0.0,0.0,10,8.39809784146732,0.5817654851377553,0.25918567434636797,0.03273398100223659,2.7736311395548943,0.2358494625927617,0.4066311949507197,0.0769165448655189,0.22198176375485362,0.03161405445775714,0.8477540592052198,0.006866126559159197,0.8813086851131514,0.010251617876607534,1.0197001893516844,0.35828612542847754
B_Stable-Tail-eta0.5_seed3,B,1.0,0.0,10,4.170269636962443,0.2220028393023816,0.09886219318077602,0.007720709016637684,1.4897280791780687,0.09270345275484873,0.17419508436727532,0.028998976925561245,0.25565730460053376,0.041236051908860524,0.7806973955817698,0.010009602957015714,0.7880268494461405,0.011331864784826456,0.5414307209110147,0.02133836892206022
B_Stable-Tail-eta0.5_seed3,B,2.0,0.0,10,3.6570590471930897,0.2789864070444373,0.08422851094981168,0.007729920616085467,1.2961898593944996,0.18727711901838398,0.15697126331996003,0.0319432385113122,0.2810196126747876,0.04951307484575591,0.7577103724947669,0.009162286504778032,0.7561019096979743,0.014932660915496745,0.5313090438090153,0.0
B_Stable-Tail-eta0.5_seed4,B,0.0,0.0,10,8.39809784146732,0.5817654851377553,0.25918567434636797,0.03273398100223659,2.7736311395548943,0.2358494625927617,0.4066311949507197,0.0769165448655189,0.22198176375485362,0.03161405445775714,0.8477540592052198,0.006866126559159197,0.8813086851131514,0.010251617876607534,1.0197001893516844,0.35828612542847754
B_Stable-Tail-eta0.5_seed4,B,1.0,0.0,10,4.092863371344796,0.21824274681963385,0.09472435595316744,0.0058175657498790315,1.3587802435160161,0.12327269920787319,0.16670875102090393,0.01677949454519388,0.2591462937881128,0.05703395485459574,0.7797264953377947,0.005714841096176672,0.7840180750915947,0.008601549868662631,0.5313090438090153,0.0
B_Stable-Tail-eta0.5_seed4,B,2.0,0.0,10,3.262186171464161,0.10546179689675977,0.075746130630498,0.00424067504067252,1.1406698826380794,0.015368734505724697,0.13115998260057604,0.0,0.27860665022489484,0.018984752851382316,0.743913173252593,0.00331537108921146,0.734764573976227,0.006353878418024416,0.5313090438090153,0.0
B_Stable-Tail-eta0.5_seed5,B,0.0,0.0,10,8.39809784146732,0.5817654851377553,0.25918567434636797,0.03273398100223659,2.7736311395548943,0.2358494625927617,0.4066311949507197,0.0769165448655189,0.22198176375485362,0.03161405445775714,0.8477540592052198,0.006866126559159197,0.8813086851131514,0.010251617876607534,1.0197001893516844,0.35828612542847754
B_Stable-Tail-eta0.5_seed5,B,1.0,0.0,10,4.053345753572799,0.14418881980804132,0.09318032812380247,0.0043877063713226,1.3940772785248237,0.148852098140797,0.16474067105639079,0.0115632946326883,0.30395726332809364,0.06254274281356423,0.7806287481691161,0.00621673805694,0.7861499349249895,0.007698611853736883,0.5388224426144781,0.0
B_Stable-Tail-eta0.5_seed5,B,2.0,0.0,10,3.4554473038280458,0.1499132867108708,0.08010796651965583,0.003197952332524074,1.188398954195569,0.10984927139390864,0.12873865210586888,0.0160899760863021,0.29172846288694787,0.04254084610819808,0.7536607964704987,0.008936566831489022,0.7483980014665247,0.011566553836956596,0.5313090438090153,0.0
B_Stable-Tail-eta0.5_seed6,B,0.0,0.0,10,8.39809784146732,0.5817654851377553,0.25918567434636797,0.03273398100223659,2.7736311395548943,0.2358494625927617,0.4066311949507197,0.0769165448655189,0.22198176375485362,0.03161405445775714,0.8477540592052198,0.006866126559159197,0.8813086851131514,0.010251617876607534,1.0197001893516844,0.35828612542847754
B_Stable-Tail-eta0.5_seed6,B,1.0,0.0,10,3.7524092435905976,0.2754693287043905,0.08597453430333532,0.006972563209963481,1.2106095047720555,0.19559038081428645,0.13354770333439894,0.015798841116747137,0.27171761492459895,0.030297356748116736,0.7701789295773445,0.008942737108987894,0.7707403968297805,0.014257644119484977,0.5328117235701079,0.0031679270925934217
B_Stable-Tail-eta0.5_seed6,B,2.0,0.0,10,3.4319583437827346,0.21026114247220742,0.07779439515952666,0.0049114265949863015,1.218245230966051,0.15559122052123947,0.13801407604952562,0.012498661258184355,0.2882807355602123,0.05179496100281557,0.7528395819385746,0.011312133506434348,0.7457835674753539,0.015545195715442989,0.5313090438090153,0.0
B_Stable-Tail-eta0.5_seed7,B,0.0,0.0,10,8.39809784146732,0.5817654851377553,0.25918567434636797,0.03273398100223659,2.7736311395548943,0.2358494625927617,0.4066311949507197,0.0769165448655189,0.22198176375485362,0.03161405445775714,0.8477540592052198,0.006866126559159197,0.8813086851131514,0.010251617876607534,1.0197001893516844,0.35828612542847754
B_Stable-Tail-eta0.5_seed7,B,1.0,0.0,10,3.844103510604506,0.3583314190899155,0.08890436992204317,0.009260640604390882,1.166461236878599,0.2635091346900441,0.13314670158332065,0.02238524124737855,0.20872322775466431,0.08280578905045943,0.7685861777985429,0.015504864520984329,0.7705711007487114,0.022066116198269387,0.5320603836895617,0.0023759453194450663
B_Stable-Tail-eta0.5_seed7,B,2.0,0.0,10,3.509673626093151,0.1529526861643271,0.08007935183123265,0.003532404383793129,1.0594141599975133,0.11337641437031337,0.11882712668364497,0.015925230658919886,0.206285584774609,0.06570316534606073,0.7533943457490807,0.006273924649675845,0.7484115449498857,0.008811814854538063,0.5313090438090153,0.0
B_Stable-Tail-eta0.5_seed8,B,0.0,0.0,10,8.39809784146732,0.5817654851377553,0.25918567434636797,0.03273398100223659,2.7736311395548943,0.2358494625927617,0.4066311949507197,0.0769165448655189,0.22198176375485362,0.03161405445775714,0.8477540592052198,0.006866126559159197,0.8813086851131514,0.010251617876607534,1.0197001893516844,0.35828612542847754
B_Stable-Tail-eta0.5_seed8,B,1.0,0.0,10,4.02774021359909,0.19712402331270326,0.0965257639574087,0.004323645985035457,1.4640803878057391,0.2048271990592828,0.17961743701648686,0.02278010686791468,0.2963251417375215,0.08285400515465396,0.7762360105313372,0.011181961679895323,0.7814779509426408,0.01256471155437681,0.5429334006721073,0.020774083657479545
B_Stable-Tail-eta0.5_seed8,B,2.0,0.0,10,3.226412693026613,0.06409723998837973,0.07424872749210401,0.002016840581375846,1.137455987038717,0.013035405695623791,0.13115998260057604,0.0,0.2678542405885229,0.022733822940374727,0.7441887938966661,0.0034229121566127924,0.7328432486748898,0.003976044663786026,0.5313090438090153,0.0
B_Stable-Tail-eta0.5_seed9,B,0.0,0.0,10,8.39809784146732,0.5817654851377553,0.25918567434636797,0.03273398100223659,2.7736311395548943,0.2358494625927617,0.4066311949507197,0.0769165448655189,0.22198176375485362,0.03161405445775714,0.8477540592052198,0.006866126559159197,0.8813086851131514,0.010251617876607534,1.0197001893516844,0.35828612542847754
B_Stable-Tail-eta0.5_seed9,B,1.0,0.0,10,3.8679647528400083,0.14552106614225085,0.0888617267841242,0.0027723452551559613,1.337901324446524,0.07627502889446856,0.14139318747824547,0.016611872807433772,0.3015936810199352,0.03777946803869786,0.7750259251741685,0.008006440692920848,0.776322516131047,0.010310916049165439,0.5313090438090153,0.0
B_Stable-Tail-eta0.5_seed9,B,2.0,0.0,10,3.4233396237512914,0.10426192655675032,0.07915504437299999,0.00268452277387605,1.1075806013463239,0.05907233756331617,0.12746416164567576,0.011687212041663307,0.2621630466988368,0.04568720401210776,0.7525789261741849,0.00733236649860442,0.7465498300220144,0.008296223840368083,0.5313090438090153,0.0
B_Stable-Tail-eta0.7_seed0,B,0.0,0.0,10,8.39809784146732,0.5817654851377553,0.25918567434636797,0.03273398100223659,2.7736311395548943,0.2358494625927617,0.4066311949507197,0.0769165448655189,0.22198176375485362,0.03161405445775714,0.8477540592052198,0.006866126559159197,0.8813086851131514,0.010251617876607534,1.0197001893516844,0.35828612542847754
B_Stable-Tail-eta0.7_seed0,B,1.0,0.0,10,3.806076547544977,0.1798829412945873,0.08807584306975218,0.0031261276526755107,1.1891753873941295,0.07574108983801377,0.14398149684941644,0.013760508104684514,0.2551947936489205,0.03505783909322984,0.7664287035344793,0.00825295807073378,0.7674610178064883,0.010185968995853346,0.5343144033312004,0.003879902459596261
B_Stable-Tail-eta0.7_seed0,B,2.0,0.0,10,3.0690801084652657,0.09854323823569283,0.0659293561593524,0.005743281687184886,1.1157829265779413,0.020110606032669582,0.13115998260057604,0.0,0.28844978792191284,0.0193051513698971,0.7304783861815982,0.010125858685044412,0.7154212604661889,0.012035101291818994,0.5313090438090153,0.0
B_Stable-Tail-eta0.7_seed1,B,0.0,0.0,10,8.39809784146732,0.5817654851377553,0.25918567434636797,0.03273398100223659,2.7736311395548943,0.2358494625927617,0.4066311949507197,0.0769165448655189,0.22198176375485362,0.03161405445775714,0.8477540592052198,0.006866126559159197,0.8813086851131514,0.010251617876607534,1.0197001893516844,0.35828612542847754
B_Stable-Tail-eta0.7_seed1,B,1.0,0.0,10,4.123552137056961,0.17882540420126897,0.09496348710452282,0.004610443727428353,1.2349882644455392,0.15655664149672582,0.16154046145548334,0.04157454597046071,0.1988708795714862,0.06434898281752528,0.7861818209678517,0.009640827192590339,0.7873146148289066,0.011562007926728596,0.6689695752354435,0.09499479161814392
B_Stable-Tail-eta0.7_seed1,B,2.0,0.0,10,3.809981148266824,0.1375176733147173,0.08834835695167265,0.00282605366007224,1.150819323881266,0.04470456215755686,0.13118810047739277,8.89165337089294e-05,0.2060262758126945,0.03031059112866094,0.7708137896367813,0.007730741468989309,0.7690187514058965,0.009185972380930925,0.5509748340127908,0.062188689030957284
B_Stable-Tail-eta0.7_seed2,B,0.0,0.0,10,8.39809784146732,0.5817654851377553,0.25918567434636797,0.03273398100223659,2.7736311395548943,0.2358494625927617,0.4066311949507197,0.0769165448655189,0.22198176375485362,0.03161405445775714,0.8477540592052198,0.006866126559159197,0.8813086851131514,0.010251617876607534,1.0197001893516844,0.35828612542847754
B_Stable-Tail-eta0.7_seed2,B,1.0,0.0,10,3.773111902002968,0.13557809124227876,0.0870041921167977,0.0032597524797633483,1.2344342501972636,0.2032202041406494,0.12462577412005826,0.021792705910891684,0.2577371474805214,0.08871294841896253,0.7704792879368744,0.006724408125150429,0.7706318599102765,0.00908051115935775,0.5313090438090153,0.0
B_Stable-Tail-eta0.7_seed2,B,2.0,0.0,10,3.2531543678893717,0.2239661263788754,0.07329758258968902,0.005550714025554123,1.120579357943268,0.02891883362488399,0.13115998260057604,0.0,0.2964000335773078,0.038862711373094716,0.7427840657156912,0.013361572685991358,0.7304175656242563,0.017861058644621508,0.5313090438090153,0.0
B_Stable-Tail-eta0.7_seed3,B,0.0,0.0,10,8.39809784146732,0.5817654851377553,0.25918567434636797,0.03273398100223659,2.7736311395548943,0.2358494625927617,0.4066311949507197,0.0769165448655189,0.22198176375485362,0.03161405445775714,0.8477540592052198,0.006866126559159197,0.8813086851131514,0.010251617876607534,1.0197001893516844,0.35828612542847754
B_Stable-Tail-eta0.7_seed3,B,1.0,0.0,10,4.008459874532482,0.20454655240104133,0.09461014539837355,0.0037333268149856314,1.3624111542741075,0.23266651563562385,0.15799096468751994,0.020058134680332997,0.2647660508713545,0.06779514689607313,0.7714055076154706,0.00896846426696692,0.7764173416898805,0.011256073555099333,0.536369882360015,0.016003776691545162
B_Stable-Tail-eta0.7_seed3,B,2.0,0.0,10,3.367768525019842,0.2598440269086859,0.0765079271391711,0.007992247018364247,1.1795472263923403,0.10902149297220637,0.13533548933834655,0.019458657777587242,0.26413872018126394,0.023281092158629366,0.7462785011352846,0.011623902393108305,0.7375981499303981,0.0170122246608791,0.5313090438090153,0.0
B_Stable-Tail-eta0.7_seed4,B,0.0,0.0,10,8.39809784146732,0.5817654851377553,0.25918567434636797,0.03273398100223659,2.7736311395548943,0.2358494625927617,0.4066311949507197,0.0769165448655189,0.22198176375485362,0.03161405445775714,0.8477540592052198,0.006866126559159197,0.8813086851131514,0.010251617876607534,1.0197001893516844,0.35828612542847754
B_Stable-Tail-eta0.7_seed4,B,1.0,0.0,10,3.8188137271662894,0.3089344945550303,0.08702298859959876,0.0077478812317135996,1.2762824992258264,0.1695835178672561,0.1562856517988959,0.026654092971930787,0.2791590863059786,0.03728435790424049,0.7692567644060575,0.013176774050775726,0.7697425175536753,0.017621196916157492,0.5313090438090153,0.0
B_Stable-Tail-eta0.7_seed4,B,2.0,0.0,10,3.2400146451525544,0.11163232366511087,0.07479648266462567,0.004235974548293095,1.136089845037176,0.02833682472105649,0.13115998260057604,0.0,0.29377652484117883,0.0390841855589122,0.7437413476533473,0.007572942070239759,0.7330685764823248,0.010932215518147374,0.5313090438090153,0.0
B_Stable-Tail-eta0.7_seed5,B,0.0,0.0,10,8.39809784146732,0.5817654851377553,0.25918567434636797,0.03273398100223659,2.7736311395548943,0.2358494625927617,0.4066311949507197,0.0769165448655189,0.22198176375485362,0.03161405445775714,0.8477540592052198,0.006866126559159197,0.8813086851131514,0.010251617876607534,1.0197001893516844,0.35828612542847754
B_Stable-Tail-eta0.7_seed5,B,1.0,0.0,10,4.07949062596599,0.13230291223741458,0.09151327861266023,0.003134931175769128,1.392256109923369,0.019864312540542755,0.1664033645526576,0.007556912756036793,0.3050068211450231,0.011709572840054997,0.778513100481063,0.0030582557189954176,0.7848134839805294,0.004393306370874203,0.5388224426144781,0.0
B_Stable-Tail-eta0.7_seed5,B,2.0,0.0,10,3.497921199325037,0.14818286885287238,0.08128823793877947,0.0032810200828727785,1.2543086533524233,0.24508885048884804,0.1436642080104148,0.03460611862730725,0.3043672590613762,0.05925328194634304,0.7544325223569593,0.009311825134551059,0.7500433802044857,0.011123439850034745,0.5313090438090153,0.0
B_Stable-Tail-eta0.7_seed6,B,0.0,0.0,10,8.39809784146732,0.5817654851377553,0.25918567434636797,0.03273398100223659,2.7736311395548943,0.2358494625927617,0.4066311949507197,0.0769165448655189,0.22198176375485362,0.03161405445775714,0.8477540592052198,0.006866126559159197,0.8813086851131514,0.010251617876607534,1.0197001893516844,0.35828612542847754
B_Stable-Tail-eta0.7_seed6,B,1.0,0.0,10,3.896644034034748,0.2648374301745739,0.08935871343422858,0.007160329756114796,1.386234160570068,0.2170099638995455,0.15856586826100855,0.037649861646605415,0.2978736656301109,0.0421213519816011,0.7742165694449716,0.008646879099434823,0.7777619952254644,0.013656351503874078,0.5343144033312004,0.0038799024595962605
B_Stable-Tail-eta0.7_seed6,B,2.0,0.0,10,3.4604594180387536,0.25986298722388357,0.07921210193352972,0.0057033101696401895,1.1568390856287223,0.1145922909695217,0.13178825406673916,0.012745566204705886,0.26362408616488564,0.05729466903631436,0.7553058438175585,0.013075416144470721,0.7497981678665144,0.01869630426720542,0.5313090438090153,0.0
B_Stable-Tail-eta0.7_seed7,B,0.0,0.0,10,8.39809784146732,0.5817654851377553,0.25918567434636797,0.03273398100223659,2.7736311395548943,0.2358494625927617,0.4066311949507197,0.0769165448655189,0.22198176375485362,0.03161405445775714,0.8477540592052198,0.006866126559159197,0.8813086851131514,0.010251617876607534,1.0197001893516844,0.35828612542847754
B_Stable-Tail-eta0.7_seed7,B,1.0,0.0,10,3.7520966020443245,0.3687065464608502,0.08881037068688999,0.00917791627371462,1.2594401176650862,0.15665401661929046,0.14537759411186793,0.01580321536054913,0.26251392697495224,0.03464510344666561,0.7635281501270972,0.016937846549266902,0.7649409202041297,0.02354691445563838,0.5335630634506542,0.0036293164244776835
B_Stable-Tail-eta0.7_seed7,B,2.0,0.0,10,3.3133258350290324,0.19447747910984023,0.07620069333392379,0.0055400371238956735,1.1260337479852898,0.02648358439276865,0.13115998260057604,0.0,0.27993088182305303,0.045051470383808655,0.7434068119618559,0.008766599888144695,0.733583948397264,0.014685432566716883,0.5313090438090153,0.0
B_Stable-Tail-eta0.7_seed8,B,0.0,0.0,10,8.39809784146732,0.5817654851377553,0.25918567434636797,0.03273398100223659,2.7736311395548943,0.2358494625927617,0.4066311949507197,0.0769165448655189,0.22198176375485362,0.03161405445775714,0.8477540592052198,0.006866126559159197,0.8813086851131514,0.010251617876607534,1.0197001893516844,0.35828612542847754
B_Stable-Tail-eta0.7_seed8,B,1.0,0.0,10,4.029609234222681,0.21217524734874404,0.09436662665684445,0.005130499706696592,1.4235568847268898,0.21419117520209013,0.18081944192865082,0.039941466641492576,0.26398721439362366,0.048105641058211905,0.7743435378367121,0.008949282205725119,0.7781603221375231,0.011392961353832196,0.551552398013014,0.026134057901154924
B_Stable-Tail-eta0.7_seed8,B,2.0,0.0,10,3.22291537100456,0.0832621346667185,0.07489917693380078,0.0031167606985519876,1.1467030403652028,0.012365578700588478,0.13115998260057604,0.0,0.2753545615800682,0.022251092576081592,0.7439397655032032,0.004344906708914776,0.7331819223395692,0.0056728608653112645,0.5313090438090153,0.0
B_Stable-Tail-eta0.7_seed9,B,0.0,0.0,10,8.39809784146732,0.5817654851377553,0.25918567434636797,0.03273398100223659,2.7736311395548943,0.2358494625927617,0.4066311949507197,0.0769165448655189,0.22198176375485362,0.03161405445775714,0.8477540592052198,0.006866126559159197,0.8813086851131514,0.010251617876607534,1.0197001893516844,0.35828612542847754
B_Stable-Tail-eta0.7_seed9,B,1.0,0.0,10,3.855786285150573,0.1394789795062017,0.0892184904890316,0.001888405517453076,1.388892927722357,0.08899777806795883,0.1493318404100191,0.0195442334440875,0.3230874029763952,0.04579875750451694,0.7755883696987523,0.005295364621937549,0.7767598089478452,0.007545799871419569,0.5313090438090153,0.0
B_Stable-Tail-eta0.7_seed9,B,2.0,0.0,10,3.4666424492930616,0.1510814126367778,0.07899415567240889,0.0029770850300913114,1.1276309510454587,0.019894475008871305,0.1280297507231984,0.009898662336978236,0.2638480823176588,0.038282885917478436,0.7559234037996143,0.007578047756567238,0.7500936124011914,0.010641828059865448,0.5313090438090153,0.0
