customer_set,seed,budget,rerank_score,cost_norm,common_risk_norm,cvar90_norm,load_risk_norm,top10_share_norm,risk_source,run_dir,beta,lambda_concentration,pyvrp_cost,routes,common_global_risk,common_global_cvar90,common_global_cvar95,common_max_edge_risk,common_high_risk_edge_hits,common_max_vehicle_risk,common_max_vehicle_cvar90,common_vehicle_risk_gini,common_edge_burden_gini_used,common_top10_burden_share,common_max_edge_burden,load_global_risk,load_cvar90,load_cvar95,load_max_vehicle_risk,load_vehicle_gini,load_edge_burden_gini_used,load_top10_burden_share,load_max_edge_burden,baseline_cost,cost_increase_pct
A,0,0.25,0.9303792599381304,0.4458072925370141,0.10609300263659997,0.08186990941234189,0.046497859618792506,0.3364825726420802,A_Stable-Tail-GNN_seed1,D:\PyVRP-main\hazmat_risk_experiments\outputs_10seed\pyvrp_cvrp\extension_beta_sensitivity_10seed_Stable-Tail-GNN_seed1_A_Stable-Tail-GNN_seed1,1.5,0.0,160675.0,"[[0, 19, 6, 24, 41, 32, 4, 29, 47, 21, 27, 0], [0, 1, 45, 11, 25, 2, 28, 26, 23, 30, 12, 0], [0, 39, 38, 50, 5, 43, 8, 7, 22, 46, 48, 0], [0, 49, 13, 17, 44, 20, 16, 15, 3, 14, 42, 0], [0, 37, 10, 35, 18, 34, 33, 36, 31, 9, 40, 0]]",2.5855499008458027,0.045517673395857744,0.11436411005126788,0.26565452190450767,40.0,0.9587318005984415,0.09531349520162793,0.33908011357062895,0.7153297843849109,0.7023308103879479,0.5313090438090153,1.1489334100958146,0.02781661959446786,0.041785428213744,0.4154057827556588,0.3429049458530511,0.7478940139917833,0.6903506368611119,0.2922199740949584,133997.0,0.19909400956737838
A,0,0.3,0.7250552459369706,0.6656194645900873,0.003276514276654881,0.008643187902879046,0.03887289126447033,0.0,A_TEG-low_seed0,D:\PyVRP-main\hazmat_risk_experiments\outputs_10seed\pyvrp_cvrp\extension_beta_sensitivity_10seed_TEG-low_seed0_A_TEG-low_seed0,2.0,0.0,173829.0,"[[0, 27, 21, 47, 32, 39, 15, 3, 14, 42, 48, 0], [0, 30, 23, 26, 28, 2, 25, 11, 45, 16, 1, 0], [0, 12, 19, 6, 24, 41, 4, 29, 44, 17, 13, 0], [0, 40, 9, 31, 38, 50, 43, 8, 7, 22, 46, 0], [0, 20, 5, 36, 33, 34, 18, 35, 10, 37, 49, 0]]",2.0620215857102675,0.034282332663687826,0.04669503842422126,0.26565452190450767,37.0,0.7488397888292051,0.09418384999941198,0.3262859490293937,0.6420193666034255,0.6130381992121109,0.5313090438090153,1.1230005513678287,0.025353588089977456,0.04301568340956158,0.4209102692910752,0.34496190705821594,0.7492002636575172,0.6941644741122998,0.2922199740949584,133997.0,0.2972603864265618
A,1,0.25,0.9981598559915603,0.5161639166980715,0.09940213788442047,0.08409612957154446,0.04878863293061035,0.3312258186707383,A_Stable-Tail-GNN_seed8,D:\PyVRP-main\hazmat_risk_experiments\outputs_10seed\pyvrp_cvrp\extension_beta_sensitivity_10seed_Stable-Tail-GNN_seed8_A_Stable-Tail-GNN_seed8,1.5,0.0,165499.0,"[[0, 49, 30, 23, 26, 28, 2, 25, 45, 11, 1, 0], [0, 48, 42, 14, 3, 16, 20, 44, 17, 13, 12, 0], [0, 39, 38, 50, 5, 33, 34, 18, 35, 10, 37, 0], [0, 19, 6, 24, 41, 32, 4, 29, 47, 21, 27, 0], [0, 40, 9, 31, 36, 43, 8, 7, 22, 46, 15, 0]]",2.5663588187343858,0.04616454222846693,0.0673000696386989,0.26565452190450767,39.0,0.9587318005984415,0.09531349520162793,0.3421438688684353,0.7128871858179227,0.699851020396181,0.5313090438090153,1.1865730260525678,0.028508469008066778,0.04046888073113434,0.37347849121342236,0.2861733559629114,0.7580256155303895,0.7178703917202163,0.2390890697140569,133997.0,0.23509481555557213
A,1,0.3,0.88316407944137,0.5497534040077993,0.06450064516893386,0.051807091121207814,0.06116386920422889,0.20826395763598463,A_TEG-low_seed0,D:\PyVRP-main\hazmat_risk_experiments\outputs_10seed\pyvrp_cvrp\extension_beta_sensitivity_10seed_TEG-low_seed0_A_TEG-low_seed0,1.5,0.0,167549.0,"[[0, 48, 27, 21, 47, 29, 44, 20, 16, 42, 14, 0], [0, 37, 10, 35, 18, 34, 33, 50, 38, 3, 15, 0], [0, 1, 11, 45, 25, 2, 28, 26, 23, 30, 12, 0], [0, 49, 13, 17, 6, 19, 24, 41, 4, 32, 39, 0], [0, 40, 9, 31, 36, 5, 43, 8, 7, 22, 46, 0]]",2.3892214885100214,0.04122112515483001,0.09365730292757538,0.26565452190450767,39.0,0.8436680621967004,0.07274351974853643,0.3205025016011349,0.684417816804137,0.6670210936582677,0.5313090438090153,1.2282854807929289,0.028384752917577177,0.0417258123953416,0.45421628772631056,0.33957907724595837,0.7615890826445963,0.6957971902972918,0.2922199740949584,133997.0,0.2503936655298253
A,2,0.25,0.8852750550942269,0.4896794099691455,0.07583670877352303,0.05302671149770881,0.07865269969647433,0.2701056273193328,A_Stable-Tail-GNN_seed0,D:\PyVRP-main\hazmat_risk_experiments\outputs_10seed\pyvrp_cvrp\extension_beta_sensitivity_10seed_Stable-Tail-GNN_seed0_A_Stable-Tail-GNN_seed0,1.5,0.0,163676.0,"[[0, 39, 32, 4, 41, 24, 19, 6, 29, 47, 21, 0], [0, 1, 45, 46, 22, 7, 8, 43, 9, 31, 36, 0], [0, 48, 20, 44, 17, 13, 37, 10, 40, 49, 12, 0], [0, 42, 16, 15, 11, 25, 2, 28, 26, 23, 30, 0], [0, 14, 3, 38, 50, 5, 33, 34, 18, 35, 27, 0]]",2.559907483472794,0.047709314521249636,0.10528835721022109,0.26565452190450767,37.0,0.8804914715246259,0.11821519561844178,0.17243671339410316,0.7016872226923052,0.6833945740335978,0.5313090438090153,1.2377884186138601,0.030815125106404963,0.05297129057017767,0.48423487483907035,0.2777421287260533,0.7460729379946496,0.6949155260711869,0.2390890697140569,133998.0,0.2214809176256362
A,2,0.3,0.8101329739180223,0.653323873479961,0.02091724621059149,0.012522238016537757,0.07822893142718296,0.0652368935344227,A_TEG-low_seed0,D:\PyVRP-main\hazmat_risk_experiments\outputs_10seed\pyvrp_cvrp\extension_beta_sensitivity_10seed_TEG-low_seed0_A_TEG-low_seed0,2.0,0.0,173594.0,"[[0, 14, 42, 16, 45, 11, 39, 32, 47, 21, 27, 0], [0, 1, 25, 2, 28, 26, 23, 30, 49, 12, 48, 0], [0, 40, 9, 31, 36, 33, 34, 18, 35, 10, 37, 0], [0, 20, 44, 29, 4, 41, 24, 6, 19, 17, 13, 0], [0, 15, 3, 38, 50, 5, 43, 8, 7, 22, 46, 0]]",2.1869145077196954,0.03669474539770822,0.08511685628486947,0.26565452190450767,38.0,0.7735070733819737,0.0942011733667149,0.31126970677201116,0.6545242442752401,0.629559295985382,0.5313090438090153,1.2361207809762513,0.02922967191031638,0.05295023127446682,0.5265179017371803,0.32971946746182157,0.7292964861262254,0.6616498554094417,0.3984817828567615,133998.0,0.29549694771563756
A,3,0.25,0.8840875941291534,0.48853057397361194,0.06489193923883972,0.0419658134819475,0.1383342023044316,0.2167985032967503,A_Stable-Tail-GNN_seed0,D:\PyVRP-main\hazmat_risk_experiments\outputs_10seed\pyvrp_cvrp\extension_beta_sensitivity_10seed_Stable-Tail-GNN_seed0_A_Stable-Tail-GNN_seed0,1.5,0.0,163174.0,"[[0, 1, 45, 39, 32, 4, 41, 24, 19, 6, 40, 0], [0, 37, 10, 35, 18, 34, 33, 50, 38, 3, 14, 0], [0, 30, 23, 26, 28, 2, 25, 11, 15, 16, 42, 0], [0, 46, 22, 7, 8, 43, 9, 31, 36, 5, 20, 0], [0, 27, 21, 47, 29, 44, 17, 13, 49, 12, 48, 0]]",2.4514466765164253,0.043582269290551985,0.10381156399401684,0.26565452190450767,38.0,0.8804914715246259,0.11821519561844178,0.2636698278734746,0.6942439976733721,0.6737499537264139,0.5313090438090153,1.3206458277341224,0.034056843809432774,0.05870731837916165,0.417173211229699,0.2681047873831366,0.777129013850697,0.7257616051510428,0.2922199740949584,133997.0,0.21774368082867526
A,3,0.3,0.8349339792946966,0.6633346728283437,0.02284429851072202,0.014764763609247267,0.08543085578230197,0.06758924990966866,A_TEG-low_seed0,D:\PyVRP-main\hazmat_risk_experiments\outputs_10seed\pyvrp_cvrp\extension_beta_sensitivity_10seed_TEG-low_seed0_A_TEG-low_seed0,2.0,0.0,173614.0,"[[0, 27, 21, 47, 32, 39, 15, 3, 14, 42, 48, 0], [0, 40, 9, 31, 36, 5, 43, 8, 7, 22, 46, 0], [0, 30, 23, 26, 28, 2, 25, 11, 45, 16, 1, 0], [0, 49, 12, 19, 6, 24, 41, 4, 29, 44, 20, 0], [0, 13, 17, 38, 50, 33, 34, 18, 35, 10, 37, 0]]",2.187988088057198,0.036694745397708214,0.08511685628486947,0.26565452190450767,38.0,0.7488397888292051,0.09418384999941198,0.3024883571260506,0.656033533000068,0.6314290485296205,0.5313090438090153,1.154684369747678,0.027686097755153894,0.037773231273707956,0.4209102692910752,0.3183978386411388,0.7606553244802525,0.7048274025406004,0.2922199740949584,133997.0,0.2956558728926767
A,4,0.25,0.7331764191403342,0.48304456057633655,0.040861768090528834,0.02527345271735213,0.09887471901745683,0.11969693204261529,A_Stable-Tail-GNN_seed0,D:\PyVRP-main\hazmat_risk_experiments\outputs_10seed\pyvrp_cvrp\extension_beta_sensitivity_10seed_Stable-Tail-GNN_seed0_A_Stable-Tail-GNN_seed0,1.5,0.0,163298.0,"[[0, 48, 37, 10, 35, 18, 34, 33, 5, 36, 20, 0], [0, 1, 45, 39, 32, 4, 41, 24, 19, 6, 49, 0], [0, 12, 30, 23, 26, 28, 2, 25, 11, 16, 42, 0], [0, 27, 21, 47, 29, 44, 17, 13, 14, 3, 15, 0], [0, 40, 9, 31, 38, 50, 43, 8, 7, 22, 46, 0]]",2.285551307422933,0.03746287306184317,0.09135039481122627,0.26565452190450767,40.0,0.8842804404491222,0.11821519561844178,0.32110283050878397,0.6692358902699496,0.6451067549638814,0.5313090438090153,1.2222169678483996,0.028594808539175957,0.05215041375463851,0.42140829847420247,0.2927324877855628,0.757003272735292,0.696881076693356,0.2870199778228758,133997.0,0.21866907468077643
A,4,0.3,0.7331764191403342,0.48304456057633655,0.040861768090528834,0.02527345271735213,0.09887471901745683,0.11969693204261529,A_Stable-Tail-GNN_seed0,D:\PyVRP-main\hazmat_risk_experiments\outputs_10seed\pyvrp_cvrp\extension_beta_sensitivity_10seed_Stable-Tail-GNN_seed0_A_Stable-Tail-GNN_seed0,1.5,0.0,163298.0,"[[0, 48, 37, 10, 35, 18, 34, 33, 5, 36, 20, 0], [0, 1, 45, 39, 32, 4, 41, 24, 19, 6, 49, 0], [0, 12, 30, 23, 26, 28, 2, 25, 11, 16, 42, 0], [0, 27, 21, 47, 29, 44, 17, 13, 14, 3, 15, 0], [0, 40, 9, 31, 38, 50, 43, 8, 7, 22, 46, 0]]",2.285551307422933,0.03746287306184317,0.09135039481122627,0.26565452190450767,40.0,0.8842804404491222,0.11821519561844178,0.32110283050878397,0.6692358902699496,0.6451067549638814,0.5313090438090153,1.2222169678483996,0.028594808539175957,0.05215041375463851,0.42140829847420247,0.2927324877855628,0.757003272735292,0.696881076693356,0.2870199778228758,133997.0,0.21866907468077643
A,5,0.25,0.8746935793733448,0.4639496333009611,0.07677894154545499,0.04460576343688246,0.09293780072340127,0.303631353859525,A_Stable-Tail-GNN_seed5,D:\PyVRP-main\hazmat_risk_experiments\outputs_10seed\pyvrp_cvrp\extension_beta_sensitivity_10seed_Stable-Tail-GNN_seed5_A_Stable-Tail-GNN_seed5,1.5,0.0,161707.0,"[[0, 48, 20, 44, 17, 13, 14, 42, 16, 3, 15, 0], [0, 40, 9, 31, 36, 43, 8, 7, 22, 46, 45, 0], [0, 1, 11, 25, 2, 28, 26, 23, 30, 49, 12, 0], [0, 6, 19, 24, 41, 32, 4, 29, 47, 21, 27, 0], [0, 39, 38, 50, 5, 33, 34, 18, 35, 10, 37, 0]]",2.5931966347712736,0.04551767339585774,0.11436411005126788,0.26565452190450767,40.0,0.9647532227648579,0.09531349520162793,0.341678339309176,0.7055625937897625,0.6905662392053792,0.5313090438090153,1.3057809575947101,0.030983102847484,0.04871708973124247,0.4683134852784581,0.3305927433907434,0.7469960874202588,0.6917743325699035,0.34535087847585993,133999.0,0.20677766251986957
A,5,0.3,0.7929343654225598,0.5984896687987676,0.030848120899044398,0.020798962942215896,0.0595596309852166,0.12487803771019873,A_GCN_seed1,D:\PyVRP-main\hazmat_risk_experiments\outputs_10seed\pyvrp_cvrp\extension_beta_sensitivity_10seed_GCN_seed1_A_GCN_seed1,2.0,0.0,169742.0,"[[0, 12, 19, 6, 24, 41, 4, 32, 39, 11, 1, 0], [0, 15, 3, 16, 45, 25, 2, 28, 26, 23, 30, 0], [0, 20, 5, 36, 33, 34, 18, 35, 10, 37, 49, 0], [0, 40, 9, 31, 38, 50, 43, 8, 7, 22, 46, 0], [0, 27, 21, 47, 29, 44, 17, 13, 14, 42, 48, 0]]",2.2654557683042,0.038991312223208084,0.09135039481122627,0.26565452190450767,38.0,0.7422193329319119,0.11370956618575043,0.30183507139114085,0.6672325377392432,0.6449240679763635,0.5313090438090153,1.1744960985568205,0.028037708824798606,0.04511407528638357,0.4451784302555568,0.3320998738491905,0.7462522624200367,0.6877678157689946,0.2870199778228758,133999.0,0.26674079657310873
A,6,0.25,0.9479365620067091,0.5147469729897547,0.08454310190251675,0.06250487354567764,0.06709530329820253,0.3130828734497595,A_Stable-Tail-GNN_seed8,D:\PyVRP-main\hazmat_risk_experiments\outputs_10seed\pyvrp_cvrp\extension_beta_sensitivity_10seed_Stable-Tail-GNN_seed8_A_Stable-Tail-GNN_seed8,1.5,0.0,165499.0,"[[0, 49, 12, 13, 17, 44, 20, 16, 3, 14, 42, 0], [0, 40, 9, 31, 36, 43, 8, 7, 22, 46, 15, 0], [0, 48, 1, 11, 45, 25, 2, 28, 26, 23, 30, 0], [0, 37, 10, 35, 18, 34, 33, 5, 50, 38, 39, 0], [0, 19, 6, 24, 41, 32, 4, 29, 47, 21, 27, 0]]",2.5668446215839484,0.04616454222846692,0.0673000696386989,0.26565452190450767,39.0,0.9587318005984415,0.09531349520162793,0.3429072982916377,0.7153945762274496,0.7029724749415,0.5313090438090153,1.1256361597086806,0.025176594516548856,0.03481426482046947,0.37347849121342236,0.2982872512720065,0.7472522718765955,0.6844344889275644,0.2390890697140569,133997.0,0.23509481555557213
A,6,0.3,0.8879572240786865,0.5516266605663491,0.06846012510002462,0.045213816301191014,0.06621296315595235,0.22245968530795668,A_Stable-Tail-GNN_seed0,D:\PyVRP-main\hazmat_risk_experiments\outputs_10seed\pyvrp_cvrp\extension_beta_sensitivity_10seed_Stable-Tail-GNN_seed0_A_Stable-Tail-GNN_seed0,2.0,0.0,167756.0,"[[0, 48, 49, 12, 13, 17, 44, 29, 47, 21, 27, 0], [0, 20, 5, 36, 31, 9, 43, 8, 7, 22, 46, 0], [0, 37, 10, 35, 18, 34, 33, 50, 38, 3, 15, 0], [0, 14, 42, 16, 45, 25, 2, 28, 26, 23, 30, 0], [0, 40, 6, 19, 24, 41, 4, 32, 39, 11, 1, 0]]",2.467543887264015,0.0429850262042327,0.09824344565602236,0.26565452190450767,39.0,0.8978676639822751,0.11821519561844178,0.26715820182952776,0.6934224747070541,0.6767148945098854,0.5313090438090153,1.1228536835790648,0.02528715223292794,0.04061241617943193,0.485046606288048,0.3008915678476647,0.7364956716338267,0.6761306787025064,0.2390890697140569,133997.0,0.2519384762345426
A,7,0.25,1.0999704922361349,0.5140398171558695,0.1206792674844943,0.0906827081170792,0.07999805714996985,0.4077758684232857,A_Stable-Tail-GNN_seed7,D:\PyVRP-main\hazmat_risk_experiments\outputs_10seed\pyvrp_cvrp\extension_beta_sensitivity_10seed_Stable-Tail-GNN_seed7_A_Stable-Tail-GNN_seed7,1.5,0.0,164698.0,"[[0, 39, 38, 50, 5, 33, 34, 18, 35, 10, 37, 0], [0, 12, 40, 9, 31, 36, 7, 8, 43, 22, 46, 0], [0, 1, 11, 45, 25, 2, 28, 26, 23, 30, 49, 0], [0, 19, 6, 24, 41, 32, 4, 29, 47, 21, 27, 0], [0, 48, 13, 17, 44, 20, 16, 15, 3, 14, 42, 0]]",2.777770168063471,0.04921673464379689,0.11988511501860756,0.26565452190450767,41.0,0.9587318005984415,0.09531349520162793,0.28770006222886524,0.7282650233321804,0.71865034288302,0.5313090438090153,1.2161369180036075,0.02833445587418592,0.04580894115963131,0.41496294252068067,0.303697348873768,0.744344391026593,0.6823061281898538,0.2922199740949584,133998.0,0.22910789713279303
A,7,0.3,0.8024732974862305,0.6623913735076938,0.020791119483645513,0.021912308213735084,0.027498262561979542,0.09593585101088288,A_TEG-low_seed0,D:\PyVRP-main\hazmat_risk_experiments\outputs_10seed\pyvrp_cvrp\extension_beta_sensitivity_10seed_TEG-low_seed0_A_TEG-low_seed0,2.0,0.0,173558.0,"[[0, 27, 21, 47, 32, 39, 45, 11, 15, 16, 42, 0], [0, 40, 9, 31, 36, 5, 43, 8, 7, 22, 46, 0], [0, 13, 17, 19, 6, 24, 41, 4, 29, 44, 20, 0], [0, 12, 49, 30, 23, 26, 28, 2, 25, 1, 48, 0], [0, 37, 10, 35, 18, 34, 33, 50, 38, 3, 14, 0]]",2.1715244174611508,0.03713812259969763,0.05092160752951578,0.26565452190450767,37.0,0.7735070733819737,0.0942011733667149,0.307935870190281,0.6591638511724316,0.6337352470971667,0.5313090438090153,1.026544726032732,0.02354670753245535,0.033073681792669354,0.39308008951607837,0.31378733723086905,0.7466560316817208,0.6839096768413355,0.2870199778228758,133998.0,0.29522828698935805
A,8,0.25,0.9387454712126221,0.49793211995378667,0.11528174816878115,0.07079920986004443,0.010477355991519229,0.3469116547568924,A_GCN_seed0,D:\PyVRP-main\hazmat_risk_experiments\outputs_10seed\pyvrp_cvrp\extension_beta_sensitivity_10seed_GCN_seed0_A_GCN_seed0,1.5,0.0,163736.0,"[[0, 37, 10, 35, 18, 34, 33, 36, 31, 9, 40, 0], [0, 14, 3, 38, 50, 5, 43, 8, 7, 22, 46, 0], [0, 1, 11, 39, 45, 25, 2, 28, 26, 23, 30, 0], [0, 15, 16, 20, 44, 29, 4, 32, 47, 21, 27, 0], [0, 48, 49, 12, 13, 17, 6, 19, 24, 41, 42, 0]]",2.7298370604878026,0.05027560733466689,0.11719895659515127,0.3734145939377382,39.0,0.858849109496703,0.09418384999941198,0.2902410179053092,0.718707860664741,0.708233626550158,0.5313090438090153,1.0078390668112913,0.022242032695042924,0.038018806268286194,0.3531667098189728,0.294374702514552,0.7086911098728641,0.6283795500022774,0.2390890697140569,133998.0,0.2219286855027687
A,8,0.3,0.9118432760647792,0.5923513554242085,0.06082722448421641,0.043917825910509106,0.06249040062352509,0.2166772874236221,A_GCN_seed0,D:\PyVRP-main\hazmat_risk_experiments\outputs_10seed\pyvrp_cvrp\extension_beta_sensitivity_10seed_GCN_seed0_A_GCN_seed0,2.0,0.0,169375.0,"[[0, 42, 14, 3, 16, 15, 39, 32, 47, 21, 27, 0], [0, 1, 41, 24, 19, 6, 4, 29, 44, 17, 13, 0], [0, 40, 9, 31, 38, 50, 43, 8, 7, 22, 46, 0], [0, 37, 10, 35, 18, 34, 33, 5, 36, 20, 48, 0], [0, 49, 12, 30, 23, 26, 28, 2, 25, 45, 11, 0]]",2.406526629893738,0.04382624631270507,0.06082003062476679,0.3734145939377382,37.0,0.7332322404385794,0.06213674768351323,0.26718020185704994,0.6908244758205815,0.6718872947589982,0.5313090438090153,1.2367509933183531,0.029479638160899817,0.046060397593213294,0.47945435317214186,0.31412110418679795,0.762127612607302,0.701130045016526,0.33607313454396437,133998.0,0.264011403155271
A,9,0.25,1.1365834584272216,0.54745161074275,0.10835519254426337,0.11937756705829203,0.10682086837531402,0.27040130529662054,A_Stable-Tail-GNN_seed3,D:\PyVRP-main\hazmat_risk_experiments\outputs_10seed\pyvrp_cvrp\extension_beta_sensitivity_10seed_Stable-Tail-GNN_seed3_A_Stable-Tail-GNN_seed3,2.0,0.0,166693.0,"[[0, 27, 10, 37, 13, 17, 44, 20, 16, 42, 14, 0], [0, 35, 18, 34, 33, 36, 5, 50, 38, 3, 15, 0], [0, 21, 47, 29, 6, 19, 24, 41, 4, 32, 39, 0], [0, 49, 30, 23, 26, 28, 2, 25, 11, 1, 48, 0], [0, 45, 46, 22, 7, 8, 43, 9, 31, 40, 12, 0]]",2.5552706782089634,0.05152042245342826,0.1130442958768186,0.26565452190450767,34.0,0.7734797843238619,0.0942011733667149,0.2463495519721286,0.6983634913069998,0.6837092187633038,0.5313090438090153,1.2001504002665975,0.029398889014040055,0.05149031299929257,0.4371132030332,0.2997663903805954,0.7678948284814571,0.7173823212467061,0.2870199778228758,133997.0,0.24400546280886887
A,9,0.3,0.8120482406091537,0.6661810997254035,0.03542175466851118,0.013041296981744038,0.05889401598208884,0.0509375525393243,A_TEG-low_seed0,D:\PyVRP-main\hazmat_risk_experiments\outputs_10seed\pyvrp_cvrp\extension_beta_sensitivity_10seed_TEG-low_seed0_A_TEG-low_seed0,2.0,0.0,173784.0,"[[0, 42, 16, 3, 15, 45, 39, 32, 47, 21, 27, 0], [0, 40, 9, 31, 36, 5, 43, 8, 7, 22, 46, 0], [0, 1, 11, 25, 2, 28, 26, 23, 30, 14, 48, 0], [0, 37, 10, 35, 18, 34, 33, 50, 38, 17, 13, 0], [0, 12, 49, 6, 19, 24, 41, 4, 29, 44, 20, 0]]",2.211710079777113,0.03528113457761829,0.08511685628486947,0.26565452190450767,40.0,0.7826741552646262,0.07275651227401361,0.30640203721288684,0.6508919508756235,0.6258463595253402,0.5313090438090153,1.089091914463531,0.024169314121480788,0.03517469953254902,0.4736307685107222,0.3434247387968412,0.7338644370459084,0.6601256793154128,0.34535087847585993,133997.0,0.2969245580124928
B,0,0.25,1.0395174193750947,0.40376635390511434,0.07858142548370516,0.11594743450967393,0.23173422161865825,0.18708109869653816,B_Stable-Tail-GNN_seed0,D:\PyVRP-main\hazmat_risk_experiments\outputs_10seed\pyvrp_cvrp\extension_beta_sensitivity_10seed_Stable-Tail-GNN_seed0_B_Stable-Tail-GNN_seed0,1.0,0.0,176552.0,"[[0, 13, 23, 10, 18, 21, 20, 25, 40, 31, 36, 0], [0, 45, 2, 48, 34, 17, 39, 8, 7, 16, 19, 0], [0, 29, 43, 35, 4, 9, 47, 28, 30, 26, 33, 0], [0, 12, 6, 22, 5, 46, 32, 24, 37, 49, 27, 0], [0, 1, 11, 42, 41, 15, 3, 14, 38, 50, 44, 0]]",3.2894254223395505,0.07672979656850042,0.1495327699349044,0.27637694867296575,41.0,1.055891483552508,0.1022344930789563,0.2376036148168248,0.7467891455541218,0.7359947946697005,0.5313090438090153,1.6482455781291923,0.039354238576669684,0.07049322556335094,0.5788076209779104,0.32430753271788193,0.7909944787635734,0.7362141905409582,0.45161268723766307,145999.0,0.20926855663394955
B,0,0.3,1.0395174193750947,0.40376635390511434,0.07858142548370516,0.11594743450967393,0.23173422161865825,0.18708109869653816,B_Stable-Tail-GNN_seed0,D:\PyVRP-main\hazmat_risk_experiments\outputs_10seed\pyvrp_cvrp\extension_beta_sensitivity_10seed_Stable-Tail-GNN_seed0_B_Stable-Tail-GNN_seed0,1.0,0.0,176552.0,"[[0, 13, 23, 10, 18, 21, 20, 25, 40, 31, 36, 0], [0, 45, 2, 48, 34, 17, 39, 8, 7, 16, 19, 0], [0, 29, 43, 35, 4, 9, 47, 28, 30, 26, 33, 0], [0, 12, 6, 22, 5, 46, 32, 24, 37, 49, 27, 0], [0, 1, 11, 42, 41, 15, 3, 14, 38, 50, 44, 0]]",3.2894254223395505,0.07672979656850042,0.1495327699349044,0.27637694867296575,41.0,1.055891483552508,0.1022344930789563,0.2376036148168248,0.7467891455541218,0.7359947946697005,0.5313090438090153,1.6482455781291923,0.039354238576669684,0.07049322556335094,0.5788076209779104,0.32430753271788193,0.7909944787635734,0.7362141905409582,0.45161268723766307,145999.0,0.20926855663394955
B,1,0.25,0.8886615701455644,0.43249573260291374,0.05855062487911317,0.0849219205367299,0.12136872800297877,0.21280528717419775,B_TEG-low_seed0,D:\PyVRP-main\hazmat_risk_experiments\outputs_10seed\pyvrp_cvrp\extension_beta_sensitivity_10seed_TEG-low_seed0_B_TEG-low_seed0,1.0,0.0,178684.0,"[[0, 13, 23, 10, 18, 21, 20, 25, 40, 45, 12, 0], [0, 19, 16, 7, 8, 39, 17, 34, 3, 14, 38, 0], [0, 44, 50, 27, 49, 37, 24, 32, 46, 31, 36, 0], [0, 15, 11, 42, 5, 22, 6, 4, 35, 43, 29, 0], [0, 1, 41, 2, 48, 47, 9, 28, 30, 26, 33, 0]]",3.274911494662822,0.07422759071547032,0.13998045745130028,0.27637694867296575,40.0,1.1525685493571916,0.13115998260057604,0.2550245435560643,0.7454388746297655,0.7362720617050298,0.5313090438090153,1.4890468381674111,0.036820734535138025,0.06293670529386594,0.6189265086509045,0.37854169171683116,0.7933874472007867,0.7388384728273333,0.3984817828567615,145999.0,0.22387139637942727
B,1,0.3,0.8098861812319235,0.522064758577799,0.0366009746210799,0.030598914677152977,0.10113853529133389,0.1777681667748095,B_Stable-Tail-GNN_seed4,D:\PyVRP-main\hazmat_risk_experiments\outputs_10seed\pyvrp_cvrp\extension_beta_sensitivity_10seed_Stable-Tail-GNN_seed4_B_Stable-Tail-GNN_seed4,1.5,0.0,185453.0,"[[0, 29, 43, 35, 4, 6, 22, 5, 42, 11, 41, 0], [0, 45, 20, 40, 25, 21, 18, 10, 23, 13, 12, 0], [0, 33, 26, 30, 28, 9, 47, 3, 14, 38, 50, 0], [0, 36, 31, 46, 32, 24, 37, 27, 49, 1, 44, 0], [0, 19, 16, 7, 8, 39, 17, 34, 48, 2, 15, 0]]",3.1419869068343456,0.06215567892189806,0.14091555351095605,0.27637694867296575,37.0,0.8182055074579151,0.09420177305157329,0.16765568099045502,0.7431019893054582,0.7291861679851945,0.5313090438090153,1.4331768620597993,0.034606681815298156,0.05593983525131389,0.48222480958366765,0.28311547872560916,0.7729114769888425,0.7291376854745708,0.2211015589383726,145999.0,0.2702347276351208
B,2,0.25,1.389425632300377,0.48572266119468616,0.12308750710039326,0.1988414875079121,0.2313544331045,0.30315611176994667,B_Stable-Tail-GNN_seed9,D:\PyVRP-main\hazmat_risk_experiments\outputs_10seed\pyvrp_cvrp\extension_beta_sensitivity_10seed_Stable-Tail-GNN_seed9_B_Stable-Tail-GNN_seed9,2.0,0.0,183117.0,"[[0, 44, 45, 12, 34, 17, 39, 8, 7, 16, 19, 0], [0, 42, 41, 2, 48, 47, 9, 28, 30, 26, 33, 0], [0, 36, 31, 40, 25, 20, 21, 18, 10, 23, 13, 0], [0, 29, 43, 35, 4, 6, 22, 5, 46, 32, 24, 0], [0, 50, 38, 14, 3, 15, 11, 1, 49, 37, 27, 0]]",3.46585873936418,0.07852277919651901,0.1522081112475675,0.27637694867296575,39.0,1.1207363108820594,0.13115998260057604,0.3018850076492794,0.758866681574577,0.7550321917470412,0.5313090438090153,1.7629942768738804,0.04348256094388164,0.08196611842789168,0.5888237964557788,0.282075611867469,0.8039028532244294,0.7676844236852202,0.3984817828567615,146664.0,0.2485477008672885
B,2,0.3,1.0657225082489779,0.496475635917867,0.0781828752171543,0.16204778153586197,0.07043312846715798,0.19307061115014942,B_Stable-Tail-GNN_seed0,D:\PyVRP-main\hazmat_risk_experiments\outputs_10seed\pyvrp_cvrp\extension_beta_sensitivity_10seed_Stable-Tail-GNN_seed0_B_Stable-Tail-GNN_seed0,1.5,0.0,183924.0,"[[0, 50, 36, 31, 46, 32, 24, 37, 49, 27, 44, 0], [0, 38, 14, 3, 34, 17, 39, 8, 7, 16, 19, 0], [0, 33, 26, 30, 28, 47, 9, 48, 2, 41, 1, 0], [0, 13, 23, 10, 18, 21, 20, 25, 40, 12, 45, 0], [0, 15, 11, 42, 5, 22, 6, 4, 35, 43, 29, 0]]",3.2757370465650375,0.07422759071547033,0.13998045745130028,0.27637694867296575,40.0,1.152568549357192,0.13115998260057604,0.2550610802994415,0.745066441053353,0.7360865062735503,0.5313090438090153,1.326138875441131,0.03147579323793544,0.04862055362154113,0.5336420407062872,0.2772472323677324,0.7651726189763639,0.7168647908043057,0.2211015589383726,146664.0,0.2540500736377025
B,3,0.25,0.9301802619904624,0.42158170746205564,0.06875367679139749,0.11403367647447445,0.1124195847429868,0.1987158800901472,B_TEG-low_seed0,D:\PyVRP-main\hazmat_risk_experiments\outputs_10seed\pyvrp_cvrp\extension_beta_sensitivity_10seed_TEG-low_seed0_B_TEG-low_seed0,1.0,0.0,178579.0,"[[0, 44, 1, 42, 41, 11, 15, 3, 14, 38, 50, 0], [0, 33, 26, 30, 28, 9, 47, 4, 35, 43, 29, 0], [0, 12, 2, 48, 34, 17, 39, 8, 7, 16, 19, 0], [0, 45, 6, 22, 5, 46, 32, 24, 37, 49, 27, 0], [0, 36, 31, 40, 25, 20, 21, 18, 10, 23, 13, 0]]",3.2908386134793743,0.0767297965685004,0.14953276993490439,0.27637694867296575,41.0,1.0558914835525077,0.1022344930789563,0.2367649455254517,0.7463576612226936,0.7388583709148595,0.5313090438090153,1.6010792590240763,0.039111260300390846,0.06307636007089182,0.5818799044785035,0.28926895161572497,0.794620554139007,0.7434775011734102,0.45161268723766307,146664.0,0.21760622920416736
B,3,0.3,0.8039828720428858,0.5408372191326631,0.016607333338732988,0.052210092108470184,0.1350672286544242,0.014101813400250221,B_TEG-low_seed0,D:\PyVRP-main\hazmat_risk_experiments\outputs_10seed\pyvrp_cvrp\extension_beta_sensitivity_10seed_TEG-low_seed0_B_TEG-low_seed0,1.5,0.0,187607.0,"[[0, 44, 19, 16, 7, 8, 39, 17, 34, 3, 15, 0], [0, 1, 41, 11, 42, 35, 43, 4, 40, 25, 20, 0], [0, 27, 49, 37, 24, 32, 46, 5, 22, 6, 12, 0], [0, 29, 21, 18, 10, 23, 13, 45, 14, 38, 50, 0], [0, 33, 26, 30, 28, 9, 47, 48, 2, 31, 36, 0]]",2.9895930182890056,0.06283082543588692,0.10288266599503469,0.27637694867296575,43.0,1.1037391912294048,0.13115998260057604,0.3037040880472175,0.7224414019341452,0.705586835427893,0.5313090438090153,1.6897810606853811,0.040253583940151036,0.07484839683727913,0.5937777711345755,0.3224282434358614,0.8029554920711717,0.7637406137776328,0.43059581300690836,146664.0,0.27916189385261553
B,4,0.25,1.0627206304032553,0.39519260483426716,0.1483755814110915,0.15799212612103697,0.04999532575898251,0.30634573231368045,B_Stable-Tail-GNN_seed7,D:\PyVRP-main\hazmat_risk_experiments\outputs_10seed\pyvrp_cvrp\extension_beta_sensitivity_10seed_Stable-Tail-GNN_seed7_B_Stable-Tail-GNN_seed7,1.0,0.0,176743.0,"[[0, 12, 6, 22, 5, 46, 32, 24, 37, 49, 27, 0], [0, 36, 31, 40, 25, 20, 35, 4, 43, 29, 44, 0], [0, 50, 38, 14, 3, 15, 45, 21, 18, 10, 19, 0], [0, 13, 23, 8, 39, 17, 34, 47, 9, 2, 48, 0], [0, 1, 11, 41, 42, 7, 16, 28, 30, 26, 33, 0]]",3.61842912614633,0.08239057950354992,0.16018544938081875,0.27637694867296575,43.0,0.898691423899197,0.10062034891096149,0.12054973324679685,0.7589590850533214,0.755416970545664,0.5313090438090153,1.2842893677802447,0.029139784549310925,0.050026474964144106,0.37382160421585703,0.13311023903277763,0.746372137969147,0.6909463775141178,0.13687816195009864,147330.0,0.19964026335437454
B,4,0.3,0.9499513229141165,0.5348462251602241,0.06709503218177161,0.0958656616401992,0.08906668518691079,0.13442411420962347,B_TEG-low_seed0,D:\PyVRP-main\hazmat_risk_experiments\outputs_10seed\pyvrp_cvrp\extension_beta_sensitivity_10seed_TEG-low_seed0_B_TEG-low_seed0,1.5,0.0,187137.0,"[[0, 1, 41, 2, 48, 47, 9, 28, 30, 26, 33, 0], [0, 12, 6, 22, 5, 46, 32, 24, 37, 49, 27, 0], [0, 50, 38, 14, 45, 13, 23, 10, 18, 21, 29, 0], [0, 44, 19, 16, 7, 8, 39, 17, 34, 3, 15, 0], [0, 42, 11, 4, 43, 35, 20, 25, 40, 31, 36, 0]]",3.2099243534863615,0.07008363679416332,0.11547965414362003,0.27637694867296575,41.0,1.1525685493571916,0.13115998260057604,0.27401724828872354,0.7377871595994903,0.7238125066019511,0.5313090438090153,1.3897462370799498,0.02968308944164711,0.047390063034403046,0.6189265086509045,0.30893822174435215,0.7506454842155055,0.6796774259306078,0.3984817828567615,147330.0,0.27018937080024436
B,5,0.25,0.971333881512185,0.41360968205569065,0.08740906754584037,0.1254889607521388,0.08216599480697748,0.2743424311987978,B_Stable-Tail-GNN_seed9,D:\PyVRP-main\hazmat_risk_experiments\outputs_10seed\pyvrp_cvrp\extension_beta_sensitivity_10seed_Stable-Tail-GNN_seed9_B_Stable-Tail-GNN_seed9,1.5,0.0,178122.0,"[[0, 12, 6, 22, 5, 46, 32, 24, 37, 49, 27, 0], [0, 41, 11, 2, 48, 47, 9, 28, 30, 26, 33, 0], [0, 36, 31, 40, 25, 20, 35, 4, 43, 29, 44, 0], [0, 15, 3, 34, 17, 39, 8, 16, 7, 42, 1, 0], [0, 19, 21, 18, 10, 23, 13, 45, 14, 38, 50, 0]]",3.4020237013057923,0.07840618784410969,0.15687173849916422,0.27637694867296575,40.0,1.1215645170458999,0.13115998260057604,0.27521526278800645,0.7456408420718106,0.7406242902236725,0.5313090438090153,1.4097583278912853,0.03254771576048273,0.05938512880166414,0.5898917334147955,0.341614624822987,0.7665902633850794,0.7104941816257259,0.3984817828567615,147330.0,0.20900020362451638
B,5,0.3,0.951598520772631,0.5042916437196932,0.042893923641737455,0.09862423102910657,0.10773559982438982,0.19885778305719476,B_Stable-Tail-GNN_seed4,D:\PyVRP-main\hazmat_risk_experiments\outputs_10seed\pyvrp_cvrp\extension_beta_sensitivity_10seed_Stable-Tail-GNN_seed4_B_Stable-Tail-GNN_seed4,1.5,0.0,184873.0,"[[0, 19, 16, 7, 8, 39, 17, 34, 3, 14, 38, 0], [0, 29, 43, 35, 4, 6, 22, 5, 42, 11, 15, 0], [0, 1, 41, 2, 48, 9, 47, 28, 30, 26, 33, 0], [0, 44, 50, 36, 31, 46, 32, 24, 37, 49, 27, 0], [0, 20, 40, 25, 21, 18, 10, 23, 13, 12, 45, 0]]",3.153006220039232,0.0725589963335028,0.14091555351095605,0.27637694867296575,39.0,1.1525685493571916,0.13115998260057604,0.2961293527301718,0.7399750738635644,0.7281012850940022,0.5313090438090153,1.4887716292755169,0.03474314058730548,0.060690374616163285,0.6189265086509045,0.38334363158888496,0.7757393724745885,0.7208728950915372,0.3984817828567615,147330.0,0.25482250729654515
B,6,0.25,0.952193974071422,0.48537394047969196,0.06655783657036046,0.1026313808396933,0.08911252250747471,0.2117738256690166,B_Stable-Tail-GNN_seed9,D:\PyVRP-main\hazmat_risk_experiments\outputs_10seed\pyvrp_cvrp\extension_beta_sensitivity_10seed_Stable-Tail-GNN_seed9_B_Stable-Tail-GNN_seed9,2.0,0.0,183635.0,"[[0, 50, 38, 14, 40, 25, 20, 21, 18, 10, 19, 0], [0, 36, 31, 46, 32, 24, 37, 27, 49, 1, 44, 0], [0, 15, 3, 34, 17, 39, 8, 23, 13, 12, 45, 0], [0, 42, 7, 16, 5, 22, 6, 4, 35, 43, 29, 0], [0, 41, 11, 2, 48, 9, 47, 28, 30, 26, 33, 0]]",3.278400783073815,0.07672979656850042,0.1495327699349044,0.27637694867296575,39.0,1.1215645170458999,0.13115998260057604,0.2593768059984858,0.7450721816478107,0.7345248706841907,0.5313090438090153,1.4382610642493512,0.03512605981435721,0.05279387192496639,0.5898917334147955,0.3082741718965911,0.7793744980821864,0.7348495369547549,0.3984817828567615,147330.0,0.24641960225344464
B,6,0.3,0.8651296114620453,0.5212572528677237,0.05539980457180023,0.07347020848904091,0.06476186248142562,0.15354054912602758,B_TEG-low_seed3,D:\PyVRP-main\hazmat_risk_experiments\outputs_10seed\pyvrp_cvrp\extension_beta_sensitivity_10seed_TEG-low_seed3_B_TEG-low_seed3,1.5,0.0,186319.0,"[[0, 50, 38, 14, 12, 13, 23, 10, 18, 21, 29, 0], [0, 45, 6, 22, 5, 46, 32, 24, 37, 49, 27, 0], [0, 33, 26, 30, 28, 47, 9, 48, 2, 11, 1, 0], [0, 36, 31, 40, 25, 20, 35, 43, 4, 41, 42, 0], [0, 15, 3, 34, 17, 39, 8, 7, 16, 19, 44, 0]]",3.211930529827979,0.07008363679416332,0.11547965414362003,0.27637694867296575,41.0,1.1497571383235117,0.13115998260057604,0.27214314681151053,0.7370185513648289,0.723360412288881,0.5313090438090153,1.3694124658144562,0.0312318641560635,0.04704044450775271,0.5332203290512352,0.26154264753609957,0.7623918075925704,0.7048978434354459,0.2211015589383726,147330.0,0.2646372089866287
B,7,0.25,0.8907553635361809,0.41596358199391253,0.07549905141690964,0.10325820846602228,0.0920222285763745,0.20150816923387935,B_TEG-low_seed3,D:\PyVRP-main\hazmat_risk_experiments\outputs_10seed\pyvrp_cvrp\extension_beta_sensitivity_10seed_TEG-low_seed3_B_TEG-low_seed3,1.0,0.0,177823.0,"[[0, 1, 11, 48, 2, 47, 9, 28, 30, 26, 33, 0], [0, 44, 36, 31, 46, 32, 24, 37, 49, 27, 50, 0], [0, 12, 40, 25, 20, 21, 18, 10, 23, 13, 45, 0], [0, 15, 41, 42, 5, 22, 6, 4, 35, 43, 29, 0], [0, 38, 14, 3, 34, 17, 39, 8, 7, 16, 19, 0]]",3.2751440613632443,0.07422759071547033,0.13998045745130025,0.27637694867296575,40.0,1.1497571383235115,0.13115998260057604,0.2545653789840425,0.7453883577863913,0.7362197793135395,0.5313090438090153,1.4650037839414425,0.03380798682761889,0.05351626562966021,0.5638644202191923,0.22455134045019687,0.7644581685034335,0.7140250044383059,0.34535087847585993,146664.0,0.21245159002890962
B,7,0.3,0.8907553635361809,0.41596358199391253,0.07549905141690964,0.10325820846602228,0.0920222285763745,0.20150816923387935,B_TEG-low_seed3,D:\PyVRP-main\hazmat_risk_experiments\outputs_10seed\pyvrp_cvrp\extension_beta_sensitivity_10seed_TEG-low_seed3_B_TEG-low_seed3,1.0,0.0,177823.0,"[[0, 1, 11, 48, 2, 47, 9, 28, 30, 26, 33, 0], [0, 44, 36, 31, 46, 32, 24, 37, 49, 27, 50, 0], [0, 12, 40, 25, 20, 21, 18, 10, 23, 13, 45, 0], [0, 15, 41, 42, 5, 22, 6, 4, 35, 43, 29, 0], [0, 38, 14, 3, 34, 17, 39, 8, 7, 16, 19, 0]]",3.2751440613632443,0.07422759071547033,0.13998045745130025,0.27637694867296575,40.0,1.1497571383235115,0.13115998260057604,0.2545653789840425,0.7453883577863913,0.7362197793135395,0.5313090438090153,1.4650037839414425,0.03380798682761889,0.05351626562966021,0.5638644202191923,0.22455134045019687,0.7644581685034335,0.7140250044383059,0.34535087847585993,146664.0,0.21245159002890962
B,8,0.25,0.9231798728619509,0.39285858327843726,0.06891072224637604,0.10372652389227467,0.1306737722164189,0.24656749467233868,B_Stable-Tail-GNN_seed0,D:\PyVRP-main\hazmat_risk_experiments\outputs_10seed\pyvrp_cvrp\extension_beta_sensitivity_10seed_Stable-Tail-GNN_seed0_B_Stable-Tail-GNN_seed0,1.0,0.0,176552.0,"[[0, 45, 48, 2, 34, 17, 39, 8, 7, 16, 19, 0], [0, 33, 26, 30, 28, 47, 9, 4, 35, 43, 29, 0], [0, 13, 23, 10, 18, 21, 20, 25, 40, 31, 36, 0], [0, 12, 6, 22, 5, 46, 32, 24, 37, 49, 27, 0], [0, 1, 11, 42, 41, 15, 3, 14, 38, 50, 44, 0]]",3.2894254223395505,0.07672979656850042,0.1495327699349044,0.27637694867296575,41.0,1.0558914835525077,0.1022344930789563,0.23760361481682457,0.7467891455541216,0.7359947946697004,0.5313090438090153,1.5018171361516317,0.034551143851578946,0.05146814058464902,0.5261352319248263,0.3028984777132351,0.7865975669503731,0.7223130449924675,0.3984817828567615,147330.0,0.19834385393334691
B,8,0.3,0.9231798728619509,0.39285858327843726,0.06891072224637604,0.10372652389227467,0.1306737722164189,0.24656749467233868,B_Stable-Tail-GNN_seed0,D:\PyVRP-main\hazmat_risk_experiments\outputs_10seed\pyvrp_cvrp\extension_beta_sensitivity_10seed_Stable-Tail-GNN_seed0_B_Stable-Tail-GNN_seed0,1.0,0.0,176552.0,"[[0, 45, 48, 2, 34, 17, 39, 8, 7, 16, 19, 0], [0, 33, 26, 30, 28, 47, 9, 4, 35, 43, 29, 0], [0, 13, 23, 10, 18, 21, 20, 25, 40, 31, 36, 0], [0, 12, 6, 22, 5, 46, 32, 24, 37, 49, 27, 0], [0, 1, 11, 42, 41, 15, 3, 14, 38, 50, 44, 0]]",3.2894254223395505,0.07672979656850042,0.1495327699349044,0.27637694867296575,41.0,1.0558914835525077,0.1022344930789563,0.23760361481682457,0.7467891455541216,0.7359947946697004,0.5313090438090153,1.5018171361516317,0.034551143851578946,0.05146814058464902,0.5261352319248263,0.3028984777132351,0.7865975669503731,0.7223130449924675,0.3984817828567615,147330.0,0.19834385393334691
B,9,0.25,0.8353154017462492,0.35647651939184627,0.06666493105406521,0.1043109401244289,0.11361578496998438,0.17987257216299096,B_Stable-Tail-GNN_seed9,D:\PyVRP-main\hazmat_risk_experiments\outputs_10seed\pyvrp_cvrp\extension_beta_sensitivity_10seed_Stable-Tail-GNN_seed9_B_Stable-Tail-GNN_seed9,1.0,0.0,172939.0,"[[0, 29, 43, 35, 4, 47, 9, 28, 30, 26, 33, 0], [0, 44, 45, 11, 41, 42, 15, 3, 14, 38, 50, 0], [0, 12, 6, 22, 5, 46, 32, 24, 37, 49, 27, 0], [0, 1, 48, 2, 34, 17, 39, 8, 7, 16, 19, 0], [0, 13, 23, 10, 18, 21, 20, 25, 40, 31, 36, 0]]",3.2894254223395505,0.0767297965685004,0.14953276993490439,0.27637694867296575,41.0,1.055891483552508,0.1022344930789563,0.23895597299350735,0.7467891455541218,0.7359947946697005,0.5313090438090153,1.5839105936904423,0.03692576670801443,0.056241117241139164,0.574823768238492,0.33145375432247026,0.7831492413499717,0.7248656990322216,0.3984817828567615,145999.0,0.18452181179323146
B,9,0.3,0.8353154017462492,0.35647651939184627,0.06666493105406521,0.1043109401244289,0.11361578496998438,0.17987257216299096,B_Stable-Tail-GNN_seed9,D:\PyVRP-main\hazmat_risk_experiments\outputs_10seed\pyvrp_cvrp\extension_beta_sensitivity_10seed_Stable-Tail-GNN_seed9_B_Stable-Tail-GNN_seed9,1.0,0.0,172939.0,"[[0, 29, 43, 35, 4, 47, 9, 28, 30, 26, 33, 0], [0, 44, 45, 11, 41, 42, 15, 3, 14, 38, 50, 0], [0, 12, 6, 22, 5, 46, 32, 24, 37, 49, 27, 0], [0, 1, 48, 2, 34, 17, 39, 8, 7, 16, 19, 0], [0, 13, 23, 10, 18, 21, 20, 25, 40, 31, 36, 0]]",3.2894254223395505,0.0767297965685004,0.14953276993490439,0.27637694867296575,41.0,1.055891483552508,0.1022344930789563,0.23895597299350735,0.7467891455541218,0.7359947946697005,0.5313090438090153,1.5839105936904423,0.03692576670801443,0.056241117241139164,0.574823768238492,0.33145375432247026,0.7831492413499717,0.7248656990322216,0.3984817828567615,145999.0,0.18452181179323146
