set,seed,node_id,label,S_i_norm,exposure_norm,high_risk_top20,high_exposure_top20,risk_quintile_Q1_Q5
A,0,3151,0,0.0684145838022232,0.0007920792597483193,0,0,3
A,0,4357,1,0.08327729254961014,0.0007920792597483193,0,0,4
A,0,2741,0,0.16782920062541962,0.0007920792597483193,1,0,5
A,0,1475,0,0.20873233675956726,0.0007920792597483193,1,0,5
A,0,206,0,0.019561409950256348,0.0007920792597483193,0,0,2
A,0,3929,0,0.672318160533905,0.0,1,0,5
A,0,5104,0,0.2165057361125946,0.0031683170389932773,1,1,5
A,0,1701,0,0.3684747517108917,0.0007920792597483193,1,0,5
A,0,1419,0,0.049389056861400604,0.0007920792597483193,0,0,3
A,0,2828,0,0.49708476662635803,0.0007920792597483193,1,0,5
A,0,3064,0,0.06395108252763748,0.0007920792597483193,0,0,3
A,0,3237,0,0.04773598164319992,0.0007920792597483193,0,0,3
A,0,3755,0,0.4076307713985443,0.005544554818238235,1,1,5
A,0,1255,0,0.3354031443595886,0.0007920792597483193,1,0,5
A,0,3944,0,0.21596874296665192,0.0,1,0,5
A,0,3974,7,0.4969422519207001,0.0205940607534563,1,1,5
A,0,5096,0,0.30066534876823425,0.0015841585194966386,1,1,5
A,0,558,0,0.19611787796020508,0.0007920792597483193,1,0,5
A,0,995,0,0.2221817672252655,0.0007920792597483193,1,0,5
A,0,563,0,0.004012874327600002,0.0007920792597483193,0,0,1
A,0,2734,0,0.21351279318332672,0.0007920792597483193,1,0,5
A,0,355,0,0.1705591380596161,0.0007920792597483193,1,0,5
A,0,2159,0,0.49195268750190735,0.0007920792597483193,1,0,5
A,0,3506,1,0.35418811440467834,0.0,1,0,5
A,0,887,0,0.030937178060412407,0.0007920792597483193,0,0,3
A,0,3988,0,0.18893718719482422,0.04079208239341536,1,1,5
A,0,5032,0,0.07882475852966309,0.08000000626733408,0,1,4
A,0,4620,0,0.00453230319544673,0.12079207995610997,0,1,1
A,0,4764,0,0.2265080064535141,0.002376237779244958,1,1,5
A,0,3699,0,0.012608102522790432,0.08396040256607569,0,1,2
A,0,4720,0,0.011723024770617485,0.002376237779244958,0,1,2
A,0,4030,0,0.06692212074995041,0.08237623534193957,0,1,3
A,0,3720,0,0.0032230105716735125,0.08712871960506896,0,1,1
A,0,3484,0,0.08473413437604904,0.0031683170389932773,0,1,4
A,0,3695,0,0.09018997102975845,0.04079208239341536,0,1,4
A,0,4858,0,0.022603120654821396,0.003960396298741596,0,1,2
A,0,4222,0,0.18986961245536804,0.005544554818238235,1,1,5
A,0,3386,0,0.014540331438183784,0.002376237779244958,0,1,2
A,0,3544,1,0.13208045065402985,0.005544554818238235,0,1,4
A,0,4190,0,0.3699481189250946,0.042376240912912005,1,1,5
A,0,3366,0,0.209562748670578,0.0007920792597483193,1,0,5
A,0,2638,0,0.002322776010259986,0.0007920792597483193,0,0,1
A,0,4888,0,0.00016891956329345703,0.0007920792597483193,0,0,1
A,0,1743,0,0.09291297942399979,0.0007920792597483193,0,0,4
A,0,5151,0,0.04080825299024582,0.0,0,0,3
A,0,3302,0,0.015017764642834663,0.0015841585194966386,0,1,2
A,0,2823,0,0.11720136553049088,0.0007920792597483193,0,0,4
A,0,3011,0,0.023770859465003014,0.0007920792597483193,0,0,2
A,0,1096,0,0.007660269737243652,0.0007920792597483193,0,0,1
A,0,2605,0,0.008301700465381145,0.0007920792597483193,0,0,2
B,0,3151,0,0.0684145838022232,0.0007920792597483193,0,0,3
B,0,4357,1,0.08327729254961014,0.0007920792597483193,0,0,4
B,0,2741,0,0.16782920062541962,0.0007920792597483193,1,0,5
B,0,1475,0,0.20873233675956726,0.0007920792597483193,1,0,5
B,0,206,0,0.019561409950256348,0.0007920792597483193,0,0,2
B,0,3929,0,0.672318160533905,0.0,1,0,5
B,0,5104,0,0.2165057361125946,0.0031683170389932773,1,1,5
B,0,1701,0,0.3684747517108917,0.0007920792597483193,1,0,5
B,0,1419,0,0.049389056861400604,0.0007920792597483193,0,0,3
B,0,2828,0,0.49708476662635803,0.0007920792597483193,1,0,5
B,0,3064,0,0.06395108252763748,0.0007920792597483193,0,0,3
B,0,3237,0,0.04773598164319992,0.0007920792597483193,0,0,3
B,0,3755,0,0.4076307713985443,0.005544554818238235,1,1,5
B,0,1255,0,0.3354031443595886,0.0007920792597483193,1,0,5
B,0,3944,0,0.21596874296665192,0.0,1,0,5
B,0,3421,0,0.005229813512414694,0.002376237779244958,0,1,1
B,0,4697,0,0.09108895808458328,0.041584161653163684,0,1,4
B,0,4099,0,0.0180575679987669,0.002376237779244958,0,1,2
B,0,4708,0,0.07844103872776031,0.002376237779244958,0,1,4
B,0,4020,0,0.3083796799182892,0.007920792597483193,1,1,5
B,0,3227,0,0.0733521357178688,0.002376237779244958,0,1,3
B,0,4021,0,0.25000253319740295,0.002376237779244958,1,1,5
B,0,4549,0,0.1126861572265625,0.003960396298741596,0,1,4
B,0,3535,1,0.5653811097145081,0.004752475558489916,1,1,5
B,0,4171,0,0.29145553708076477,0.002376237779244958,1,1,5
B,0,5162,1,7.408006058540195e-05,0.041584161653163684,0,1,1
B,0,4191,1,0.2840960919857025,0.04396039943240864,1,1,5
B,0,3605,0,0.057537078857421875,0.0807920855270824,0,1,3
B,0,5030,0,0.06982946395874023,0.08000000626733408,0,1,3
B,0,5102,0,0.0015296255005523562,0.12079207995610997,0,1,1
B,0,2790,0,0.07583431154489517,0.0007920792597483193,0,0,4
B,0,4082,1,3.354889940965222e-06,0.0007920792597483193,0,0,1
B,0,3612,1,0.13052861392498016,0.0007920792597483193,0,0,4
B,0,615,0,0.03625833988189697,0.0,0,0,3
B,0,464,0,0.0587640143930912,0.0007920792597483193,0,0,3
B,0,5070,0,0.08619727194309235,0.0007920792597483193,0,0,4
B,0,3366,0,0.209562748670578,0.0007920792597483193,1,0,5
B,0,2638,0,0.002322776010259986,0.0007920792597483193,0,0,1
B,0,4888,0,0.00016891956329345703,0.0007920792597483193,0,0,1
B,0,1743,0,0.09291297942399979,0.0007920792597483193,0,0,4
B,0,5151,0,0.04080825299024582,0.0,0,0,3
B,0,3302,0,0.015017764642834663,0.0015841585194966386,0,1,2
B,0,2823,0,0.11720136553049088,0.0007920792597483193,0,0,4
B,0,3011,0,0.023770859465003014,0.0007920792597483193,0,0,2
B,0,1096,0,0.007660269737243652,0.0007920792597483193,0,0,1
B,0,2605,0,0.008301700465381145,0.0007920792597483193,0,0,2
B,0,2283,0,0.01942741870880127,0.0007920792597483193,0,0,2
B,0,2097,0,0.002816813299432397,0.0007920792597483193,0,0,1
B,0,2468,0,0.12703092396259308,0.0007920792597483193,0,0,4
B,0,3280,0,0.11549709737300873,0.0007920792597483193,0,0,4
A,1,3151,0,0.08339030295610428,0.0007920792597483193,0,0,4
A,1,4357,1,0.04966415837407112,0.0007920792597483193,0,0,3
A,1,2741,0,0.033024173229932785,0.0007920792597483193,0,0,2
A,1,1475,0,0.08787757903337479,0.0007920792597483193,0,0,4
A,1,206,0,0.023004906252026558,0.0007920792597483193,0,0,2
A,1,3929,0,0.6670737862586975,0.0,1,0,5
A,1,5104,0,0.22769342362880707,0.0031683170389932773,1,1,5
A,1,1701,0,0.23956598341464996,0.0007920792597483193,1,0,5
A,1,1419,0,0.06202898547053337,0.0007920792597483193,0,0,3
A,1,2828,0,0.41809600591659546,0.0007920792597483193,1,0,5
A,1,3064,0,0.0025784969329833984,0.0007920792597483193,0,0,1
A,1,3237,0,0.05128667876124382,0.0007920792597483193,0,0,3
A,1,3755,0,0.6095209121704102,0.005544554818238235,1,1,5
A,1,1255,0,0.16488242149353027,0.0007920792597483193,1,0,5
A,1,3944,0,0.507994532585144,0.0,1,0,5
A,1,3974,7,0.6959373354911804,0.0205940607534563,1,1,5
A,1,5096,0,0.20644746720790863,0.0015841585194966386,1,1,5
A,1,558,0,0.1836017221212387,0.0007920792597483193,1,0,5
A,1,995,0,0.13470186293125153,0.0007920792597483193,0,0,4
A,1,563,0,0.051702313125133514,0.0007920792597483193,0,0,3
A,1,2734,0,0.07241351157426834,0.0007920792597483193,0,0,3
A,1,355,0,0.21605253219604492,0.0007920792597483193,1,0,5
A,1,2159,0,0.13155511021614075,0.0007920792597483193,0,0,4
A,1,3506,1,0.510199248790741,0.0,1,0,5
A,1,887,0,0.03974141553044319,0.0007920792597483193,0,0,3
A,1,3988,0,0.10969121009111404,0.04079208239341536,0,1,4
A,1,5032,0,0.15174314379692078,0.08000000626733408,1,1,5
A,1,4620,0,0.0169024970382452,0.12079207995610997,0,1,2
A,1,4764,0,0.17702661454677582,0.002376237779244958,1,1,5
A,1,3699,0,0.013263940811157227,0.08396040256607569,0,1,1
A,1,4720,0,0.04657207056879997,0.002376237779244958,0,1,3
A,1,4030,0,0.06730391085147858,0.08237623534193957,0,1,3
A,1,3720,0,0.0004729373031295836,0.08712871960506896,0,1,1
A,1,3484,0,0.5965258479118347,0.0031683170389932773,1,1,5
A,1,3695,0,0.09420841187238693,0.04079208239341536,0,1,4
A,1,4858,0,0.06299038976430893,0.003960396298741596,0,1,3
A,1,4222,0,0.17254026234149933,0.005544554818238235,1,1,5
A,1,3386,0,0.0281646940857172,0.002376237779244958,0,1,2
A,1,3544,1,0.15576253831386566,0.005544554818238235,1,1,5
A,1,4190,0,0.16070720553398132,0.042376240912912005,1,1,5
A,1,3366,0,0.0858798697590828,0.0007920792597483193,0,0,4
A,1,2638,0,0.0038708618376404047,0.0007920792597483193,0,0,1
A,1,4888,0,0.008834430016577244,0.0007920792597483193,0,0,1
A,1,1743,0,0.025540795177221298,0.0007920792597483193,0,0,2
A,1,5151,0,0.15071208775043488,0.0,1,0,5
A,1,3302,0,0.013157861307263374,0.0015841585194966386,0,1,1
A,1,2823,0,0.04015430435538292,0.0007920792597483193,0,0,3
A,1,3011,0,0.025356309488415718,0.0007920792597483193,0,0,2
A,1,1096,0,0.010711176320910454,0.0007920792597483193,0,0,1
A,1,2605,0,0.018829038366675377,0.0007920792597483193,0,0,2
B,1,3151,0,0.08339030295610428,0.0007920792597483193,0,0,4
B,1,4357,1,0.04966415837407112,0.0007920792597483193,0,0,3
B,1,2741,0,0.033024173229932785,0.0007920792597483193,0,0,2
B,1,1475,0,0.08787757903337479,0.0007920792597483193,0,0,4
B,1,206,0,0.023004906252026558,0.0007920792597483193,0,0,2
B,1,3929,0,0.6670737862586975,0.0,1,0,5
B,1,5104,0,0.22769342362880707,0.0031683170389932773,1,1,5
B,1,1701,0,0.23956598341464996,0.0007920792597483193,1,0,5
B,1,1419,0,0.06202898547053337,0.0007920792597483193,0,0,3
B,1,2828,0,0.41809600591659546,0.0007920792597483193,1,0,5
B,1,3064,0,0.0025784969329833984,0.0007920792597483193,0,0,1
B,1,3237,0,0.05128667876124382,0.0007920792597483193,0,0,3
B,1,3755,0,0.6095209121704102,0.005544554818238235,1,1,5
B,1,1255,0,0.16488242149353027,0.0007920792597483193,1,0,5
B,1,3944,0,0.507994532585144,0.0,1,0,5
B,1,3421,0,0.04127182438969612,0.002376237779244958,0,1,3
B,1,4697,0,0.06395387649536133,0.041584161653163684,0,1,3
B,1,4099,0,0.022911565378308296,0.002376237779244958,0,1,2
B,1,4708,0,0.10326801240444183,0.002376237779244958,0,1,4
B,1,4020,0,0.2056439220905304,0.007920792597483193,1,1,5
B,1,3227,0,0.08044767379760742,0.002376237779244958,0,1,4
B,1,4021,0,0.1186031922698021,0.002376237779244958,0,1,4
B,1,4549,0,0.07225175946950912,0.003960396298741596,0,1,3
B,1,3535,1,0.5472427606582642,0.004752475558489916,1,1,5
B,1,4171,0,0.19448839128017426,0.002376237779244958,1,1,5
B,1,5162,1,0.00018717561033554375,0.041584161653163684,0,1,1
B,1,4191,1,0.04220873862504959,0.04396039943240864,0,1,3
B,1,3605,0,0.07154638320207596,0.0807920855270824,0,1,3
B,1,5030,0,0.08182621002197266,0.08000000626733408,0,1,4
B,1,5102,0,0.011080622673034668,0.12079207995610997,0,1,1
B,1,2790,0,0.03243492171168327,0.0007920792597483193,0,0,2
B,1,4082,1,9.545258217258379e-05,0.0007920792597483193,0,0,1
B,1,3612,1,0.09513473510742188,0.0007920792597483193,0,0,4
B,1,615,0,0.04263443499803543,0.0,0,0,3
B,1,464,0,0.07366032153367996,0.0007920792597483193,0,0,3
B,1,5070,0,0.08306831866502762,0.0007920792597483193,0,0,4
B,1,3366,0,0.0858798697590828,0.0007920792597483193,0,0,4
B,1,2638,0,0.0038708618376404047,0.0007920792597483193,0,0,1
B,1,4888,0,0.008834430016577244,0.0007920792597483193,0,0,1
B,1,1743,0,0.025540795177221298,0.0007920792597483193,0,0,2
B,1,5151,0,0.15071208775043488,0.0,1,0,5
B,1,3302,0,0.013157861307263374,0.0015841585194966386,0,1,1
B,1,2823,0,0.04015430435538292,0.0007920792597483193,0,0,3
B,1,3011,0,0.025356309488415718,0.0007920792597483193,0,0,2
B,1,1096,0,0.010711176320910454,0.0007920792597483193,0,0,1
B,1,2605,0,0.018829038366675377,0.0007920792597483193,0,0,2
B,1,2283,0,0.016564080491662025,0.0007920792597483193,0,0,1
B,1,2097,0,0.00300952373072505,0.0007920792597483193,0,0,1
B,1,2468,0,0.1672758013010025,0.0007920792597483193,1,0,5
B,1,3280,0,0.14276348054409027,0.0007920792597483193,1,0,5
A,2,3151,0,0.27005794644355774,0.0007920792597483193,1,0,5
A,2,4357,1,0.1542137712240219,0.0007920792597483193,0,0,4
A,2,2741,0,0.11763270944356918,0.0007920792597483193,0,0,4
A,2,1475,0,0.10606320947408676,0.0007920792597483193,0,0,4
A,2,206,0,0.10165275633335114,0.0007920792597483193,0,0,4
A,2,3929,0,0.5930953025817871,0.0,1,0,5
A,2,5104,0,0.1424713283777237,0.0031683170389932773,0,1,4
A,2,1701,0,0.3120275139808655,0.0007920792597483193,1,0,5
A,2,1419,0,0.13176843523979187,0.0007920792597483193,0,0,4
A,2,2828,0,0.2602197527885437,0.0007920792597483193,1,0,5
A,2,3064,0,0.07874713838100433,0.0007920792597483193,0,0,3
A,2,3237,0,0.2561618685722351,0.0007920792597483193,1,0,5
A,2,3755,0,0.5947623252868652,0.005544554818238235,1,1,5
A,2,1255,0,0.4534495174884796,0.0007920792597483193,1,0,5
A,2,3944,0,0.541171669960022,0.0,1,0,5
A,2,3974,7,0.6049917340278625,0.0205940607534563,1,1,5
A,2,5096,0,0.3327781856060028,0.0015841585194966386,1,1,5
A,2,558,0,0.07134503871202469,0.0007920792597483193,0,0,3
A,2,995,0,0.2571479380130768,0.0007920792597483193,1,0,5
A,2,563,0,0.05123063549399376,0.0007920792597483193,0,0,3
A,2,2734,0,0.08778440952301025,0.0007920792597483193,0,0,4
A,2,355,0,0.22419391572475433,0.0007920792597483193,1,0,5
A,2,2159,0,0.24489961564540863,0.0007920792597483193,1,0,5
A,2,3506,1,0.5055893063545227,0.0,1,0,5
A,2,887,0,0.021543672308325768,0.0007920792597483193,0,0,1
A,2,3988,0,0.19232146441936493,0.04079208239341536,1,1,5
A,2,5032,0,0.10947741568088531,0.08000000626733408,0,1,4
A,2,4620,0,0.02592599391937256,0.12079207995610997,0,1,2
A,2,4764,0,0.09444829076528549,0.002376237779244958,0,1,4
A,2,3699,0,0.043882932513952255,0.08396040256607569,0,1,2
A,2,4720,0,0.09828412532806396,0.002376237779244958,0,1,4
A,2,4030,0,0.05859282985329628,0.08237623534193957,0,1,3
A,2,3720,0,0.013777494430541992,0.08712871960506896,0,1,1
A,2,3484,0,0.45208385586738586,0.0031683170389932773,1,1,5
A,2,3695,0,0.06587351858615875,0.04079208239341536,0,1,3
A,2,4858,0,0.1003023236989975,0.003960396298741596,0,1,4
A,2,4222,0,0.2646205723285675,0.005544554818238235,1,1,5
A,2,3386,0,0.03229909390211105,0.002376237779244958,0,1,2
A,2,3544,1,0.33715763688087463,0.005544554818238235,1,1,5
A,2,4190,0,0.24932943284511566,0.042376240912912005,1,1,5
A,2,3366,0,0.1029544249176979,0.0007920792597483193,0,0,4
A,2,2638,0,0.0015153884887695312,0.0007920792597483193,0,0,1
A,2,4888,0,0.020446810871362686,0.0007920792597483193,0,0,1
A,2,1743,0,0.3039475381374359,0.0007920792597483193,1,0,5
A,2,5151,0,0.17101475596427917,0.0,1,0,5
A,2,3302,0,0.031173381954431534,0.0015841585194966386,0,1,2
A,2,2823,0,0.21080388128757477,0.0007920792597483193,1,0,5
A,2,3011,0,0.034112486988306046,0.0007920792597483193,0,0,2
A,2,1096,0,0.02627638354897499,0.0007920792597483193,0,0,2
A,2,2605,0,0.003675052197650075,0.0007920792597483193,0,0,1
B,2,3151,0,0.27005794644355774,0.0007920792597483193,1,0,5
B,2,4357,1,0.1542137712240219,0.0007920792597483193,0,0,4
B,2,2741,0,0.11763270944356918,0.0007920792597483193,0,0,4
B,2,1475,0,0.10606320947408676,0.0007920792597483193,0,0,4
B,2,206,0,0.10165275633335114,0.0007920792597483193,0,0,4
B,2,3929,0,0.5930953025817871,0.0,1,0,5
B,2,5104,0,0.1424713283777237,0.0031683170389932773,0,1,4
B,2,1701,0,0.3120275139808655,0.0007920792597483193,1,0,5
B,2,1419,0,0.13176843523979187,0.0007920792597483193,0,0,4
B,2,2828,0,0.2602197527885437,0.0007920792597483193,1,0,5
B,2,3064,0,0.07874713838100433,0.0007920792597483193,0,0,3
B,2,3237,0,0.2561618685722351,0.0007920792597483193,1,0,5
B,2,3755,0,0.5947623252868652,0.005544554818238235,1,1,5
B,2,1255,0,0.4534495174884796,0.0007920792597483193,1,0,5
B,2,3944,0,0.541171669960022,0.0,1,0,5
B,2,3421,0,0.004708834923803806,0.002376237779244958,0,1,1
B,2,4697,0,0.10968245565891266,0.041584161653163684,0,1,4
B,2,4099,0,0.12981809675693512,0.002376237779244958,0,1,4
B,2,4708,0,0.07111457735300064,0.002376237779244958,0,1,3
B,2,4020,0,0.25176531076431274,0.007920792597483193,1,1,5
B,2,3227,0,0.05417552962899208,0.002376237779244958,0,1,3
B,2,4021,0,0.18374259769916534,0.002376237779244958,1,1,5
B,2,4549,0,0.0805160328745842,0.003960396298741596,0,1,3
B,2,3535,1,0.617048442363739,0.004752475558489916,1,1,5
B,2,4171,0,0.32048675417900085,0.002376237779244958,1,1,5
B,2,5162,1,0.0002753904846031219,0.041584161653163684,0,1,1
B,2,4191,1,0.13092604279518127,0.04396039943240864,0,1,4
B,2,3605,0,0.08930577337741852,0.0807920855270824,0,1,4
B,2,5030,0,0.10157424956560135,0.08000000626733408,0,1,4
B,2,5102,0,0.013979264535009861,0.12079207995610997,0,1,1
B,2,2790,0,0.0163935087621212,0.0007920792597483193,0,0,1
B,2,4082,1,0.00131504877936095,0.0007920792597483193,0,0,1
B,2,3612,1,0.09248372167348862,0.0007920792597483193,0,0,4
B,2,615,0,0.04367971420288086,0.0,0,0,2
B,2,464,0,0.06606108695268631,0.0007920792597483193,0,0,3
B,2,5070,0,0.157632514834404,0.0007920792597483193,0,0,4
B,2,3366,0,0.1029544249176979,0.0007920792597483193,0,0,4
B,2,2638,0,0.0015153884887695312,0.0007920792597483193,0,0,1
B,2,4888,0,0.020446810871362686,0.0007920792597483193,0,0,1
B,2,1743,0,0.3039475381374359,0.0007920792597483193,1,0,5
B,2,5151,0,0.17101475596427917,0.0,1,0,5
B,2,3302,0,0.031173381954431534,0.0015841585194966386,0,1,2
B,2,2823,0,0.21080388128757477,0.0007920792597483193,1,0,5
B,2,3011,0,0.034112486988306046,0.0007920792597483193,0,0,2
B,2,1096,0,0.02627638354897499,0.0007920792597483193,0,0,2
B,2,2605,0,0.003675052197650075,0.0007920792597483193,0,0,1
B,2,2283,0,0.056010279804468155,0.0007920792597483193,0,0,3
B,2,2097,0,0.02495064027607441,0.0007920792597483193,0,0,2
B,2,2468,0,0.013134343549609184,0.0007920792597483193,0,0,1
B,2,3280,0,0.07801205664873123,0.0007920792597483193,0,0,3
A,3,3151,0,0.0073893410153687,0.0007920792597483193,0,0,1
A,3,4357,1,0.11986783891916275,0.0007920792597483193,0,0,4
A,3,2741,0,0.176433727145195,0.0007920792597483193,1,0,5
A,3,1475,0,0.13920031487941742,0.0007920792597483193,0,0,4
A,3,206,0,0.150404691696167,0.0007920792597483193,0,0,4
A,3,3929,0,0.7514665722846985,0.0,1,0,5
A,3,5104,0,0.20172889530658722,0.0031683170389932773,1,1,5
A,3,1701,0,0.4623248279094696,0.0007920792597483193,1,0,5
A,3,1419,0,0.2859392762184143,0.0007920792597483193,1,0,5
A,3,2828,0,0.16859695315361023,0.0007920792597483193,1,0,5
A,3,3064,0,0.029506733641028404,0.0007920792597483193,0,0,2
A,3,3237,0,0.33437639474868774,0.0007920792597483193,1,0,5
A,3,3755,0,0.409100741147995,0.005544554818238235,1,1,5
A,3,1255,0,0.3896879553794861,0.0007920792597483193,1,0,5
A,3,3944,0,0.21870721876621246,0.0,1,0,5
A,3,3974,7,0.8288713097572327,0.0205940607534563,1,1,5
A,3,5096,0,0.19521453976631165,0.0015841585194966386,1,1,5
A,3,558,0,0.061872873455286026,0.0007920792597483193,0,0,3
A,3,995,0,0.1581641286611557,0.0007920792597483193,0,0,4
A,3,563,0,0.033673983067274094,0.0007920792597483193,0,0,2
A,3,2734,0,0.3249610364437103,0.0007920792597483193,1,0,5
A,3,355,0,0.1582501232624054,0.0007920792597483193,0,0,4
A,3,2159,0,0.19302375614643097,0.0007920792597483193,1,0,5
A,3,3506,1,0.2241242229938507,0.0,1,0,5
A,3,887,0,0.05584222823381424,0.0007920792597483193,0,0,3
A,3,3988,0,0.06841637194156647,0.04079208239341536,0,1,3
A,3,5032,0,0.2627071738243103,0.08000000626733408,1,1,5
A,3,4620,0,0.015656879171729088,0.12079207995610997,0,1,2
A,3,4764,0,0.14169590175151825,0.002376237779244958,0,1,4
A,3,3699,0,0.011588692665100098,0.08396040256607569,0,1,1
A,3,4720,0,0.23832212388515472,0.002376237779244958,1,1,5
A,3,4030,0,0.11557475477457047,0.08237623534193957,0,1,4
A,3,3720,0,0.028332266956567764,0.08712871960506896,0,1,2
A,3,3484,0,0.18788740038871765,0.0031683170389932773,1,1,5
A,3,3695,0,0.10984250158071518,0.04079208239341536,0,1,4
A,3,4858,0,0.044086627662181854,0.003960396298741596,0,1,3
A,3,4222,0,0.19192783534526825,0.005544554818238235,1,1,5
A,3,3386,0,0.013756121508777142,0.002376237779244958,0,1,2
A,3,3544,1,0.22314299643039703,0.005544554818238235,1,1,5
A,3,4190,0,0.14256763458251953,0.042376240912912005,0,1,4
A,3,3366,0,0.07241756469011307,0.0007920792597483193,0,0,3
A,3,2638,0,0.002993072848767042,0.0007920792597483193,0,0,1
A,3,4888,0,0.017560329288244247,0.0007920792597483193,0,0,2
A,3,1743,0,0.035355787724256516,0.0007920792597483193,0,0,2
A,3,5151,0,0.2708428204059601,0.0,1,0,5
A,3,3302,0,0.025189876556396484,0.0015841585194966386,0,1,2
A,3,2823,0,0.17303194105625153,0.0007920792597483193,1,0,5
A,3,3011,0,0.0036542245652526617,0.0007920792597483193,0,0,1
A,3,1096,0,0.03627548739314079,0.0007920792597483193,0,0,2
A,3,2605,0,0.002870474476367235,0.0007920792597483193,0,0,1
B,3,3151,0,0.0073893410153687,0.0007920792597483193,0,0,1
B,3,4357,1,0.11986783891916275,0.0007920792597483193,0,0,4
B,3,2741,0,0.176433727145195,0.0007920792597483193,1,0,5
B,3,1475,0,0.13920031487941742,0.0007920792597483193,0,0,4
B,3,206,0,0.150404691696167,0.0007920792597483193,0,0,4
B,3,3929,0,0.7514665722846985,0.0,1,0,5
B,3,5104,0,0.20172889530658722,0.0031683170389932773,1,1,5
B,3,1701,0,0.4623248279094696,0.0007920792597483193,1,0,5
B,3,1419,0,0.2859392762184143,0.0007920792597483193,1,0,5
B,3,2828,0,0.16859695315361023,0.0007920792597483193,1,0,5
B,3,3064,0,0.029506733641028404,0.0007920792597483193,0,0,2
B,3,3237,0,0.33437639474868774,0.0007920792597483193,1,0,5
B,3,3755,0,0.409100741147995,0.005544554818238235,1,1,5
B,3,1255,0,0.3896879553794861,0.0007920792597483193,1,0,5
B,3,3944,0,0.21870721876621246,0.0,1,0,5
B,3,3421,0,0.0048966920003294945,0.002376237779244958,0,1,1
B,3,4697,0,0.0451674647629261,0.041584161653163684,0,1,3
B,3,4099,0,0.14287808537483215,0.002376237779244958,0,1,4
B,3,4708,0,0.11166911572217941,0.002376237779244958,0,1,4
B,3,4020,0,0.25951194763183594,0.007920792597483193,1,1,5
B,3,3227,0,0.04386741667985916,0.002376237779244958,0,1,3
B,3,4021,0,0.2754906713962555,0.002376237779244958,1,1,5
B,3,4549,0,0.10120618343353271,0.003960396298741596,0,1,4
B,3,3535,1,0.589989185333252,0.004752475558489916,1,1,5
B,3,4171,0,0.1360073983669281,0.002376237779244958,0,1,4
B,3,5162,1,2.777576446533203e-05,0.041584161653163684,0,1,1
B,3,4191,1,0.2383289337158203,0.04396039943240864,1,1,5
B,3,3605,0,0.1478683203458786,0.0807920855270824,0,1,4
B,3,5030,0,0.05760674923658371,0.08000000626733408,0,1,3
B,3,5102,0,0.015874028205871582,0.12079207995610997,0,1,2
B,3,2790,0,0.021186640486121178,0.0007920792597483193,0,0,2
B,3,4082,1,9.53503986238502e-05,0.0007920792597483193,0,0,1
B,3,3612,1,0.10152431577444077,0.0007920792597483193,0,0,4
B,3,615,0,0.009328926913440228,0.0,0,0,1
B,3,464,0,0.21406780183315277,0.0007920792597483193,1,0,5
B,3,5070,0,0.04051051661372185,0.0007920792597483193,0,0,3
B,3,3366,0,0.07241756469011307,0.0007920792597483193,0,0,3
B,3,2638,0,0.002993072848767042,0.0007920792597483193,0,0,1
B,3,4888,0,0.017560329288244247,0.0007920792597483193,0,0,2
B,3,1743,0,0.035355787724256516,0.0007920792597483193,0,0,2
B,3,5151,0,0.2708428204059601,0.0,1,0,5
B,3,3302,0,0.025189876556396484,0.0015841585194966386,0,1,2
B,3,2823,0,0.17303194105625153,0.0007920792597483193,1,0,5
B,3,3011,0,0.0036542245652526617,0.0007920792597483193,0,0,1
B,3,1096,0,0.03627548739314079,0.0007920792597483193,0,0,2
B,3,2605,0,0.002870474476367235,0.0007920792597483193,0,0,1
B,3,2283,0,0.0175190307199955,0.0007920792597483193,0,0,2
B,3,2097,0,0.0067838942632079124,0.0007920792597483193,0,0,1
B,3,2468,0,0.07776053994894028,0.0007920792597483193,0,0,3
B,3,3280,0,0.1208910122513771,0.0007920792597483193,0,0,4
A,4,3151,0,0.16526386141777039,0.0007920792597483193,0,0,4
A,4,4357,1,0.062016624957323074,0.0007920792597483193,0,0,3
A,4,2741,0,0.21215669810771942,0.0007920792597483193,1,0,5
A,4,1475,0,0.1622241586446762,0.0007920792597483193,0,0,4
A,4,206,0,0.09425181895494461,0.0007920792597483193,0,0,3
A,4,3929,0,0.6980324983596802,0.0,1,0,5
A,4,5104,0,0.32810649275779724,0.0031683170389932773,1,1,5
A,4,1701,0,0.2167939841747284,0.0007920792597483193,1,0,5
A,4,1419,0,0.16875049471855164,0.0007920792597483193,0,0,4
A,4,2828,0,0.29421380162239075,0.0007920792597483193,1,0,5
A,4,3064,0,0.3439297676086426,0.0007920792597483193,1,0,5
A,4,3237,0,0.1660824567079544,0.0007920792597483193,0,0,4
A,4,3755,0,0.5935952067375183,0.005544554818238235,1,1,5
A,4,1255,0,0.2382214367389679,0.0007920792597483193,1,0,5
A,4,3944,0,0.596281886100769,0.0,1,0,5
A,4,3974,7,0.8332375884056091,0.0205940607534563,1,1,5
A,4,5096,0,0.30963069200515747,0.0015841585194966386,1,1,5
A,4,558,0,0.21021665632724762,0.0007920792597483193,1,0,5
A,4,995,0,0.10616005957126617,0.0007920792597483193,0,0,3
A,4,563,0,0.026906609535217285,0.0007920792597483193,0,0,2
A,4,2734,0,0.34544113278388977,0.0007920792597483193,1,0,5
A,4,355,0,0.2054002583026886,0.0007920792597483193,1,0,5
A,4,2159,0,0.1659754067659378,0.0007920792597483193,0,0,4
A,4,3506,1,0.5181347727775574,0.0,1,0,5
A,4,887,0,0.04933098331093788,0.0007920792597483193,0,0,2
A,4,3988,0,0.1949998289346695,0.04079208239341536,1,1,5
A,4,5032,0,0.2774328291416168,0.08000000626733408,1,1,5
A,4,4620,0,0.0568939633667469,0.12079207995610997,0,1,2
A,4,4764,0,0.1147376298904419,0.002376237779244958,0,1,4
A,4,3699,0,0.05471903830766678,0.08396040256607569,0,1,2
A,4,4720,0,0.27698448300361633,0.002376237779244958,1,1,5
A,4,4030,0,0.07771074771881104,0.08237623534193957,0,1,3
A,4,3720,0,0.050682101398706436,0.08712871960506896,0,1,2
A,4,3484,0,0.06799905747175217,0.0031683170389932773,0,1,3
A,4,3695,0,0.07668650150299072,0.04079208239341536,0,1,3
A,4,4858,0,0.0789557546377182,0.003960396298741596,0,1,3
A,4,4222,0,0.3383674621582031,0.005544554818238235,1,1,5
A,4,3386,0,0.02907763235270977,0.002376237779244958,0,1,2
A,4,3544,1,0.20809997618198395,0.005544554818238235,1,1,5
A,4,4190,0,0.38984888792037964,0.042376240912912005,1,1,5
A,4,3366,0,0.10308868438005447,0.0007920792597483193,0,0,3
A,4,2638,0,0.008441039361059666,0.0007920792597483193,0,0,1
A,4,4888,0,0.006844776216894388,0.0007920792597483193,0,0,1
A,4,1743,0,0.02710786834359169,0.0007920792597483193,0,0,2
A,4,5151,0,0.147177055478096,0.0,0,0,4
A,4,3302,0,0.03308173641562462,0.0015841585194966386,0,1,2
A,4,2823,0,0.760037362575531,0.0007920792597483193,1,0,5
A,4,3011,0,0.014836038462817669,0.0007920792597483193,0,0,1
A,4,1096,0,0.012922389432787895,0.0007920792597483193,0,0,1
A,4,2605,0,0.013654538430273533,0.0007920792597483193,0,0,1
B,4,3151,0,0.16526386141777039,0.0007920792597483193,0,0,4
B,4,4357,1,0.062016624957323074,0.0007920792597483193,0,0,3
B,4,2741,0,0.21215669810771942,0.0007920792597483193,1,0,5
B,4,1475,0,0.1622241586446762,0.0007920792597483193,0,0,4
B,4,206,0,0.09425181895494461,0.0007920792597483193,0,0,3
B,4,3929,0,0.6980324983596802,0.0,1,0,5
B,4,5104,0,0.32810649275779724,0.0031683170389932773,1,1,5
B,4,1701,0,0.2167939841747284,0.0007920792597483193,1,0,5
B,4,1419,0,0.16875049471855164,0.0007920792597483193,0,0,4
B,4,2828,0,0.29421380162239075,0.0007920792597483193,1,0,5
B,4,3064,0,0.3439297676086426,0.0007920792597483193,1,0,5
B,4,3237,0,0.1660824567079544,0.0007920792597483193,0,0,4
B,4,3755,0,0.5935952067375183,0.005544554818238235,1,1,5
B,4,1255,0,0.2382214367389679,0.0007920792597483193,1,0,5
B,4,3944,0,0.596281886100769,0.0,1,0,5
B,4,3421,0,0.010815893299877644,0.002376237779244958,0,1,1
B,4,4697,0,0.0840160995721817,0.041584161653163684,0,1,3
B,4,4099,0,0.14369069039821625,0.002376237779244958,0,1,4
B,4,4708,0,0.10860060155391693,0.002376237779244958,0,1,4
B,4,4020,0,0.2886870205402374,0.007920792597483193,1,1,5
B,4,3227,0,0.07044058293104172,0.002376237779244958,0,1,3
B,4,4021,0,0.16287215054035187,0.002376237779244958,0,1,4
B,4,4549,0,0.2199600785970688,0.003960396298741596,1,1,5
B,4,3535,1,0.5360487103462219,0.004752475558489916,1,1,5
B,4,4171,0,0.2572306990623474,0.002376237779244958,1,1,5
B,4,5162,1,7.031644781818613e-05,0.041584161653163684,0,1,1
B,4,4191,1,0.051156435161828995,0.04396039943240864,0,1,2
B,4,3605,0,0.13274893164634705,0.0807920855270824,0,1,4
B,4,5030,0,0.08354580402374268,0.08000000626733408,0,1,3
B,4,5102,0,0.020140426233410835,0.12079207995610997,0,1,1
B,4,2790,0,0.02806086279451847,0.0007920792597483193,0,0,2
B,4,4082,1,2.4846622181939892e-05,0.0007920792597483193,0,0,1
B,4,3612,1,0.10515879094600677,0.0007920792597483193,0,0,3
B,4,615,0,0.04673583060503006,0.0,0,0,2
B,4,464,0,0.24023811519145966,0.0007920792597483193,1,0,5
B,4,5070,0,0.09082470834255219,0.0007920792597483193,0,0,3
B,4,3366,0,0.10308868438005447,0.0007920792597483193,0,0,3
B,4,2638,0,0.008441039361059666,0.0007920792597483193,0,0,1
B,4,4888,0,0.006844776216894388,0.0007920792597483193,0,0,1
B,4,1743,0,0.02710786834359169,0.0007920792597483193,0,0,2
B,4,5151,0,0.147177055478096,0.0,0,0,4
B,4,3302,0,0.03308173641562462,0.0015841585194966386,0,1,2
B,4,2823,0,0.760037362575531,0.0007920792597483193,1,0,5
B,4,3011,0,0.014836038462817669,0.0007920792597483193,0,0,1
B,4,1096,0,0.012922389432787895,0.0007920792597483193,0,0,1
B,4,2605,0,0.013654538430273533,0.0007920792597483193,0,0,1
B,4,2283,0,0.05829787254333496,0.0007920792597483193,0,0,3
B,4,2097,0,0.0490557961165905,0.0007920792597483193,0,0,2
B,4,2468,0,0.060779351741075516,0.0007920792597483193,0,0,3
B,4,3280,0,0.11871436983346939,0.0007920792597483193,0,0,4
A,5,3151,0,0.13929960131645203,0.0007920792597483193,0,0,4
A,5,4357,1,0.05912443622946739,0.0007920792597483193,0,0,3
A,5,2741,0,0.10387641936540604,0.0007920792597483193,0,0,4
A,5,1475,0,0.12078949064016342,0.0007920792597483193,0,0,4
A,5,206,0,0.02957846410572529,0.0007920792597483193,0,0,2
A,5,3929,0,0.7319522500038147,0.0,1,0,5
A,5,5104,0,0.18055351078510284,0.0031683170389932773,1,1,5
A,5,1701,0,0.3806997835636139,0.0007920792597483193,1,0,5
A,5,1419,0,0.26586827635765076,0.0007920792597483193,1,0,5
A,5,2828,0,0.4924502968788147,0.0007920792597483193,1,0,5
A,5,3064,0,0.0010592767503112555,0.0007920792597483193,0,0,1
A,5,3237,0,0.09875961393117905,0.0007920792597483193,0,0,4
A,5,3755,0,0.6679600477218628,0.005544554818238235,1,1,5
A,5,1255,0,0.30373892188072205,0.0007920792597483193,1,0,5
A,5,3944,0,0.6284030675888062,0.0,1,0,5
A,5,3974,7,0.49561411142349243,0.0205940607534563,1,1,5
A,5,5096,0,0.24138328433036804,0.0015841585194966386,1,1,5
A,5,558,0,0.034150343388319016,0.0007920792597483193,0,0,2
A,5,995,0,0.35199594497680664,0.0007920792597483193,1,0,5
A,5,563,0,0.05057406425476074,0.0007920792597483193,0,0,3
A,5,2734,0,0.11654990166425705,0.0007920792597483193,0,0,4
A,5,355,0,0.17378857731819153,0.0007920792597483193,0,0,4
A,5,2159,0,0.4660305380821228,0.0007920792597483193,1,0,5
A,5,3506,1,0.5441471338272095,0.0,1,0,5
A,5,887,0,0.21002210676670074,0.0007920792597483193,1,0,5
A,5,3988,0,0.26362210512161255,0.04079208239341536,1,1,5
A,5,5032,0,0.18669761717319489,0.08000000626733408,1,1,5
A,5,4620,0,0.0843423455953598,0.12079207995610997,0,1,3
A,5,4764,0,0.13311101496219635,0.002376237779244958,0,1,4
A,5,3699,0,0.09644269943237305,0.08396040256607569,0,1,4
A,5,4720,0,0.27700430154800415,0.002376237779244958,1,1,5
A,5,4030,0,0.02538408525288105,0.08237623534193957,0,1,2
A,5,3720,0,0.008141721598803997,0.08712871960506896,0,1,1
A,5,3484,0,0.0010689666960388422,0.0031683170389932773,0,1,1
A,5,3695,0,0.08067850023508072,0.04079208239341536,0,1,3
A,5,4858,0,0.05220184847712517,0.003960396298741596,0,1,3
A,5,4222,0,0.2948344051837921,0.005544554818238235,1,1,5
A,5,3386,0,0.03677679970860481,0.002376237779244958,0,1,2
A,5,3544,1,0.1729452908039093,0.005544554818238235,0,1,4
A,5,4190,0,0.18304075300693512,0.042376240912912005,1,1,5
A,5,3366,0,0.06011760234832764,0.0007920792597483193,0,0,3
A,5,2638,0,0.003430332522839308,0.0007920792597483193,0,0,1
A,5,4888,0,0.027065584436058998,0.0007920792597483193,0,0,2
A,5,1743,0,0.03345748409628868,0.0007920792597483193,0,0,2
A,5,5151,0,0.14277851581573486,0.0,0,0,4
A,5,3302,0,0.0888790413737297,0.0015841585194966386,0,1,3
A,5,2823,0,0.11055313050746918,0.0007920792597483193,0,0,4
A,5,3011,0,0.11890224367380142,0.0007920792597483193,0,0,4
A,5,1096,0,0.006612471304833889,0.0007920792597483193,0,0,1
A,5,2605,0,0.0050342935137450695,0.0007920792597483193,0,0,1
B,5,3151,0,0.13929960131645203,0.0007920792597483193,0,0,4
B,5,4357,1,0.05912443622946739,0.0007920792597483193,0,0,3
B,5,2741,0,0.10387641936540604,0.0007920792597483193,0,0,4
B,5,1475,0,0.12078949064016342,0.0007920792597483193,0,0,4
B,5,206,0,0.02957846410572529,0.0007920792597483193,0,0,2
B,5,3929,0,0.7319522500038147,0.0,1,0,5
B,5,5104,0,0.18055351078510284,0.0031683170389932773,1,1,5
B,5,1701,0,0.3806997835636139,0.0007920792597483193,1,0,5
B,5,1419,0,0.26586827635765076,0.0007920792597483193,1,0,5
B,5,2828,0,0.4924502968788147,0.0007920792597483193,1,0,5
B,5,3064,0,0.0010592767503112555,0.0007920792597483193,0,0,1
B,5,3237,0,0.09875961393117905,0.0007920792597483193,0,0,4
B,5,3755,0,0.6679600477218628,0.005544554818238235,1,1,5
B,5,1255,0,0.30373892188072205,0.0007920792597483193,1,0,5
B,5,3944,0,0.6284030675888062,0.0,1,0,5
B,5,3421,0,0.02963181957602501,0.002376237779244958,0,1,2
B,5,4697,0,0.05258345603942871,0.041584161653163684,0,1,3
B,5,4099,0,0.09445314854383469,0.002376237779244958,0,1,3
B,5,4708,0,0.17261645197868347,0.002376237779244958,0,1,4
B,5,4020,0,0.2569986879825592,0.007920792597483193,1,1,5
B,5,3227,0,0.08067601174116135,0.002376237779244958,0,1,3
B,5,4021,0,0.24278156459331512,0.002376237779244958,1,1,5
B,5,4549,0,0.15195737779140472,0.003960396298741596,0,1,4
B,5,3535,1,0.6718659400939941,0.004752475558489916,1,1,5
B,5,4171,0,0.22269412875175476,0.002376237779244958,1,1,5
B,5,5162,1,0.001389673794619739,0.041584161653163684,0,1,1
B,5,4191,1,0.025120940059423447,0.04396039943240864,0,1,2
B,5,3605,0,0.1592322736978531,0.0807920855270824,0,1,4
B,5,5030,0,0.18530066311359406,0.08000000626733408,1,1,5
B,5,5102,0,0.04000333324074745,0.12079207995610997,0,1,2
B,5,2790,0,0.014683638699352741,0.0007920792597483193,0,0,1
B,5,4082,1,0.0008848394500091672,0.0007920792597483193,0,0,1
B,5,3612,1,0.15077169239521027,0.0007920792597483193,0,0,4
B,5,615,0,0.02607595920562744,0.0,0,0,2
B,5,464,0,0.14183637499809265,0.0007920792597483193,0,0,4
B,5,5070,0,0.13310956954956055,0.0007920792597483193,0,0,4
B,5,3366,0,0.06011760234832764,0.0007920792597483193,0,0,3
B,5,2638,0,0.003430332522839308,0.0007920792597483193,0,0,1
B,5,4888,0,0.027065584436058998,0.0007920792597483193,0,0,2
B,5,1743,0,0.03345748409628868,0.0007920792597483193,0,0,2
B,5,5151,0,0.14277851581573486,0.0,0,0,4
B,5,3302,0,0.0888790413737297,0.0015841585194966386,0,1,3
B,5,2823,0,0.11055313050746918,0.0007920792597483193,0,0,4
B,5,3011,0,0.11890224367380142,0.0007920792597483193,0,0,4
B,5,1096,0,0.006612471304833889,0.0007920792597483193,0,0,1
B,5,2605,0,0.0050342935137450695,0.0007920792597483193,0,0,1
B,5,2283,0,0.0873793512582779,0.0007920792597483193,0,0,3
B,5,2097,0,0.012001479975879192,0.0007920792597483193,0,0,1
B,5,2468,0,0.07109444588422775,0.0007920792597483193,0,0,3
B,5,3280,0,0.13669873774051666,0.0007920792597483193,0,0,4
A,6,3151,0,0.2217288762331009,0.0007920792597483193,1,0,5
A,6,4357,1,0.22857801616191864,0.0007920792597483193,1,0,5
A,6,2741,0,0.08832420408725739,0.0007920792597483193,0,0,3
A,6,1475,0,0.11863364279270172,0.0007920792597483193,0,0,4
A,6,206,0,0.12228824198246002,0.0007920792597483193,0,0,4
A,6,3929,0,0.8023315072059631,0.0,1,0,5
A,6,5104,0,0.16454574465751648,0.0031683170389932773,0,1,4
A,6,1701,0,0.4223715662956238,0.0007920792597483193,1,0,5
A,6,1419,0,0.22716614603996277,0.0007920792597483193,1,0,5
A,6,2828,0,0.20681023597717285,0.0007920792597483193,1,0,5
A,6,3064,0,0.1894184798002243,0.0007920792597483193,0,0,4
A,6,3237,0,0.39200255274772644,0.0007920792597483193,1,0,5
A,6,3755,0,0.5484480857849121,0.005544554818238235,1,1,5
A,6,1255,0,0.34301647543907166,0.0007920792597483193,1,0,5
A,6,3944,0,0.6389915347099304,0.0,1,0,5
A,6,3974,7,0.6686285138130188,0.0205940607534563,1,1,5
A,6,5096,0,0.31500107049942017,0.0015841585194966386,1,1,5
A,6,558,0,0.11871671676635742,0.0007920792597483193,0,0,4
A,6,995,0,0.29363495111465454,0.0007920792597483193,1,0,5
A,6,563,0,0.10422223061323166,0.0007920792597483193,0,0,3
A,6,2734,0,0.1966339498758316,0.0007920792597483193,1,0,5
A,6,355,0,0.20816169679164886,0.0007920792597483193,1,0,5
A,6,2159,0,0.3670961260795593,0.0007920792597483193,1,0,5
A,6,3506,1,0.39727863669395447,0.0,1,0,5
A,6,887,0,0.07185254991054535,0.0007920792597483193,0,0,3
A,6,3988,0,0.10606662184000015,0.04079208239341536,0,1,3
A,6,5032,0,0.1760837733745575,0.08000000626733408,0,1,4
A,6,4620,0,0.10985473543405533,0.12079207995610997,0,1,3
A,6,4764,0,0.19273583590984344,0.002376237779244958,1,1,5
A,6,3699,0,0.06035389378666878,0.08396040256607569,0,1,2
A,6,4720,0,0.16647174954414368,0.002376237779244958,0,1,4
A,6,4030,0,0.09460314363241196,0.08237623534193957,0,1,3
A,6,3720,0,0.0045645409263670444,0.08712871960506896,0,1,1
A,6,3484,0,0.7367141842842102,0.0031683170389932773,1,1,5
A,6,3695,0,0.062078509479761124,0.04079208239341536,0,1,2
A,6,4858,0,0.17968402802944183,0.003960396298741596,0,1,4
A,6,4222,0,0.316569060087204,0.005544554818238235,1,1,5
A,6,3386,0,0.02733612060546875,0.002376237779244958,0,1,1
A,6,3544,1,0.24262301623821259,0.005544554818238235,1,1,5
A,6,4190,0,0.22050663828849792,0.042376240912912005,1,1,5
A,6,3366,0,0.05492693930864334,0.0007920792597483193,0,0,2
A,6,2638,0,0.003086090087890625,0.0007920792597483193,0,0,1
A,6,4888,0,0.04396843910217285,0.0007920792597483193,0,0,2
A,6,1743,0,0.06539678573608398,0.0007920792597483193,0,0,2
A,6,5151,0,0.2917177379131317,0.0,1,0,5
A,6,3302,0,0.09758792817592621,0.0015841585194966386,0,1,3
A,6,2823,0,0.43231910467147827,0.0007920792597483193,1,0,5
A,6,3011,0,0.039665527641773224,0.0007920792597483193,0,0,2
A,6,1096,0,0.0311706755310297,0.0007920792597483193,0,0,1
A,6,2605,0,0.010194743983447552,0.0007920792597483193,0,0,1
B,6,3151,0,0.2217288762331009,0.0007920792597483193,1,0,5
B,6,4357,1,0.22857801616191864,0.0007920792597483193,1,0,5
B,6,2741,0,0.08832420408725739,0.0007920792597483193,0,0,3
B,6,1475,0,0.11863364279270172,0.0007920792597483193,0,0,4
B,6,206,0,0.12228824198246002,0.0007920792597483193,0,0,4
B,6,3929,0,0.8023315072059631,0.0,1,0,5
B,6,5104,0,0.16454574465751648,0.0031683170389932773,0,1,4
B,6,1701,0,0.4223715662956238,0.0007920792597483193,1,0,5
B,6,1419,0,0.22716614603996277,0.0007920792597483193,1,0,5
B,6,2828,0,0.20681023597717285,0.0007920792597483193,1,0,5
B,6,3064,0,0.1894184798002243,0.0007920792597483193,0,0,4
B,6,3237,0,0.39200255274772644,0.0007920792597483193,1,0,5
B,6,3755,0,0.5484480857849121,0.005544554818238235,1,1,5
B,6,1255,0,0.34301647543907166,0.0007920792597483193,1,0,5
B,6,3944,0,0.6389915347099304,0.0,1,0,5
B,6,3421,0,0.032752327620983124,0.002376237779244958,0,1,1
B,6,4697,0,0.2051267921924591,0.041584161653163684,1,1,5
B,6,4099,0,0.08907083421945572,0.002376237779244958,0,1,3
B,6,4708,0,0.10882127285003662,0.002376237779244958,0,1,3
B,6,4020,0,0.1757582277059555,0.007920792597483193,0,1,4
B,6,3227,0,0.06860167533159256,0.002376237779244958,0,1,2
B,6,4021,0,0.26393046975135803,0.002376237779244958,1,1,5
B,6,4549,0,0.08637474477291107,0.003960396298741596,0,1,3
B,6,3535,1,0.5137448906898499,0.004752475558489916,1,1,5
B,6,4171,0,0.3686356544494629,0.002376237779244958,1,1,5
B,6,5162,1,0.002701231511309743,0.041584161653163684,0,1,1
B,6,4191,1,0.10298453271389008,0.04396039943240864,0,1,3
B,6,3605,0,0.07914955168962479,0.0807920855270824,0,1,3
B,6,5030,0,0.1697104275226593,0.08000000626733408,0,1,4
B,6,5102,0,0.08745213598012924,0.12079207995610997,0,1,3
B,6,2790,0,0.10452481359243393,0.0007920792597483193,0,0,3
B,6,4082,1,0.0003742320113815367,0.0007920792597483193,0,0,1
B,6,3612,1,0.1036057323217392,0.0007920792597483193,0,0,3
B,6,615,0,0.022605368867516518,0.0,0,0,1
B,6,464,0,0.12378193438053131,0.0007920792597483193,0,0,4
B,6,5070,0,0.17303861677646637,0.0007920792597483193,0,0,4
B,6,3366,0,0.05492693930864334,0.0007920792597483193,0,0,2
B,6,2638,0,0.003086090087890625,0.0007920792597483193,0,0,1
B,6,4888,0,0.04396843910217285,0.0007920792597483193,0,0,2
B,6,1743,0,0.06539678573608398,0.0007920792597483193,0,0,2
B,6,5151,0,0.2917177379131317,0.0,1,0,5
B,6,3302,0,0.09758792817592621,0.0015841585194966386,0,1,3
B,6,2823,0,0.43231910467147827,0.0007920792597483193,1,0,5
B,6,3011,0,0.039665527641773224,0.0007920792597483193,0,0,2
B,6,1096,0,0.0311706755310297,0.0007920792597483193,0,0,1
B,6,2605,0,0.010194743983447552,0.0007920792597483193,0,0,1
B,6,2283,0,0.05867462605237961,0.0007920792597483193,0,0,2
B,6,2097,0,0.0889478251338005,0.0007920792597483193,0,0,3
B,6,2468,0,0.06150203198194504,0.0007920792597483193,0,0,2
B,6,3280,0,0.10977368801832199,0.0007920792597483193,0,0,3
A,7,3151,0,0.3628191351890564,0.0007920792597483193,1,0,5
A,7,4357,1,0.06006084010004997,0.0007920792597483193,0,0,3
A,7,2741,0,0.1302168220281601,0.0007920792597483193,0,0,4
A,7,1475,0,0.25654855370521545,0.0007920792597483193,1,0,5
A,7,206,0,0.11296326667070389,0.0007920792597483193,0,0,4
A,7,3929,0,0.736993670463562,0.0,1,0,5
A,7,5104,0,0.14858558773994446,0.0031683170389932773,0,1,4
A,7,1701,0,0.34331512451171875,0.0007920792597483193,1,0,5
A,7,1419,0,0.19108030200004578,0.0007920792597483193,1,0,5
A,7,2828,0,0.5182772874832153,0.0007920792597483193,1,0,5
A,7,3064,0,0.004784277640283108,0.0007920792597483193,0,0,1
A,7,3237,0,0.27956515550613403,0.0007920792597483193,1,0,5
A,7,3755,0,0.6596258878707886,0.005544554818238235,1,1,5
A,7,1255,0,0.47375789284706116,0.0007920792597483193,1,0,5
A,7,3944,0,0.27884727716445923,0.0,1,0,5
A,7,3974,7,0.8177816271781921,0.0205940607534563,1,1,5
A,7,5096,0,0.3293590545654297,0.0015841585194966386,1,1,5
A,7,558,0,0.14255285263061523,0.0007920792597483193,0,0,4
A,7,995,0,0.1824905127286911,0.0007920792597483193,1,0,5
A,7,563,0,0.04324529692530632,0.0007920792597483193,0,0,3
A,7,2734,0,0.20875103771686554,0.0007920792597483193,1,0,5
A,7,355,0,0.23615071177482605,0.0007920792597483193,1,0,5
A,7,2159,0,0.027999792248010635,0.0007920792597483193,0,0,2
A,7,3506,1,0.4728313088417053,0.0,1,0,5
A,7,887,0,0.0162897277623415,0.0007920792597483193,0,0,1
A,7,3988,0,0.11290960758924484,0.04079208239341536,0,1,4
A,7,5032,0,0.13399268686771393,0.08000000626733408,0,1,4
A,7,4620,0,0.03827628120779991,0.12079207995610997,0,1,2
A,7,4764,0,0.07196329534053802,0.002376237779244958,0,1,3
A,7,3699,0,0.024144938215613365,0.08396040256607569,0,1,2
A,7,4720,0,0.11517041176557541,0.002376237779244958,0,1,4
A,7,4030,0,0.1105840876698494,0.08237623534193957,0,1,4
A,7,3720,0,0.037883929908275604,0.08712871960506896,0,1,2
A,7,3484,0,0.8829816579818726,0.0031683170389932773,1,1,5
A,7,3695,0,0.100089892745018,0.04079208239341536,0,1,4
A,7,4858,0,0.04349682852625847,0.003960396298741596,0,1,3
A,7,4222,0,0.36242738366127014,0.005544554818238235,1,1,5
A,7,3386,0,0.03901996091008186,0.002376237779244958,0,1,2
A,7,3544,1,0.27585315704345703,0.005544554818238235,1,1,5
A,7,4190,0,0.33608362078666687,0.042376240912912005,1,1,5
A,7,3366,0,0.13768956065177917,0.0007920792597483193,0,0,4
A,7,2638,0,0.025023970752954483,0.0007920792597483193,0,0,2
A,7,4888,0,0.0055165970697999,0.0007920792597483193,0,0,1
A,7,1743,0,0.20719191431999207,0.0007920792597483193,1,0,5
A,7,5151,0,0.11946920305490494,0.0,0,0,4
A,7,3302,0,0.035731587558984756,0.0015841585194966386,0,1,2
A,7,2823,0,0.5174157023429871,0.0007920792597483193,1,0,5
A,7,3011,0,0.010647467337548733,0.0007920792597483193,0,0,1
A,7,1096,0,0.015634894371032715,0.0007920792597483193,0,0,1
A,7,2605,0,0.012655342929065228,0.0007920792597483193,0,0,1
B,7,3151,0,0.3628191351890564,0.0007920792597483193,1,0,5
B,7,4357,1,0.06006084010004997,0.0007920792597483193,0,0,3
B,7,2741,0,0.1302168220281601,0.0007920792597483193,0,0,4
B,7,1475,0,0.25654855370521545,0.0007920792597483193,1,0,5
B,7,206,0,0.11296326667070389,0.0007920792597483193,0,0,4
B,7,3929,0,0.736993670463562,0.0,1,0,5
B,7,5104,0,0.14858558773994446,0.0031683170389932773,0,1,4
B,7,1701,0,0.34331512451171875,0.0007920792597483193,1,0,5
B,7,1419,0,0.19108030200004578,0.0007920792597483193,1,0,5
B,7,2828,0,0.5182772874832153,0.0007920792597483193,1,0,5
B,7,3064,0,0.004784277640283108,0.0007920792597483193,0,0,1
B,7,3237,0,0.27956515550613403,0.0007920792597483193,1,0,5
B,7,3755,0,0.6596258878707886,0.005544554818238235,1,1,5
B,7,1255,0,0.47375789284706116,0.0007920792597483193,1,0,5
B,7,3944,0,0.27884727716445923,0.0,1,0,5
B,7,3421,0,0.009062869474291801,0.002376237779244958,0,1,1
B,7,4697,0,0.14806914329528809,0.041584161653163684,0,1,4
B,7,4099,0,0.049730267375707626,0.002376237779244958,0,1,3
B,7,4708,0,0.0676782950758934,0.002376237779244958,0,1,3
B,7,4020,0,0.24888767302036285,0.007920792597483193,1,1,5
B,7,3227,0,0.10593591630458832,0.002376237779244958,0,1,4
B,7,4021,0,0.18475545942783356,0.002376237779244958,1,1,5
B,7,4549,0,0.03452684357762337,0.003960396298741596,0,1,2
B,7,3535,1,0.6888349652290344,0.004752475558489916,1,1,5
B,7,4171,0,0.4229544997215271,0.002376237779244958,1,1,5
B,7,5162,1,0.00016750607755966485,0.041584161653163684,0,1,1
B,7,4191,1,0.12479384988546371,0.04396039943240864,0,1,4
B,7,3605,0,0.04764725640416145,0.0807920855270824,0,1,3
B,7,5030,0,0.1356169432401657,0.08000000626733408,0,1,4
B,7,5102,0,0.017343265935778618,0.12079207995610997,0,1,1
B,7,2790,0,0.018751008436083794,0.0007920792597483193,0,0,2
B,7,4082,1,2.602168569865171e-05,0.0007920792597483193,0,0,1
B,7,3612,1,0.09233728796243668,0.0007920792597483193,0,0,4
B,7,615,0,0.02800055965781212,0.0,0,0,2
B,7,464,0,0.061634402722120285,0.0007920792597483193,0,0,3
B,7,5070,0,0.1324574500322342,0.0007920792597483193,0,0,4
B,7,3366,0,0.13768956065177917,0.0007920792597483193,0,0,4
B,7,2638,0,0.025023970752954483,0.0007920792597483193,0,0,2
B,7,4888,0,0.0055165970697999,0.0007920792597483193,0,0,1
B,7,1743,0,0.20719191431999207,0.0007920792597483193,1,0,5
B,7,5151,0,0.11946920305490494,0.0,0,0,4
B,7,3302,0,0.035731587558984756,0.0015841585194966386,0,1,2
B,7,2823,0,0.5174157023429871,0.0007920792597483193,1,0,5
B,7,3011,0,0.010647467337548733,0.0007920792597483193,0,0,1
B,7,1096,0,0.015634894371032715,0.0007920792597483193,0,0,1
B,7,2605,0,0.012655342929065228,0.0007920792597483193,0,0,1
B,7,2283,0,0.00933849811553955,0.0007920792597483193,0,0,1
B,7,2097,0,0.00867453683167696,0.0007920792597483193,0,0,1
B,7,2468,0,0.03526745364069939,0.0007920792597483193,0,0,2
B,7,3280,0,0.11364781856536865,0.0007920792597483193,0,0,4
A,8,3151,0,0.08843249827623367,0.0007920792597483193,0,0,3
A,8,4357,1,0.14432069659233093,0.0007920792597483193,0,0,4
A,8,2741,0,0.07778798043727875,0.0007920792597483193,0,0,3
A,8,1475,0,0.1258324682712555,0.0007920792597483193,0,0,4
A,8,206,0,0.043165989220142365,0.0007920792597483193,0,0,2
A,8,3929,0,0.7271353602409363,0.0,1,0,5
A,8,5104,0,0.34194478392601013,0.0031683170389932773,1,1,5
A,8,1701,0,0.308400958776474,0.0007920792597483193,1,0,5
A,8,1419,0,0.30295705795288086,0.0007920792597483193,1,0,5
A,8,2828,0,0.38893958926200867,0.0007920792597483193,1,0,5
A,8,3064,0,0.011617354117333889,0.0007920792597483193,0,0,1
A,8,3237,0,0.12727539241313934,0.0007920792597483193,0,0,4
A,8,3755,0,0.6217590570449829,0.005544554818238235,1,1,5
A,8,1255,0,0.20224659144878387,0.0007920792597483193,1,0,5
A,8,3944,0,0.6915207505226135,0.0,1,0,5
A,8,3974,7,0.8284550309181213,0.0205940607534563,1,1,5
A,8,5096,0,0.34054309129714966,0.0015841585194966386,1,1,5
A,8,558,0,0.1936877816915512,0.0007920792597483193,1,0,5
A,8,995,0,0.18824365735054016,0.0007920792597483193,1,0,5
A,8,563,0,0.06052689999341965,0.0007920792597483193,0,0,3
A,8,2734,0,0.13363978266716003,0.0007920792597483193,0,0,4
A,8,355,0,0.1671547144651413,0.0007920792597483193,1,0,5
A,8,2159,0,0.46527835726737976,0.0007920792597483193,1,0,5
A,8,3506,1,0.3605276644229889,0.0,1,0,5
A,8,887,0,0.04785098508000374,0.0007920792597483193,0,0,2
A,8,3988,0,0.14811597764492035,0.04079208239341536,0,1,4
A,8,5032,0,0.1979992687702179,0.08000000626733408,1,1,5
A,8,4620,0,0.022455045953392982,0.12079207995610997,0,1,1
A,8,4764,0,0.11081026494503021,0.002376237779244958,0,1,4
A,8,3699,0,0.05864272639155388,0.08396040256607569,0,1,2
A,8,4720,0,0.11129992455244064,0.002376237779244958,0,1,4
A,8,4030,0,0.06338940560817719,0.08237623534193957,0,1,3
A,8,3720,0,0.014276300556957722,0.08712871960506896,0,1,1
A,8,3484,0,0.4091127812862396,0.0031683170389932773,1,1,5
A,8,3695,0,0.10188053548336029,0.04079208239341536,0,1,4
A,8,4858,0,0.08519972860813141,0.003960396298741596,0,1,3
A,8,4222,0,0.1720496565103531,0.005544554818238235,1,1,5
A,8,3386,0,0.06871908158063889,0.002376237779244958,0,1,3
A,8,3544,1,0.29941579699516296,0.005544554818238235,1,1,5
A,8,4190,0,0.25968509912490845,0.042376240912912005,1,1,5
A,8,3366,0,0.1136840209364891,0.0007920792597483193,0,0,4
A,8,2638,0,0.025058235973119736,0.0007920792597483193,0,0,1
A,8,4888,0,0.015817420557141304,0.0007920792597483193,0,0,1
A,8,1743,0,0.11901737749576569,0.0007920792597483193,0,0,4
A,8,5151,0,0.25997090339660645,0.0,1,0,5
A,8,3302,0,0.052646126598119736,0.0015841585194966386,0,1,2
A,8,2823,0,0.05287088826298714,0.0007920792597483193,0,0,2
A,8,3011,0,0.02242537960410118,0.0007920792597483193,0,0,1
A,8,1096,0,0.04493119195103645,0.0007920792597483193,0,0,2
A,8,2605,0,0.042704563587903976,0.0007920792597483193,0,0,2
B,8,3151,0,0.08843249827623367,0.0007920792597483193,0,0,3
B,8,4357,1,0.14432069659233093,0.0007920792597483193,0,0,4
B,8,2741,0,0.07778798043727875,0.0007920792597483193,0,0,3
B,8,1475,0,0.1258324682712555,0.0007920792597483193,0,0,4
B,8,206,0,0.043165989220142365,0.0007920792597483193,0,0,2
B,8,3929,0,0.7271353602409363,0.0,1,0,5
B,8,5104,0,0.34194478392601013,0.0031683170389932773,1,1,5
B,8,1701,0,0.308400958776474,0.0007920792597483193,1,0,5
B,8,1419,0,0.30295705795288086,0.0007920792597483193,1,0,5
B,8,2828,0,0.38893958926200867,0.0007920792597483193,1,0,5
B,8,3064,0,0.011617354117333889,0.0007920792597483193,0,0,1
B,8,3237,0,0.12727539241313934,0.0007920792597483193,0,0,4
B,8,3755,0,0.6217590570449829,0.005544554818238235,1,1,5
B,8,1255,0,0.20224659144878387,0.0007920792597483193,1,0,5
B,8,3944,0,0.6915207505226135,0.0,1,0,5
B,8,3421,0,0.013540012761950493,0.002376237779244958,0,1,1
B,8,4697,0,0.07693016529083252,0.041584161653163684,0,1,3
B,8,4099,0,0.08602441847324371,0.002376237779244958,0,1,3
B,8,4708,0,0.08135194331407547,0.002376237779244958,0,1,3
B,8,4020,0,0.17942707240581512,0.007920792597483193,1,1,5
B,8,3227,0,0.09954951703548431,0.002376237779244958,0,1,4
B,8,4021,0,0.17599132657051086,0.002376237779244958,1,1,5
B,8,4549,0,0.19042791426181793,0.003960396298741596,1,1,5
B,8,3535,1,0.6807084083557129,0.004752475558489916,1,1,5
B,8,4171,0,0.21365968883037567,0.002376237779244958,1,1,5
B,8,5162,1,0.0028507879469543695,0.041584161653163684,0,1,1
B,8,4191,1,0.19809338450431824,0.04396039943240864,1,1,5
B,8,3605,0,0.1936095803976059,0.0807920855270824,1,1,5
B,8,5030,0,0.07703083008527756,0.08000000626733408,0,1,3
B,8,5102,0,0.023541977629065514,0.12079207995610997,0,1,1
B,8,2790,0,0.02525840513408184,0.0007920792597483193,0,0,1
B,8,4082,1,0.0002990620560012758,0.0007920792597483193,0,0,1
B,8,3612,1,0.08578293770551682,0.0007920792597483193,0,0,3
B,8,615,0,0.032886844128370285,0.0,0,0,2
B,8,464,0,0.14072582125663757,0.0007920792597483193,0,0,4
B,8,5070,0,0.1292017698287964,0.0007920792597483193,0,0,4
B,8,3366,0,0.1136840209364891,0.0007920792597483193,0,0,4
B,8,2638,0,0.025058235973119736,0.0007920792597483193,0,0,1
B,8,4888,0,0.015817420557141304,0.0007920792597483193,0,0,1
B,8,1743,0,0.11901737749576569,0.0007920792597483193,0,0,4
B,8,5151,0,0.25997090339660645,0.0,1,0,5
B,8,3302,0,0.052646126598119736,0.0015841585194966386,0,1,2
B,8,2823,0,0.05287088826298714,0.0007920792597483193,0,0,2
B,8,3011,0,0.02242537960410118,0.0007920792597483193,0,0,1
B,8,1096,0,0.04493119195103645,0.0007920792597483193,0,0,2
B,8,2605,0,0.042704563587903976,0.0007920792597483193,0,0,2
B,8,2283,0,0.08960770070552826,0.0007920792597483193,0,0,3
B,8,2097,0,0.04405331611633301,0.0007920792597483193,0,0,2
B,8,2468,0,0.07662664353847504,0.0007920792597483193,0,0,3
B,8,3280,0,0.09796219319105148,0.0007920792597483193,0,0,4
A,9,3151,0,0.01883530616760254,0.0007920792597483193,0,0,1
A,9,4357,1,0.055400438606739044,0.0007920792597483193,0,0,2
A,9,2741,0,0.24964973330497742,0.0007920792597483193,1,0,5
A,9,1475,0,0.13029885292053223,0.0007920792597483193,0,0,4
A,9,206,0,0.14780031144618988,0.0007920792597483193,0,0,4
A,9,3929,0,0.6226392388343811,0.0,1,0,5
A,9,5104,0,0.25713542103767395,0.0031683170389932773,1,1,5
A,9,1701,0,0.2815452218055725,0.0007920792597483193,1,0,5
A,9,1419,0,0.17265436053276062,0.0007920792597483193,0,0,4
A,9,2828,0,0.2557640075683594,0.0007920792597483193,1,0,5
A,9,3064,0,0.000226344374823384,0.0007920792597483193,0,0,1
A,9,3237,0,0.08922585099935532,0.0007920792597483193,0,0,3
A,9,3755,0,0.5011883974075317,0.005544554818238235,1,1,5
A,9,1255,0,0.09134312719106674,0.0007920792597483193,0,0,3
A,9,3944,0,0.5067937970161438,0.0,1,0,5
A,9,3974,7,0.580955445766449,0.0205940607534563,1,1,5
A,9,5096,0,0.17679831385612488,0.0015841585194966386,0,1,4
A,9,558,0,0.030863353982567787,0.0007920792597483193,0,0,2
A,9,995,0,0.2751067578792572,0.0007920792597483193,1,0,5
A,9,563,0,0.06366542726755142,0.0007920792597483193,0,0,3
A,9,2734,0,0.3634704053401947,0.0007920792597483193,1,0,5
A,9,355,0,0.21483969688415527,0.0007920792597483193,1,0,5
A,9,2159,0,0.5406370759010315,0.0007920792597483193,1,0,5
A,9,3506,1,0.43111664056777954,0.0,1,0,5
A,9,887,0,0.12250564992427826,0.0007920792597483193,0,0,4
A,9,3988,0,0.1056630089879036,0.04079208239341536,0,1,3
A,9,5032,0,0.2115795910358429,0.08000000626733408,1,1,5
A,9,4620,0,0.04026859253644943,0.12079207995610997,0,1,2
A,9,4764,0,0.14661113917827606,0.002376237779244958,0,1,4
A,9,3699,0,0.06555056571960449,0.08396040256607569,0,1,3
A,9,4720,0,0.1666271984577179,0.002376237779244958,0,1,4
A,9,4030,0,0.01809653267264366,0.08237623534193957,0,1,1
A,9,3720,0,0.007642728742212057,0.08712871960506896,0,1,1
A,9,3484,0,0.6205719113349915,0.0031683170389932773,1,1,5
A,9,3695,0,0.09758015722036362,0.04079208239341536,0,1,3
A,9,4858,0,0.18912138044834137,0.003960396298741596,0,1,4
A,9,4222,0,0.19960729777812958,0.005544554818238235,1,1,5
A,9,3386,0,0.053039174526929855,0.002376237779244958,0,1,2
A,9,3544,1,0.14521053433418274,0.005544554818238235,0,1,4
A,9,4190,0,0.18007339537143707,0.042376240912912005,0,1,4
A,9,3366,0,0.0697910264134407,0.0007920792597483193,0,0,3
A,9,2638,0,0.005956870969384909,0.0007920792597483193,0,0,1
A,9,4888,0,0.029592683538794518,0.0007920792597483193,0,0,2
A,9,1743,0,0.012626051902770996,0.0007920792597483193,0,0,1
A,9,5151,0,0.1285928189754486,0.0,0,0,4
A,9,3302,0,0.10172200202941895,0.0015841585194966386,0,1,3
A,9,2823,0,0.6302114129066467,0.0007920792597483193,1,0,5
A,9,3011,0,0.1178465262055397,0.0007920792597483193,0,0,4
A,9,1096,0,0.022421445697546005,0.0007920792597483193,0,0,1
A,9,2605,0,0.01649080030620098,0.0007920792597483193,0,0,1
B,9,3151,0,0.01883530616760254,0.0007920792597483193,0,0,1
B,9,4357,1,0.055400438606739044,0.0007920792597483193,0,0,2
B,9,2741,0,0.24964973330497742,0.0007920792597483193,1,0,5
B,9,1475,0,0.13029885292053223,0.0007920792597483193,0,0,4
B,9,206,0,0.14780031144618988,0.0007920792597483193,0,0,4
B,9,3929,0,0.6226392388343811,0.0,1,0,5
B,9,5104,0,0.25713542103767395,0.0031683170389932773,1,1,5
B,9,1701,0,0.2815452218055725,0.0007920792597483193,1,0,5
B,9,1419,0,0.17265436053276062,0.0007920792597483193,0,0,4
B,9,2828,0,0.2557640075683594,0.0007920792597483193,1,0,5
B,9,3064,0,0.000226344374823384,0.0007920792597483193,0,0,1
B,9,3237,0,0.08922585099935532,0.0007920792597483193,0,0,3
B,9,3755,0,0.5011883974075317,0.005544554818238235,1,1,5
B,9,1255,0,0.09134312719106674,0.0007920792597483193,0,0,3
B,9,3944,0,0.5067937970161438,0.0,1,0,5
B,9,3421,0,0.022361943498253822,0.002376237779244958,0,1,1
B,9,4697,0,0.07099674642086029,0.041584161653163684,0,1,3
B,9,4099,0,0.06299833208322525,0.002376237779244958,0,1,3
B,9,4708,0,0.06105942279100418,0.002376237779244958,0,1,3
B,9,4020,0,0.2803208529949188,0.007920792597483193,1,1,5
B,9,3227,0,0.0672416016459465,0.002376237779244958,0,1,3
B,9,4021,0,0.27074894309043884,0.002376237779244958,1,1,5
B,9,4549,0,0.13204659521579742,0.003960396298741596,0,1,4
B,9,3535,1,0.6427447199821472,0.004752475558489916,1,1,5
B,9,4171,0,0.1323065310716629,0.002376237779244958,0,1,4
B,9,5162,1,0.0003636734909377992,0.041584161653163684,0,1,1
B,9,4191,1,0.02938389778137207,0.04396039943240864,0,1,2
B,9,3605,0,0.1464761644601822,0.0807920855270824,0,1,4
B,9,5030,0,0.1603696644306183,0.08000000626733408,0,1,4
B,9,5102,0,0.03840792179107666,0.12079207995610997,0,1,2
B,9,2790,0,0.041939157992601395,0.0007920792597483193,0,0,2
B,9,4082,1,4.76837158203125e-06,0.0007920792597483193,0,0,1
B,9,3612,1,0.15519721806049347,0.0007920792597483193,0,0,4
B,9,615,0,0.1608992964029312,0.0,0,0,4
B,9,464,0,0.1763879954814911,0.0007920792597483193,0,0,4
B,9,5070,0,0.04912304878234863,0.0007920792597483193,0,0,2
B,9,3366,0,0.0697910264134407,0.0007920792597483193,0,0,3
B,9,2638,0,0.005956870969384909,0.0007920792597483193,0,0,1
B,9,4888,0,0.029592683538794518,0.0007920792597483193,0,0,2
B,9,1743,0,0.012626051902770996,0.0007920792597483193,0,0,1
B,9,5151,0,0.1285928189754486,0.0,0,0,4
B,9,3302,0,0.10172200202941895,0.0015841585194966386,0,1,3
B,9,2823,0,0.6302114129066467,0.0007920792597483193,1,0,5
B,9,3011,0,0.1178465262055397,0.0007920792597483193,0,0,4
B,9,1096,0,0.022421445697546005,0.0007920792597483193,0,0,1
B,9,2605,0,0.01649080030620098,0.0007920792597483193,0,0,1
B,9,2283,0,0.016485895961523056,0.0007920792597483193,0,0,1
B,9,2097,0,0.1563277244567871,0.0007920792597483193,0,0,4
B,9,2468,0,0.1757298856973648,0.0007920792597483193,0,0,4
B,9,3280,0,0.135359987616539,0.0007920792597483193,0,0,4
